{"timestamp":"2026-09-04T20:50:02.958Z","action":"memory.get","actor":"若兰","target":"若兰","result":"success","detail":"{\"agent\":\"若兰\",\"count\":3570}","audit_id":"audit_1788555002958_vjd2"}
{"timestamp":"2026-09-04T20:50:03.042Z","action":"memory.get","actor":"若兰","target":"若兰","result":"success","detail":"{\"agent\":\"若兰\",\"count\":3570}","audit_id":"audit_1788555003042_wg9q"}
{"timestamp":"2026-09-04T20:50:10.640Z","action":"memory.get","actor":"若兰","target":"若兰","result":"success","detail":"{\"agent\":\"若兰\",\"count\":3570}","audit_id":"audit_1788555010640_dwhw"}
{"timestamp":"2026-09-04T20:51:42.720Z","action":"memory.add","actor":"dream","target":"若兰","result":"success","detail":"{\"agent\":\"若兰\",\"type\":\"decision\",\"structural_weight\":0.6}","audit_id":"audit_1788555102720_hpgq"}
{"timestamp":"2026-09-04T20:51:42.880Z","action":"memory.add","actor":"dream","target":"若兰","result":"success","detail":"{\"agent\":\"若兰\",\"type\":\"decision\",\"structural_weight\":0.6}","audit_id":"audit_1788555102880_3tm2"}
{"timestamp":"2026-09-04T20:51:43.000Z","action":"memory.add","actor":"dream","target":"若兰","result":"success","detail":"{\"agent\":\"若兰\",\"type\":\"decision\",\"structural_weight\":0.6}","audit_id":"audit_1788555103000_7iq4"}
{"timestamp":"2026-09-04T20:51:43.155Z","action":"memory.add","actor":"dream","target":"若兰","result":"success","detail":"{\"agent\":\"若兰\",\"type\":\"milestone\",\"structural_weight\":0.6}","audit_id":"audit_1788555103155_7ykn"}
{"timestamp":"2026-09-04T20:51:43.267Z","action":"memory.add","actor":"dream","target":"若兰","result":"success","detail":"{\"agent\":\"若兰\",\"type\":\"milestone\",\"structural_weight\":0.6}","audit_id":"audit_1788555103267_6u23"}
{"timestamp":"2026-09-04T20:51:43.400Z","action":"memory.add","actor":"dream","target":"若兰","result":"success","detail":"{\"agent\":\"若兰\",\"type\":\"decision\",\"structural_weight\":0.6}","audit_id":"audit_1788555103400_600j"}
{"timestamp":"2026-09-04T20:51:43.535Z","action":"memory.add","actor":"dream","target":"若兰","result":"success","detail":"{\"agent\":\"若兰\",\"type\":\"milestone\",\"structural_weight\":0.6}","audit_id":"audit_1788555103535_fhh5"}
{"timestamp":"2026-09-04T20:51:47.197Z","action":"memory.add","actor":"dream","target":"若兰","result":"success","detail":"{\"agent\":\"若兰\",\"type\":\"milestone\",\"structural_weight\":0.6}","audit_id":"audit_1788555107197_bhys"}
{"timestamp":"2026-09-04T20:51:47.310Z","action":"memory.add","actor":"dream","target":"若兰","result":"success","detail":"{\"agent\":\"若兰\",\"type\":\"decision\",\"structural_weight\":0.6}","audit_id":"audit_1788555107310_78gq"}
{"timestamp":"2026-09-04T20:51:47.454Z","action":"memory.add","actor":"dream","target":"若兰","result":"success","detail":"{\"agent\":\"若兰\",\"type\":\"decision\",\"structural_weight\":0.6}","audit_id":"audit_1788555107454_f1yx"}
{"timestamp":"2026-09-04T20:51:47.833Z","action":"memory.add","actor":"dream","target":"若兰","result":"success","detail":"{\"agent\":\"若兰\",\"type\":\"milestone\",\"structural_weight\":0.6}","audit_id":"audit_1788555107833_rylj"}
{"timestamp":"2026-09-04T20:51:47.966Z","action":"memory.add","actor":"dream","target":"若兰","result":"success","detail":"{\"agent\":\"若兰\",\"type\":\"milestone\",\"structural_weight\":0.6}","audit_id":"audit_1788555107966_pk22"}
{"timestamp":"2026-09-04T20:51:48.286Z","action":"memory.add","actor":"dream","target":"若兰","result":"success","detail":"{\"agent\":\"若兰\",\"type\":\"milestone\",\"structural_weight\":0.6}","audit_id":"audit_1788555108286_c24r"}
{"timestamp":"2026-09-04T20:51:48.415Z","action":"memory.add","actor":"dream","target":"若兰","result":"success","detail":"{\"agent\":\"若兰\",\"type\":\"milestone\",\"structural_weight\":0.6}","audit_id":"audit_1788555108415_eivn"}
{"timestamp":"2026-09-04T20:51:48.528Z","action":"memory.add","actor":"dream","target":"若兰","result":"success","detail":"{\"agent\":\"若兰\",\"type\":\"milestone\",\"structural_weight\":0.6}","audit_id":"audit_1788555108528_4j01"}
{"timestamp":"2026-09-04T20:51:48.660Z","action":"memory.add","actor":"dream","target":"若兰","result":"success","detail":"{\"agent\":\"若兰\",\"type\":\"decision\",\"structural_weight\":0.6}","audit_id":"audit_1788555108660_j3hv"}
{"timestamp":"2026-09-04T20:51:48.777Z","action":"memory.add","actor":"dream","target":"若兰","result":"success","detail":"{\"agent\":\"若兰\",\"type\":\"decision\",\"structural_weight\":0.6}","audit_id":"audit_1788555108777_tao7"}
{"timestamp":"2026-09-04T20:51:48.893Z","action":"memory.add","actor":"dream","target":"若兰","result":"success","detail":"{\"agent\":\"若兰\",\"type\":\"milestone\",\"structural_weight\":0.6}","audit_id":"audit_1788555108893_bn6e"}
{"timestamp":"2026-09-04T20:51:49.003Z","action":"memory.add","actor":"dream","target":"若兰","result":"success","detail":"{\"agent\":\"若兰\",\"type\":\"milestone\",\"structural_weight\":0.6}","audit_id":"audit_1788555109003_4oz2"}
{"timestamp":"2026-09-04T20:51:49.149Z","action":"memory.add","actor":"dream","target":"若兰","result":"success","detail":"{\"agent\":\"若兰\",\"type\":\"milestone\",\"structural_weight\":0.6}","audit_id":"audit_1788555109149_ss61"}
{"timestamp":"2026-09-04T20:51:49.272Z","action":"memory.add","actor":"dream","target":"若兰","result":"success","detail":"{\"agent\":\"若兰\",\"type\":\"milestone\",\"structural_weight\":0.6}","audit_id":"audit_1788555109272_cxv8"}
{"timestamp":"2026-09-04T20:51:49.451Z","action":"memory.add","actor":"dream","target":"若兰","result":"success","detail":"{\"agent\":\"若兰\",\"type\":\"milestone\",\"structural_weight\":0.6}","audit_id":"audit_1788555109451_euan"}
{"timestamp":"2026-09-04T20:51:49.696Z","action":"memory.add","actor":"dream","target":"若兰","result":"success","detail":"{\"agent\":\"若兰\",\"type\":\"decision\",\"structural_weight\":0.6}","audit_id":"audit_1788555109696_89rz"}
{"timestamp":"2026-09-04T20:51:49.809Z","action":"memory.add","actor":"dream","target":"若兰","result":"success","detail":"{\"agent\":\"若兰\",\"type\":\"decision\",\"structural_weight\":0.6}","audit_id":"audit_1788555109809_yhc7"}
{"timestamp":"2026-09-04T20:51:50.140Z","action":"memory.add","actor":"dream","target":"若兰","result":"success","detail":"{\"agent\":\"若兰\",\"type\":\"decision\",\"structural_weight\":0.6}","audit_id":"audit_1788555110140_k09m"}
{"timestamp":"2026-09-04T20:51:50.304Z","action":"memory.add","actor":"dream","target":"若兰","result":"success","detail":"{\"agent\":\"若兰\",\"type\":\"decision\",\"structural_weight\":0.6}","audit_id":"audit_1788555110304_y318"}
{"timestamp":"2026-09-04T20:51:50.431Z","action":"memory.add","actor":"dream","target":"若兰","result":"success","detail":"{\"agent\":\"若兰\",\"type\":\"milestone\",\"structural_weight\":0.6}","audit_id":"audit_1788555110431_6g76"}
{"timestamp":"2026-09-04T20:51:51.039Z","action":"memory.get","actor":"若兰","target":"若兰","result":"success","detail":"{\"agent\":\"若兰\",\"count\":3597}","audit_id":"audit_1788555111039_akmn"}
{"timestamp":"2026-09-05T02:20:44.271Z","action":"memory.add","actor":"若兰","target":"测试Agent","result":"success","detail":"{\"agent\":\"测试Agent\",\"confidence\":\"medium\",\"structural_weight\":0}","audit_id":"audit_1788574844271_gy9o"}
{"timestamp":"2026-09-05T02:20:44.277Z","action":"memory.get","actor":"若兰","target":"测试Agent","result":"success","detail":"{\"agent\":\"测试Agent\",\"count\":1}","audit_id":"audit_1788574844277_ndy9"}
{"timestamp":"2026-09-05T02:20:44.284Z","action":"memory.add","actor":"若兰","target":"测试Agent","result":"success","detail":"{\"agent\":\"测试Agent\",\"structural_weight\":0.8}","audit_id":"audit_1788574844284_bij9"}
{"timestamp":"2026-09-05T02:20:44.293Z","action":"memory.get","actor":"若兰","target":"测试Agent","result":"success","detail":"{\"agent\":\"测试Agent\",\"count\":2}","audit_id":"audit_1788574844293_x95z"}
{"timestamp":"2026-09-05T02:20:44.301Z","action":"memory.add","actor":"若兰","target":"测试Agent","result":"success","detail":"{\"agent\":\"测试Agent\",\"structural_weight\":0}","audit_id":"audit_1788574844301_kakt"}
{"timestamp":"2026-09-05T02:20:44.309Z","action":"memory.get","actor":"若兰","target":"测试Agent","result":"success","detail":"{\"agent\":\"测试Agent\",\"count\":3}","audit_id":"audit_1788574844309_xbv4"}
{"timestamp":"2026-09-05T02:20:44.317Z","action":"memory.get","actor":"若兰","target":"测试Agent","result":"success","detail":"{\"agent\":\"测试Agent\",\"count\":3}","audit_id":"audit_1788574844317_4yg6"}
{"timestamp":"2026-09-05T02:20:44.322Z","action":"memory.query","actor":"若兰","target":"测试Agent","result":"success","detail":"{\"agent\":\"测试Agent\",\"count\":3}","audit_id":"audit_1788574844322_axz9"}
{"timestamp":"2026-09-05T02:20:44.338Z","action":"memory.get","actor":"若兰","target":"test_agent","result":"success","detail":"{\"agent\":\"test_agent\",\"count\":45}","audit_id":"audit_1788574844338_winr"}
{"timestamp":"2026-09-05T02:20:44.350Z","action":"memory.get","actor":"若兰","target":"回归Agent","result":"success","detail":"{\"agent\":\"回归Agent\",\"count\":0}","audit_id":"audit_1788574844350_g5fi"}
{"timestamp":"2026-09-05T02:20:44.362Z","action":"memory.get","actor":"若兰","target":"测试Agent","result":"success","detail":"{\"agent\":\"测试Agent\",\"count\":3}","audit_id":"audit_1788574844362_374g"}
{"timestamp":"2026-09-05T02:20:44.480Z","action":"memory.get","actor":"若兰","target":"若兰","result":"success","detail":"{\"agent\":\"若兰\",\"count\":3597}","audit_id":"audit_1788574844480_sojb"}
{"timestamp":"2026-09-05T02:20:44.486Z","action":"memory.query","actor":"若兰","target":"","result":"success","detail":"{\"count\":2}","audit_id":"audit_1788574844486_560z"}
{"timestamp":"2026-09-05T02:20:44.501Z","action":"memory.get","actor":"若兰","target":"test_agent","result":"success","detail":"{\"agent\":\"test_agent\",\"count\":45}","audit_id":"audit_1788574844501_82xo"}
{"timestamp":"2026-09-05T02:20:44.506Z","action":"memory.get","actor":"若兰","target":"回归Agent","result":"success","detail":"{\"agent\":\"回归Agent\",\"count\":0}","audit_id":"audit_1788574844506_uzop"}
{"timestamp":"2026-09-05T02:20:44.511Z","action":"memory.get","actor":"若兰","target":"测试Agent","result":"success","detail":"{\"agent\":\"测试Agent\",\"count\":3}","audit_id":"audit_1788574844511_ecdr"}
{"timestamp":"2026-09-05T02:20:44.581Z","action":"memory.get","actor":"若兰","target":"若兰","result":"success","detail":"{\"agent\":\"若兰\",\"count\":3597}","audit_id":"audit_1788574844581_oofr"}
{"timestamp":"2026-09-05T02:20:44.593Z","action":"memory.query","actor":"若兰","target":"","result":"success","detail":"{\"count\":3}","audit_id":"audit_1788574844593_r5rw"}
{"timestamp":"2026-09-05T02:20:44.604Z","action":"memory.feedback","actor":"若兰","target":"","result":"success","detail":"{\"targetId\":\"test_1788574844266\",\"type\":\"correction\"}","audit_id":"audit_1788574844604_l8dg"}
{"timestamp":"2026-09-05T02:20:44.615Z","action":"memory.delete","actor":"若兰","target":"","result":"success","detail":"{\"id\":\"test_1788574844266\"}","audit_id":"audit_1788574844615_rrmj"}
{"timestamp":"2026-09-05T02:20:44.620Z","action":"memory.get","actor":"若兰","target":"测试Agent","result":"success","detail":"{\"agent\":\"测试Agent\",\"count\":2}","audit_id":"audit_1788574844620_61p8"}
{"timestamp":"2026-09-05T02:20:44.629Z","action":"memory.add","actor":"test","target":"回归Agent","result":"success","detail":"{\"agent\":\"回归Agent\",\"type\":\"event\",\"structural_weight\":0}","audit_id":"audit_1788574844629_6yxa"}
{"timestamp":"2026-09-05T02:20:44.636Z","action":"memory.add","actor":"test","target":"回归Agent","result":"success","detail":"{\"agent\":\"回归Agent\",\"type\":\"event\",\"structural_weight\":0}","audit_id":"audit_1788574844636_w9x8"}
{"timestamp":"2026-09-05T02:20:44.647Z","action":"memory.add","actor":"test","target":"回归Agent","result":"success","detail":"{\"agent\":\"回归Agent\",\"type\":\"event\",\"structural_weight\":0}","audit_id":"audit_1788574844647_7i53"}
{"timestamp":"2026-09-05T02:20:44.655Z","action":"memory.get","actor":"若兰","target":"回归Agent","result":"success","detail":"{\"agent\":\"回归Agent\",\"count\":3}","audit_id":"audit_1788574844655_no73"}
{"timestamp":"2026-09-05T02:20:44.665Z","action":"memory.feedback","actor":"若兰","target":"","result":"success","detail":"{\"targetId\":\"mem_mtnra6lb_b45w\",\"type\":\"correction\"}","audit_id":"audit_1788574844665_mqds"}
{"timestamp":"2026-09-05T02:20:44.671Z","action":"memory.get","actor":"若兰","target":"回归Agent","result":"success","detail":"{\"agent\":\"回归Agent\",\"count\":3}","audit_id":"audit_1788574844671_gcnb"}
{"timestamp":"2026-09-05T02:20:44.682Z","action":"memory.delete","actor":"若兰","target":"","result":"success","detail":"{\"id\":\"mem_mtnra6lb_b45w\"}","audit_id":"audit_1788574844682_ecss"}
{"timestamp":"2026-09-05T02:20:44.728Z","action":"memory.delete","actor":"若兰","target":"","result":"success","detail":"{\"id\":\"mem_mtnra6l4_jny9\"}","audit_id":"audit_1788574844728_6vkc"}
{"timestamp":"2026-09-05T02:20:44.766Z","action":"memory.delete","actor":"若兰","target":"","result":"success","detail":"{\"id\":\"mem_mtnra6kv_bdtx\"}","audit_id":"audit_1788574844766_rupa"}
{"timestamp":"2026-09-05T02:20:44.790Z","action":"memory.add","actor":"test","target":"回归Agent","result":"success","detail":"{\"agent\":\"回归Agent\",\"type\":\"lesson\",\"structural_weight\":0}","audit_id":"audit_1788574844790_guzo"}
{"timestamp":"2026-09-05T02:20:44.803Z","action":"memory.get","actor":"若兰","target":"回归Agent","result":"success","detail":"{\"agent\":\"回归Agent\",\"count\":1}","audit_id":"audit_1788574844803_xeje"}
{"timestamp":"2026-09-05T02:20:44.811Z","action":"memory.query","actor":"若兰","target":"回归Agent","result":"success","detail":"{\"agent\":\"回归Agent\",\"tags\":[\"碳硅契\"],\"count\":1}","audit_id":"audit_1788574844811_bbh3"}
{"timestamp":"2026-09-05T02:20:44.817Z","action":"memory.get","actor":"若兰","target":"回归Agent","result":"success","detail":"{\"agent\":\"回归Agent\",\"count\":1}","audit_id":"audit_1788574844817_pvi5"}
{"timestamp":"2026-09-05T02:20:44.820Z","action":"memory.query","actor":"若兰","target":"回归Agent","result":"success","detail":"{\"agent\":\"回归Agent\",\"count\":0}","audit_id":"audit_1788574844820_4f71"}
{"timestamp":"2026-09-05T02:20:44.830Z","action":"memory.delete","actor":"若兰","target":"","result":"success","detail":"{\"id\":\"mem_mtnra6p9_q6k3\"}","audit_id":"audit_1788574844830_qo3f"}
{"timestamp":"2026-09-05T02:20:44.842Z","action":"memory.delete","actor":"若兰","target":"","result":"success","detail":"{\"id\":\"test_identity_1788574844280\"}","audit_id":"audit_1788574844842_ghnw"}
{"timestamp":"2026-09-05T02:20:44.862Z","action":"memory.delete","actor":"若兰","target":"","result":"success","detail":"{\"id\":\"test_provenance_1788574844296\"}","audit_id":"audit_1788574844862_4b5s"}
{"timestamp":"2026-09-05T02:20:44.874Z","action":"memory.add","actor":"test","target":"回归Agent","result":"success","detail":"{\"agent\":\"回归Agent\",\"type\":\"event\",\"structural_weight\":0}","audit_id":"audit_1788574844874_d0ib"}
{"timestamp":"2026-09-05T02:20:44.892Z","action":"memory.delete","actor":"若兰","target":"","result":"success","detail":"{\"id\":\"mem_mtnra6rn_z6un\"}","audit_id":"audit_1788574844892_pmsi"}
{"timestamp":"2026-09-05T02:20:44.900Z","action":"memory.get","actor":"若兰","target":"回归Agent","result":"success","detail":"{\"agent\":\"回归Agent\",\"count\":0}","audit_id":"audit_1788574844900_d1fl"}
{"timestamp":"2026-09-05T02:20:45.366Z","action":"memory.add","actor":"distill","target":"若兰","result":"success","detail":"{\"agent\":\"若兰\",\"type\":\"lesson\",\"structural_weight\":0}","audit_id":"audit_1788574845366_imw7"}
{"timestamp":"2026-09-05T02:20:45.439Z","action":"memory.get","actor":"若兰","target":"若兰","result":"success","detail":"{\"agent\":\"若兰\",\"count\":3598}","audit_id":"audit_1788574845439_tbob"}
{"timestamp":"2026-09-05T02:20:45.511Z","action":"memory.get","actor":"若兰","target":"若兰","result":"success","detail":"{\"agent\":\"若兰\",\"count\":3598}","audit_id":"audit_1788574845511_kuf2"}
{"timestamp":"2026-09-05T02:20:45.597Z","action":"memory.delete","actor":"若兰","target":"","result":"success","detail":"{\"id\":\"mem_mtnra74e_iaa1\"}","audit_id":"audit_1788574845597_jbo1"}
{"timestamp":"2026-09-05T02:21:20.127Z","action":"memory.add","actor":"若兰","target":"测试Agent","result":"success","detail":"{\"agent\":\"测试Agent\",\"confidence\":\"medium\",\"structural_weight\":0}","audit_id":"audit_1788574880127_rmvq"}
{"timestamp":"2026-09-05T02:21:20.132Z","action":"memory.get","actor":"若兰","target":"测试Agent","result":"success","detail":"{\"agent\":\"测试Agent\",\"count\":1}","audit_id":"audit_1788574880132_ghqp"}
{"timestamp":"2026-09-05T02:21:20.148Z","action":"memory.add","actor":"若兰","target":"测试Agent","result":"success","detail":"{\"agent\":\"测试Agent\",\"structural_weight\":0.8}","audit_id":"audit_1788574880148_eppi"}
{"timestamp":"2026-09-05T02:21:20.157Z","action":"memory.get","actor":"若兰","target":"测试Agent","result":"success","detail":"{\"agent\":\"测试Agent\",\"count\":2}","audit_id":"audit_1788574880157_cdhs"}
{"timestamp":"2026-09-05T02:21:20.166Z","action":"memory.add","actor":"若兰","target":"测试Agent","result":"success","detail":"{\"agent\":\"测试Agent\",\"structural_weight\":0}","audit_id":"audit_1788574880166_up2i"}
{"timestamp":"2026-09-05T02:21:20.172Z","action":"memory.get","actor":"若兰","target":"测试Agent","result":"success","detail":"{\"agent\":\"测试Agent\",\"count\":3}","audit_id":"audit_1788574880172_zko7"}
{"timestamp":"2026-09-05T02:21:20.177Z","action":"memory.get","actor":"若兰","target":"测试Agent","result":"success","detail":"{\"agent\":\"测试Agent\",\"count\":3}","audit_id":"audit_1788574880177_ihck"}
{"timestamp":"2026-09-05T02:21:20.180Z","action":"memory.query","actor":"若兰","target":"测试Agent","result":"success","detail":"{\"agent\":\"测试Agent\",\"count\":3}","audit_id":"audit_1788574880180_5hql"}
{"timestamp":"2026-09-05T02:21:20.188Z","action":"memory.get","actor":"若兰","target":"test_agent","result":"success","detail":"{\"agent\":\"test_agent\",\"count\":45}","audit_id":"audit_1788574880188_yzs8"}
{"timestamp":"2026-09-05T02:21:20.193Z","action":"memory.get","actor":"若兰","target":"回归Agent","result":"success","detail":"{\"agent\":\"回归Agent\",\"count\":0}","audit_id":"audit_1788574880193_5nrr"}
{"timestamp":"2026-09-05T02:21:20.198Z","action":"memory.get","actor":"若兰","target":"测试Agent","result":"success","detail":"{\"agent\":\"测试Agent\",\"count\":3}","audit_id":"audit_1788574880198_ihk4"}
{"timestamp":"2026-09-05T02:21:20.271Z","action":"memory.get","actor":"若兰","target":"若兰","result":"success","detail":"{\"agent\":\"若兰\",\"count\":3597}","audit_id":"audit_1788574880271_mkj0"}
{"timestamp":"2026-09-05T02:21:20.276Z","action":"memory.query","actor":"若兰","target":"","result":"success","detail":"{\"count\":2}","audit_id":"audit_1788574880276_xcw4"}
{"timestamp":"2026-09-05T02:21:20.284Z","action":"memory.get","actor":"若兰","target":"test_agent","result":"success","detail":"{\"agent\":\"test_agent\",\"count\":45}","audit_id":"audit_1788574880284_xkkd"}
{"timestamp":"2026-09-05T02:21:20.289Z","action":"memory.get","actor":"若兰","target":"回归Agent","result":"success","detail":"{\"agent\":\"回归Agent\",\"count\":0}","audit_id":"audit_1788574880289_a6ao"}
{"timestamp":"2026-09-05T02:21:20.294Z","action":"memory.get","actor":"若兰","target":"测试Agent","result":"success","detail":"{\"agent\":\"测试Agent\",\"count\":3}","audit_id":"audit_1788574880294_jz8z"}
{"timestamp":"2026-09-05T02:21:20.365Z","action":"memory.get","actor":"若兰","target":"若兰","result":"success","detail":"{\"agent\":\"若兰\",\"count\":3597}","audit_id":"audit_1788574880365_pum7"}
{"timestamp":"2026-09-05T02:21:20.377Z","action":"memory.query","actor":"若兰","target":"","result":"success","detail":"{\"count\":3}","audit_id":"audit_1788574880377_l8yn"}
{"timestamp":"2026-09-05T02:21:20.390Z","action":"memory.feedback","actor":"若兰","target":"","result":"success","detail":"{\"targetId\":\"test_1788574880122\",\"type\":\"correction\"}","audit_id":"audit_1788574880390_v8qh"}
{"timestamp":"2026-09-05T02:21:20.400Z","action":"memory.delete","actor":"若兰","target":"","result":"success","detail":"{\"id\":\"test_1788574880122\"}","audit_id":"audit_1788574880400_fa69"}
{"timestamp":"2026-09-05T02:21:20.405Z","action":"memory.get","actor":"若兰","target":"测试Agent","result":"success","detail":"{\"agent\":\"测试Agent\",\"count\":2}","audit_id":"audit_1788574880405_gqpu"}
{"timestamp":"2026-09-05T02:21:20.412Z","action":"memory.add","actor":"test","target":"回归Agent","result":"success","detail":"{\"agent\":\"回归Agent\",\"type\":\"event\",\"structural_weight\":0}","audit_id":"audit_1788574880412_7xo4"}
{"timestamp":"2026-09-05T02:21:20.418Z","action":"memory.add","actor":"test","target":"回归Agent","result":"success","detail":"{\"agent\":\"回归Agent\",\"type\":\"event\",\"structural_weight\":0}","audit_id":"audit_1788574880418_tbzh"}
{"timestamp":"2026-09-05T02:21:20.425Z","action":"memory.add","actor":"test","target":"回归Agent","result":"success","detail":"{\"agent\":\"回归Agent\",\"type\":\"event\",\"structural_weight\":0}","audit_id":"audit_1788574880425_jol8"}
{"timestamp":"2026-09-05T02:21:20.430Z","action":"memory.get","actor":"若兰","target":"回归Agent","result":"success","detail":"{\"agent\":\"回归Agent\",\"count\":3}","audit_id":"audit_1788574880430_hz70"}
{"timestamp":"2026-09-05T02:21:20.441Z","action":"memory.feedback","actor":"若兰","target":"","result":"success","detail":"{\"targetId\":\"mem_mtnray79_3zak\",\"type\":\"correction\"}","audit_id":"audit_1788574880441_z5xb"}
{"timestamp":"2026-09-05T02:21:20.446Z","action":"memory.get","actor":"若兰","target":"回归Agent","result":"success","detail":"{\"agent\":\"回归Agent\",\"count\":3}","audit_id":"audit_1788574880446_mmcz"}
{"timestamp":"2026-09-05T02:21:20.456Z","action":"memory.delete","actor":"若兰","target":"","result":"success","detail":"{\"id\":\"mem_mtnray79_3zak\"}","audit_id":"audit_1788574880456_6asz"}
{"timestamp":"2026-09-05T02:21:20.466Z","action":"memory.delete","actor":"若兰","target":"","result":"success","detail":"{\"id\":\"mem_mtnray72_g5r4\"}","audit_id":"audit_1788574880466_87p5"}
{"timestamp":"2026-09-05T02:21:20.475Z","action":"memory.delete","actor":"若兰","target":"","result":"success","detail":"{\"id\":\"mem_mtnray6w_z0dq\"}","audit_id":"audit_1788574880476_vul8"}
{"timestamp":"2026-09-05T02:21:20.485Z","action":"memory.add","actor":"test","target":"回归Agent","result":"success","detail":"{\"agent\":\"回归Agent\",\"type\":\"lesson\",\"structural_weight\":0}","audit_id":"audit_1788574880485_oiph"}
{"timestamp":"2026-09-05T02:21:20.490Z","action":"memory.get","actor":"若兰","target":"回归Agent","result":"success","detail":"{\"agent\":\"回归Agent\",\"count\":1}","audit_id":"audit_1788574880490_ks44"}
{"timestamp":"2026-09-05T02:21:20.493Z","action":"memory.query","actor":"若兰","target":"回归Agent","result":"success","detail":"{\"agent\":\"回归Agent\",\"tags\":[\"碳硅契\"],\"count\":1}","audit_id":"audit_1788574880493_dsdd"}
{"timestamp":"2026-09-05T02:21:20.498Z","action":"memory.get","actor":"若兰","target":"回归Agent","result":"success","detail":"{\"agent\":\"回归Agent\",\"count\":1}","audit_id":"audit_1788574880498_jxsy"}
{"timestamp":"2026-09-05T02:21:20.501Z","action":"memory.query","actor":"若兰","target":"回归Agent","result":"success","detail":"{\"agent\":\"回归Agent\",\"count\":0}","audit_id":"audit_1788574880501_l0an"}
{"timestamp":"2026-09-05T02:21:20.514Z","action":"memory.delete","actor":"若兰","target":"","result":"success","detail":"{\"id\":\"mem_mtnray8w_lrzm\"}","audit_id":"audit_1788574880514_2g96"}
{"timestamp":"2026-09-05T02:21:20.524Z","action":"memory.delete","actor":"若兰","target":"","result":"success","detail":"{\"id\":\"test_identity_1788574880142\"}","audit_id":"audit_1788574880524_9zus"}
{"timestamp":"2026-09-05T02:21:20.535Z","action":"memory.delete","actor":"若兰","target":"","result":"success","detail":"{\"id\":\"test_provenance_1788574880160\"}","audit_id":"audit_1788574880535_iw12"}
{"timestamp":"2026-09-05T02:21:20.542Z","action":"memory.add","actor":"test","target":"回归Agent","result":"success","detail":"{\"agent\":\"回归Agent\",\"type\":\"event\",\"structural_weight\":0}","audit_id":"audit_1788574880542_8nqo"}
{"timestamp":"2026-09-05T02:21:20.551Z","action":"memory.delete","actor":"若兰","target":"","result":"success","detail":"{\"id\":\"mem_mtnrayai_rnvs\"}","audit_id":"audit_1788574880551_ohwu"}
{"timestamp":"2026-09-05T02:21:20.556Z","action":"memory.get","actor":"若兰","target":"回归Agent","result":"success","detail":"{\"agent\":\"回归Agent\",\"count\":0}","audit_id":"audit_1788574880556_xmy9"}
{"timestamp":"2026-09-05T02:21:21.038Z","action":"memory.add","actor":"distill","target":"若兰","result":"success","detail":"{\"agent\":\"若兰\",\"type\":\"lesson\",\"structural_weight\":0}","audit_id":"audit_1788574881038_4t24"}
{"timestamp":"2026-09-05T02:21:21.109Z","action":"memory.get","actor":"若兰","target":"若兰","result":"success","detail":"{\"agent\":\"若兰\",\"count\":3598}","audit_id":"audit_1788574881109_hhuq"}
{"timestamp":"2026-09-05T02:21:21.501Z","action":"memory.get","actor":"若兰","target":"若兰","result":"success","detail":"{\"agent\":\"若兰\",\"count\":3598}","audit_id":"audit_1788574881501_2qes"}
{"timestamp":"2026-09-05T02:21:22.997Z","action":"memory.delete","actor":"若兰","target":"","result":"success","detail":"{\"id\":\"mem_mtnraylt_rfs0\"}","audit_id":"audit_1788574882997_zb6y"}
{"timestamp":"2026-09-05T02:21:26.689Z","action":"memory.add","actor":"若兰","target":"测试Agent","result":"success","detail":"{\"agent\":\"测试Agent\",\"confidence\":\"medium\",\"structural_weight\":0}","audit_id":"audit_1788574886689_t4fl"}
{"timestamp":"2026-09-05T02:21:26.694Z","action":"memory.get","actor":"若兰","target":"测试Agent","result":"success","detail":"{\"agent\":\"测试Agent\",\"count\":1}","audit_id":"audit_1788574886694_v7s8"}
{"timestamp":"2026-09-05T02:21:26.701Z","action":"memory.add","actor":"若兰","target":"测试Agent","result":"success","detail":"{\"agent\":\"测试Agent\",\"structural_weight\":0.8}","audit_id":"audit_1788574886701_5n1y"}
{"timestamp":"2026-09-05T02:21:26.710Z","action":"memory.get","actor":"若兰","target":"测试Agent","result":"success","detail":"{\"agent\":\"测试Agent\",\"count\":2}","audit_id":"audit_1788574886710_9x9e"}
{"timestamp":"2026-09-05T02:21:26.717Z","action":"memory.add","actor":"若兰","target":"测试Agent","result":"success","detail":"{\"agent\":\"测试Agent\",\"structural_weight\":0}","audit_id":"audit_1788574886717_l16f"}
{"timestamp":"2026-09-05T02:21:26.722Z","action":"memory.get","actor":"若兰","target":"测试Agent","result":"success","detail":"{\"agent\":\"测试Agent\",\"count\":3}","audit_id":"audit_1788574886722_d9te"}
{"timestamp":"2026-09-05T02:21:26.727Z","action":"memory.get","actor":"若兰","target":"测试Agent","result":"success","detail":"{\"agent\":\"测试Agent\",\"count\":3}","audit_id":"audit_1788574886727_y3u3"}
{"timestamp":"2026-09-05T02:21:26.730Z","action":"memory.query","actor":"若兰","target":"测试Agent","result":"success","detail":"{\"agent\":\"测试Agent\",\"count\":3}","audit_id":"audit_1788574886730_6yb6"}
{"timestamp":"2026-09-05T02:21:26.739Z","action":"memory.get","actor":"若兰","target":"test_agent","result":"success","detail":"{\"agent\":\"test_agent\",\"count\":45}","audit_id":"audit_1788574886739_s0q0"}
{"timestamp":"2026-09-05T02:21:27.011Z","action":"memory.get","actor":"若兰","target":"回归Agent","result":"success","detail":"{\"agent\":\"回归Agent\",\"count\":0}","audit_id":"audit_1788574887011_6igh"}
{"timestamp":"2026-09-05T02:21:27.020Z","action":"memory.get","actor":"若兰","target":"测试Agent","result":"success","detail":"{\"agent\":\"测试Agent\",\"count\":3}","audit_id":"audit_1788574887020_20q9"}
{"timestamp":"2026-09-05T02:21:27.149Z","action":"memory.get","actor":"若兰","target":"若兰","result":"success","detail":"{\"agent\":\"若兰\",\"count\":3597}","audit_id":"audit_1788574887149_o0yu"}
{"timestamp":"2026-09-05T02:21:27.154Z","action":"memory.query","actor":"若兰","target":"","result":"success","detail":"{\"count\":2}","audit_id":"audit_1788574887154_kedo"}
{"timestamp":"2026-09-05T02:21:27.170Z","action":"memory.get","actor":"若兰","target":"test_agent","result":"success","detail":"{\"agent\":\"test_agent\",\"count\":45}","audit_id":"audit_1788574887170_chmp"}
{"timestamp":"2026-09-05T02:21:27.186Z","action":"memory.get","actor":"若兰","target":"回归Agent","result":"success","detail":"{\"agent\":\"回归Agent\",\"count\":0}","audit_id":"audit_1788574887186_pef8"}
{"timestamp":"2026-09-05T02:21:27.205Z","action":"memory.get","actor":"若兰","target":"测试Agent","result":"success","detail":"{\"agent\":\"测试Agent\",\"count\":3}","audit_id":"audit_1788574887205_t2p7"}
{"timestamp":"2026-09-05T02:21:27.300Z","action":"memory.get","actor":"若兰","target":"若兰","result":"success","detail":"{\"agent\":\"若兰\",\"count\":3597}","audit_id":"audit_1788574887300_gqm0"}
{"timestamp":"2026-09-05T02:21:27.311Z","action":"memory.query","actor":"若兰","target":"","result":"success","detail":"{\"count\":3}","audit_id":"audit_1788574887311_d9ma"}
{"timestamp":"2026-09-05T02:21:27.324Z","action":"memory.feedback","actor":"若兰","target":"","result":"success","detail":"{\"targetId\":\"test_1788574886684\",\"type\":\"correction\"}","audit_id":"audit_1788574887324_irg0"}
{"timestamp":"2026-09-05T02:21:27.334Z","action":"memory.delete","actor":"若兰","target":"","result":"success","detail":"{\"id\":\"test_1788574886684\"}","audit_id":"audit_1788574887334_ffpd"}
{"timestamp":"2026-09-05T02:21:27.339Z","action":"memory.get","actor":"若兰","target":"测试Agent","result":"success","detail":"{\"agent\":\"测试Agent\",\"count\":2}","audit_id":"audit_1788574887339_kc71"}
{"timestamp":"2026-09-05T02:21:27.349Z","action":"memory.add","actor":"test","target":"回归Agent","result":"success","detail":"{\"agent\":\"回归Agent\",\"type\":\"event\",\"structural_weight\":0}","audit_id":"audit_1788574887349_l5cw"}
{"timestamp":"2026-09-05T02:21:27.357Z","action":"memory.add","actor":"test","target":"回归Agent","result":"success","detail":"{\"agent\":\"回归Agent\",\"type\":\"event\",\"structural_weight\":0}","audit_id":"audit_1788574887357_j91r"}
{"timestamp":"2026-09-05T02:21:27.364Z","action":"memory.add","actor":"test","target":"回归Agent","result":"success","detail":"{\"agent\":\"回归Agent\",\"type\":\"event\",\"structural_weight\":0}","audit_id":"audit_1788574887364_n2fr"}
{"timestamp":"2026-09-05T02:21:27.369Z","action":"memory.get","actor":"若兰","target":"回归Agent","result":"success","detail":"{\"agent\":\"回归Agent\",\"count\":3}","audit_id":"audit_1788574887369_bqfe"}
{"timestamp":"2026-09-05T02:21:27.382Z","action":"memory.feedback","actor":"若兰","target":"","result":"success","detail":"{\"targetId\":\"mem_mtnrb3jz_vdqk\",\"type\":\"correction\"}","audit_id":"audit_1788574887382_wq3c"}
{"timestamp":"2026-09-05T02:21:27.387Z","action":"memory.get","actor":"若兰","target":"回归Agent","result":"success","detail":"{\"agent\":\"回归Agent\",\"count\":3}","audit_id":"audit_1788574887387_eeel"}
{"timestamp":"2026-09-05T02:21:27.397Z","action":"memory.delete","actor":"若兰","target":"","result":"success","detail":"{\"id\":\"mem_mtnrb3jz_vdqk\"}","audit_id":"audit_1788574887397_eauc"}
{"timestamp":"2026-09-05T02:21:27.406Z","action":"memory.delete","actor":"若兰","target":"","result":"success","detail":"{\"id\":\"mem_mtnrb3jt_jued\"}","audit_id":"audit_1788574887406_ui5w"}
{"timestamp":"2026-09-05T02:21:27.417Z","action":"memory.delete","actor":"若兰","target":"","result":"success","detail":"{\"id\":\"mem_mtnrb3jj_3rfb\"}","audit_id":"audit_1788574887417_qtfl"}
{"timestamp":"2026-09-05T02:21:27.424Z","action":"memory.add","actor":"test","target":"回归Agent","result":"success","detail":"{\"agent\":\"回归Agent\",\"type\":\"lesson\",\"structural_weight\":0}","audit_id":"audit_1788574887424_rfzw"}
{"timestamp":"2026-09-05T02:21:27.428Z","action":"memory.get","actor":"若兰","target":"回归Agent","result":"success","detail":"{\"agent\":\"回归Agent\",\"count\":1}","audit_id":"audit_1788574887428_dbg2"}
{"timestamp":"2026-09-05T02:21:27.431Z","action":"memory.query","actor":"若兰","target":"回归Agent","result":"success","detail":"{\"agent\":\"回归Agent\",\"tags\":[\"碳硅契\"],\"count\":1}","audit_id":"audit_1788574887431_4rxj"}
{"timestamp":"2026-09-05T02:21:27.436Z","action":"memory.get","actor":"若兰","target":"回归Agent","result":"success","detail":"{\"agent\":\"回归Agent\",\"count\":1}","audit_id":"audit_1788574887436_4sgj"}
{"timestamp":"2026-09-05T02:21:27.439Z","action":"memory.query","actor":"若兰","target":"回归Agent","result":"success","detail":"{\"agent\":\"回归Agent\",\"count\":0}","audit_id":"audit_1788574887439_wzfp"}
{"timestamp":"2026-09-05T02:21:27.449Z","action":"memory.delete","actor":"若兰","target":"","result":"success","detail":"{\"id\":\"mem_mtnrb3lo_pish\"}","audit_id":"audit_1788574887449_rg81"}
{"timestamp":"2026-09-05T02:21:27.460Z","action":"memory.delete","actor":"若兰","target":"","result":"success","detail":"{\"id\":\"test_identity_1788574886697\"}","audit_id":"audit_1788574887460_vlej"}
{"timestamp":"2026-09-05T02:21:27.471Z","action":"memory.delete","actor":"若兰","target":"","result":"success","detail":"{\"id\":\"test_provenance_1788574886713\"}","audit_id":"audit_1788574887471_tyd6"}
{"timestamp":"2026-09-05T02:21:27.477Z","action":"memory.add","actor":"test","target":"回归Agent","result":"success","detail":"{\"agent\":\"回归Agent\",\"type\":\"event\",\"structural_weight\":0}","audit_id":"audit_1788574887477_34a3"}
{"timestamp":"2026-09-05T02:21:27.493Z","action":"memory.delete","actor":"若兰","target":"","result":"success","detail":"{\"id\":\"mem_mtnrb3n6_2yiz\"}","audit_id":"audit_1788574887493_jbe6"}
{"timestamp":"2026-09-05T02:21:27.503Z","action":"memory.get","actor":"若兰","target":"回归Agent","result":"success","detail":"{\"agent\":\"回归Agent\",\"count\":0}","audit_id":"audit_1788574887503_0mzz"}
{"timestamp":"2026-09-05T02:21:28.082Z","action":"memory.add","actor":"distill","target":"若兰","result":"success","detail":"{\"agent\":\"若兰\",\"type\":\"lesson\",\"structural_weight\":0}","audit_id":"audit_1788574888082_ej32"}
{"timestamp":"2026-09-05T02:21:28.159Z","action":"memory.get","actor":"若兰","target":"若兰","result":"success","detail":"{\"agent\":\"若兰\",\"count\":3598}","audit_id":"audit_1788574888159_4bhg"}
{"timestamp":"2026-09-05T02:21:30.661Z","action":"memory.get","actor":"若兰","target":"若兰","result":"success","detail":"{\"agent\":\"若兰\",\"count\":3598}","audit_id":"audit_1788574890661_8534"}
{"timestamp":"2026-09-05T02:21:30.743Z","action":"memory.delete","actor":"若兰","target":"","result":"success","detail":"{\"id\":\"mem_mtnrb41b_us06\"}","audit_id":"audit_1788574890743_txny"}
{"timestamp":"2026-09-05T02:21:39.897Z","action":"memory.add","actor":"若兰","target":"测试Agent","result":"success","detail":"{\"agent\":\"测试Agent\",\"confidence\":\"medium\",\"structural_weight\":0}","audit_id":"audit_1788574899897_ni0l"}
{"timestamp":"2026-09-05T02:21:39.928Z","action":"memory.get","actor":"若兰","target":"测试Agent","result":"success","detail":"{\"agent\":\"测试Agent\",\"count\":1}","audit_id":"audit_1788574899928_he42"}
{"timestamp":"2026-09-05T02:21:39.952Z","action":"memory.add","actor":"若兰","target":"测试Agent","result":"success","detail":"{\"agent\":\"测试Agent\",\"structural_weight\":0.8}","audit_id":"audit_1788574899952_v2f6"}
{"timestamp":"2026-09-05T02:21:39.995Z","action":"memory.get","actor":"若兰","target":"测试Agent","result":"success","detail":"{\"agent\":\"测试Agent\",\"count\":2}","audit_id":"audit_1788574899995_lnzv"}
{"timestamp":"2026-09-05T02:21:40.020Z","action":"memory.add","actor":"若兰","target":"测试Agent","result":"success","detail":"{\"agent\":\"测试Agent\",\"structural_weight\":0}","audit_id":"audit_1788574900020_w63o"}
{"timestamp":"2026-09-05T02:21:40.036Z","action":"memory.get","actor":"若兰","target":"测试Agent","result":"success","detail":"{\"agent\":\"测试Agent\",\"count\":3}","audit_id":"audit_1788574900036_bnht"}
{"timestamp":"2026-09-05T02:21:40.046Z","action":"memory.get","actor":"若兰","target":"测试Agent","result":"success","detail":"{\"agent\":\"测试Agent\",\"count\":3}","audit_id":"audit_1788574900046_img2"}
{"timestamp":"2026-09-05T02:21:40.050Z","action":"memory.query","actor":"若兰","target":"测试Agent","result":"success","detail":"{\"agent\":\"测试Agent\",\"count\":3}","audit_id":"audit_1788574900050_zkpc"}
{"timestamp":"2026-09-05T02:21:40.072Z","action":"memory.get","actor":"若兰","target":"test_agent","result":"success","detail":"{\"agent\":\"test_agent\",\"count\":45}","audit_id":"audit_1788574900072_31mq"}
{"timestamp":"2026-09-05T02:21:40.094Z","action":"memory.get","actor":"若兰","target":"回归Agent","result":"success","detail":"{\"agent\":\"回归Agent\",\"count\":0}","audit_id":"audit_1788574900094_tbe9"}
{"timestamp":"2026-09-05T02:21:40.114Z","action":"memory.get","actor":"若兰","target":"测试Agent","result":"success","detail":"{\"agent\":\"测试Agent\",\"count\":3}","audit_id":"audit_1788574900114_bbr6"}
{"timestamp":"2026-09-05T02:21:40.253Z","action":"memory.get","actor":"若兰","target":"若兰","result":"success","detail":"{\"agent\":\"若兰\",\"count\":3597}","audit_id":"audit_1788574900253_gc0o"}
{"timestamp":"2026-09-05T02:21:40.260Z","action":"memory.query","actor":"若兰","target":"","result":"success","detail":"{\"count\":2}","audit_id":"audit_1788574900260_9mha"}
{"timestamp":"2026-09-05T02:21:40.270Z","action":"memory.get","actor":"若兰","target":"test_agent","result":"success","detail":"{\"agent\":\"test_agent\",\"count\":45}","audit_id":"audit_1788574900270_8u50"}
{"timestamp":"2026-09-05T02:21:40.277Z","action":"memory.get","actor":"若兰","target":"回归Agent","result":"success","detail":"{\"agent\":\"回归Agent\",\"count\":0}","audit_id":"audit_1788574900277_6bak"}
{"timestamp":"2026-09-05T02:21:40.285Z","action":"memory.get","actor":"若兰","target":"测试Agent","result":"success","detail":"{\"agent\":\"测试Agent\",\"count\":3}","audit_id":"audit_1788574900285_az8w"}
{"timestamp":"2026-09-05T02:21:40.370Z","action":"memory.get","actor":"若兰","target":"若兰","result":"success","detail":"{\"agent\":\"若兰\",\"count\":3597}","audit_id":"audit_1788574900370_ovj6"}
{"timestamp":"2026-09-05T02:21:40.384Z","action":"memory.query","actor":"若兰","target":"","result":"success","detail":"{\"count\":3}","audit_id":"audit_1788574900384_2owg"}
{"timestamp":"2026-09-05T02:21:40.402Z","action":"memory.feedback","actor":"若兰","target":"","result":"success","detail":"{\"targetId\":\"test_1788574899883\",\"type\":\"correction\"}","audit_id":"audit_1788574900402_aa4u"}
{"timestamp":"2026-09-05T02:21:40.418Z","action":"memory.delete","actor":"若兰","target":"","result":"success","detail":"{\"id\":\"test_1788574899883\"}","audit_id":"audit_1788574900418_6mec"}
{"timestamp":"2026-09-05T02:21:40.425Z","action":"memory.get","actor":"若兰","target":"测试Agent","result":"success","detail":"{\"agent\":\"测试Agent\",\"count\":2}","audit_id":"audit_1788574900425_dare"}
{"timestamp":"2026-09-05T02:21:40.434Z","action":"memory.add","actor":"test","target":"回归Agent","result":"success","detail":"{\"agent\":\"回归Agent\",\"type\":\"event\",\"structural_weight\":0}","audit_id":"audit_1788574900434_y88d"}
{"timestamp":"2026-09-05T02:21:40.443Z","action":"memory.add","actor":"test","target":"回归Agent","result":"success","detail":"{\"agent\":\"回归Agent\",\"type\":\"event\",\"structural_weight\":0}","audit_id":"audit_1788574900443_aeqj"}
{"timestamp":"2026-09-05T02:21:40.459Z","action":"memory.add","actor":"test","target":"回归Agent","result":"success","detail":"{\"agent\":\"回归Agent\",\"type\":\"event\",\"structural_weight\":0}","audit_id":"audit_1788574900459_q2gq"}
{"timestamp":"2026-09-05T02:21:40.476Z","action":"memory.get","actor":"若兰","target":"回归Agent","result":"success","detail":"{\"agent\":\"回归Agent\",\"count\":3}","audit_id":"audit_1788574900476_xyf2"}
{"timestamp":"2026-09-05T02:21:40.497Z","action":"memory.feedback","actor":"若兰","target":"","result":"success","detail":"{\"targetId\":\"mem_mtnrbdnj_9tyb\",\"type\":\"correction\"}","audit_id":"audit_1788574900497_pt3s"}
{"timestamp":"2026-09-05T02:21:40.505Z","action":"memory.get","actor":"若兰","target":"回归Agent","result":"success","detail":"{\"agent\":\"回归Agent\",\"count\":3}","audit_id":"audit_1788574900505_b3m7"}
{"timestamp":"2026-09-05T02:21:40.519Z","action":"memory.delete","actor":"若兰","target":"","result":"success","detail":"{\"id\":\"mem_mtnrbdnj_9tyb\"}","audit_id":"audit_1788574900519_71sq"}
{"timestamp":"2026-09-05T02:21:40.534Z","action":"memory.delete","actor":"若兰","target":"","result":"success","detail":"{\"id\":\"mem_mtnrbdna_5q57\"}","audit_id":"audit_1788574900534_prdd"}
{"timestamp":"2026-09-05T02:21:40.547Z","action":"memory.delete","actor":"若兰","target":"","result":"success","detail":"{\"id\":\"mem_mtnrbdn1_kv4p\"}","audit_id":"audit_1788574900547_8zrl"}
{"timestamp":"2026-09-05T02:21:40.556Z","action":"memory.add","actor":"test","target":"回归Agent","result":"success","detail":"{\"agent\":\"回归Agent\",\"type\":\"lesson\",\"structural_weight\":0}","audit_id":"audit_1788574900556_hbq0"}
{"timestamp":"2026-09-05T02:21:40.564Z","action":"memory.get","actor":"若兰","target":"回归Agent","result":"success","detail":"{\"agent\":\"回归Agent\",\"count\":1}","audit_id":"audit_1788574900564_4f9z"}
{"timestamp":"2026-09-05T02:21:40.567Z","action":"memory.query","actor":"若兰","target":"回归Agent","result":"success","detail":"{\"agent\":\"回归Agent\",\"tags\":[\"碳硅契\"],\"count\":1}","audit_id":"audit_1788574900567_dvuh"}
{"timestamp":"2026-09-05T02:21:40.574Z","action":"memory.get","actor":"若兰","target":"回归Agent","result":"success","detail":"{\"agent\":\"回归Agent\",\"count\":1}","audit_id":"audit_1788574900574_mirg"}
{"timestamp":"2026-09-05T02:21:40.578Z","action":"memory.query","actor":"若兰","target":"回归Agent","result":"success","detail":"{\"agent\":\"回归Agent\",\"count\":0}","audit_id":"audit_1788574900578_st2u"}
{"timestamp":"2026-09-05T02:21:40.592Z","action":"memory.delete","actor":"若兰","target":"","result":"success","detail":"{\"id\":\"mem_mtnrbdqf_ra4f\"}","audit_id":"audit_1788574900592_u4ti"}
{"timestamp":"2026-09-05T02:21:40.607Z","action":"memory.delete","actor":"若兰","target":"","result":"success","detail":"{\"id\":\"test_identity_1788574899940\"}","audit_id":"audit_1788574900607_qzih"}
{"timestamp":"2026-09-05T02:21:40.622Z","action":"memory.delete","actor":"若兰","target":"","result":"success","detail":"{\"id\":\"test_provenance_1788574900004\"}","audit_id":"audit_1788574900622_7j41"}
{"timestamp":"2026-09-05T02:21:40.632Z","action":"memory.add","actor":"test","target":"回归Agent","result":"success","detail":"{\"agent\":\"回归Agent\",\"type\":\"event\",\"structural_weight\":0}","audit_id":"audit_1788574900632_aag5"}
{"timestamp":"2026-09-05T02:21:40.651Z","action":"memory.delete","actor":"若兰","target":"","result":"success","detail":"{\"id\":\"mem_mtnrbdsi_0wku\"}","audit_id":"audit_1788574900651_7tg9"}
{"timestamp":"2026-09-05T02:21:40.665Z","action":"memory.get","actor":"若兰","target":"回归Agent","result":"success","detail":"{\"agent\":\"回归Agent\",\"count\":0}","audit_id":"audit_1788574900666_f9aq"}
{"timestamp":"2026-09-05T02:21:41.535Z","action":"memory.add","actor":"distill","target":"若兰","result":"success","detail":"{\"agent\":\"若兰\",\"type\":\"lesson\",\"structural_weight\":0}","audit_id":"audit_1788574901535_pjgt"}
{"timestamp":"2026-09-05T02:21:41.760Z","action":"memory.get","actor":"若兰","target":"若兰","result":"success","detail":"{\"agent\":\"若兰\",\"count\":3598}","audit_id":"audit_1788574901760_5scv"}
{"timestamp":"2026-09-05T02:21:41.859Z","action":"memory.get","actor":"若兰","target":"若兰","result":"success","detail":"{\"agent\":\"若兰\",\"count\":3598}","audit_id":"audit_1788574901859_fl48"}
{"timestamp":"2026-09-05T02:21:43.791Z","action":"memory.delete","actor":"若兰","target":"","result":"success","detail":"{\"id\":\"mem_mtnrbeee_bq45\"}","audit_id":"audit_1788574903791_iwny"}
{"timestamp":"2026-09-05T02:22:48.779Z","action":"memory.add","actor":"若兰","target":"测试Agent","result":"success","detail":"{\"agent\":\"测试Agent\",\"confidence\":\"medium\",\"structural_weight\":0}","audit_id":"audit_1788574968779_aaee"}
{"timestamp":"2026-09-05T02:22:48.784Z","action":"memory.get","actor":"若兰","target":"测试Agent","result":"success","detail":"{\"agent\":\"测试Agent\",\"count\":1}","audit_id":"audit_1788574968784_6zlj"}
{"timestamp":"2026-09-05T02:22:48.791Z","action":"memory.add","actor":"若兰","target":"测试Agent","result":"success","detail":"{\"agent\":\"测试Agent\",\"structural_weight\":0.8}","audit_id":"audit_1788574968791_29mn"}
{"timestamp":"2026-09-05T02:22:48.800Z","action":"memory.get","actor":"若兰","target":"测试Agent","result":"success","detail":"{\"agent\":\"测试Agent\",\"count\":2}","audit_id":"audit_1788574968800_vqxa"}
{"timestamp":"2026-09-05T02:22:48.807Z","action":"memory.add","actor":"若兰","target":"测试Agent","result":"success","detail":"{\"agent\":\"测试Agent\",\"structural_weight\":0}","audit_id":"audit_1788574968807_59fn"}
{"timestamp":"2026-09-05T02:22:48.812Z","action":"memory.get","actor":"若兰","target":"测试Agent","result":"success","detail":"{\"agent\":\"测试Agent\",\"count\":3}","audit_id":"audit_1788574968812_brud"}
{"timestamp":"2026-09-05T02:22:48.818Z","action":"memory.get","actor":"若兰","target":"测试Agent","result":"success","detail":"{\"agent\":\"测试Agent\",\"count\":3}","audit_id":"audit_1788574968818_fik0"}
{"timestamp":"2026-09-05T02:22:48.821Z","action":"memory.query","actor":"若兰","target":"测试Agent","result":"success","detail":"{\"agent\":\"测试Agent\",\"count\":3}","audit_id":"audit_1788574968821_s3b1"}
{"timestamp":"2026-09-05T02:22:48.829Z","action":"memory.get","actor":"若兰","target":"test_agent","result":"success","detail":"{\"agent\":\"test_agent\",\"count\":45}","audit_id":"audit_1788574968829_pdph"}
{"timestamp":"2026-09-05T02:22:48.834Z","action":"memory.get","actor":"若兰","target":"回归Agent","result":"success","detail":"{\"agent\":\"回归Agent\",\"count\":0}","audit_id":"audit_1788574968834_4iah"}
{"timestamp":"2026-09-05T02:22:48.838Z","action":"memory.get","actor":"若兰","target":"测试Agent","result":"success","detail":"{\"agent\":\"测试Agent\",\"count\":3}","audit_id":"audit_1788574968838_h7wg"}
{"timestamp":"2026-09-05T02:22:48.908Z","action":"memory.get","actor":"若兰","target":"若兰","result":"success","detail":"{\"agent\":\"若兰\",\"count\":3597}","audit_id":"audit_1788574968908_7z2o"}
{"timestamp":"2026-09-05T02:22:48.913Z","action":"memory.query","actor":"若兰","target":"","result":"success","detail":"{\"count\":2}","audit_id":"audit_1788574968913_xa1f"}
{"timestamp":"2026-09-05T02:22:48.920Z","action":"memory.get","actor":"若兰","target":"test_agent","result":"success","detail":"{\"agent\":\"test_agent\",\"count\":45}","audit_id":"audit_1788574968920_s6vm"}
{"timestamp":"2026-09-05T02:22:48.925Z","action":"memory.get","actor":"若兰","target":"回归Agent","result":"success","detail":"{\"agent\":\"回归Agent\",\"count\":0}","audit_id":"audit_1788574968925_j1k5"}
{"timestamp":"2026-09-05T02:22:48.929Z","action":"memory.get","actor":"若兰","target":"测试Agent","result":"success","detail":"{\"agent\":\"测试Agent\",\"count\":3}","audit_id":"audit_1788574968929_h3e1"}
{"timestamp":"2026-09-05T02:22:49.001Z","action":"memory.get","actor":"若兰","target":"若兰","result":"success","detail":"{\"agent\":\"若兰\",\"count\":3597}","audit_id":"audit_1788574969001_rbyq"}
{"timestamp":"2026-09-05T02:22:49.013Z","action":"memory.query","actor":"若兰","target":"","result":"success","detail":"{\"count\":3}","audit_id":"audit_1788574969013_umi1"}
{"timestamp":"2026-09-05T02:22:49.024Z","action":"memory.feedback","actor":"若兰","target":"","result":"success","detail":"{\"targetId\":\"test_1788574968774\",\"type\":\"correction\"}","audit_id":"audit_1788574969024_epjh"}
{"timestamp":"2026-09-05T02:22:49.035Z","action":"memory.delete","actor":"若兰","target":"","result":"success","detail":"{\"id\":\"test_1788574968774\"}","audit_id":"audit_1788574969035_shag"}
{"timestamp":"2026-09-05T02:22:49.040Z","action":"memory.get","actor":"若兰","target":"测试Agent","result":"success","detail":"{\"agent\":\"测试Agent\",\"count\":2}","audit_id":"audit_1788574969040_6926"}
{"timestamp":"2026-09-05T02:22:49.047Z","action":"memory.add","actor":"test","target":"回归Agent","result":"success","detail":"{\"agent\":\"回归Agent\",\"type\":\"event\",\"structural_weight\":0}","audit_id":"audit_1788574969047_5exn"}
{"timestamp":"2026-09-05T02:22:49.054Z","action":"memory.add","actor":"test","target":"回归Agent","result":"success","detail":"{\"agent\":\"回归Agent\",\"type\":\"event\",\"structural_weight\":0}","audit_id":"audit_1788574969054_oyr6"}
{"timestamp":"2026-09-05T02:22:49.060Z","action":"memory.add","actor":"test","target":"回归Agent","result":"success","detail":"{\"agent\":\"回归Agent\",\"type\":\"event\",\"structural_weight\":0}","audit_id":"audit_1788574969060_1h3q"}
{"timestamp":"2026-09-05T02:22:49.066Z","action":"memory.get","actor":"若兰","target":"回归Agent","result":"success","detail":"{\"agent\":\"回归Agent\",\"count\":3}","audit_id":"audit_1788574969066_5c3l"}
{"timestamp":"2026-09-05T02:22:49.078Z","action":"memory.feedback","actor":"若兰","target":"","result":"success","detail":"{\"targetId\":\"mem_mtnrculd_q3bz\",\"type\":\"correction\"}","audit_id":"audit_1788574969078_nzpl"}
{"timestamp":"2026-09-05T02:22:49.084Z","action":"memory.get","actor":"若兰","target":"回归Agent","result":"success","detail":"{\"agent\":\"回归Agent\",\"count\":3}","audit_id":"audit_1788574969084_exsm"}
{"timestamp":"2026-09-05T02:22:49.094Z","action":"memory.delete","actor":"若兰","target":"","result":"success","detail":"{\"id\":\"mem_mtnrculd_q3bz\"}","audit_id":"audit_1788574969094_vs7s"}
{"timestamp":"2026-09-05T02:22:49.104Z","action":"memory.delete","actor":"若兰","target":"","result":"success","detail":"{\"id\":\"mem_mtnrcul6_aiwc\"}","audit_id":"audit_1788574969104_7tqr"}
{"timestamp":"2026-09-05T02:22:49.114Z","action":"memory.delete","actor":"若兰","target":"","result":"success","detail":"{\"id\":\"mem_mtnrcul0_875f\"}","audit_id":"audit_1788574969114_6y99"}
{"timestamp":"2026-09-05T02:22:49.120Z","action":"memory.add","actor":"test","target":"回归Agent","result":"success","detail":"{\"agent\":\"回归Agent\",\"type\":\"lesson\",\"structural_weight\":0}","audit_id":"audit_1788574969120_fcxl"}
{"timestamp":"2026-09-05T02:22:49.125Z","action":"memory.get","actor":"若兰","target":"回归Agent","result":"success","detail":"{\"agent\":\"回归Agent\",\"count\":1}","audit_id":"audit_1788574969125_h6h6"}
{"timestamp":"2026-09-05T02:22:49.129Z","action":"memory.query","actor":"若兰","target":"回归Agent","result":"success","detail":"{\"agent\":\"回归Agent\",\"tags\":[\"碳硅契\"],\"count\":1}","audit_id":"audit_1788574969129_25fw"}
{"timestamp":"2026-09-05T02:22:49.135Z","action":"memory.get","actor":"若兰","target":"回归Agent","result":"success","detail":"{\"agent\":\"回归Agent\",\"count\":1}","audit_id":"audit_1788574969135_6ezn"}
{"timestamp":"2026-09-05T02:22:49.138Z","action":"memory.query","actor":"若兰","target":"回归Agent","result":"success","detail":"{\"agent\":\"回归Agent\",\"count\":0}","audit_id":"audit_1788574969138_f0un"}
{"timestamp":"2026-09-05T02:22:49.148Z","action":"memory.delete","actor":"若兰","target":"","result":"success","detail":"{\"id\":\"mem_mtnrcun0_sewt\"}","audit_id":"audit_1788574969148_nddl"}
{"timestamp":"2026-09-05T02:22:49.163Z","action":"memory.delete","actor":"若兰","target":"","result":"success","detail":"{\"id\":\"test_identity_1788574968787\"}","audit_id":"audit_1788574969163_ut9o"}
{"timestamp":"2026-09-05T02:22:49.174Z","action":"memory.delete","actor":"若兰","target":"","result":"success","detail":"{\"id\":\"test_provenance_1788574968803\"}","audit_id":"audit_1788574969174_rda2"}
{"timestamp":"2026-09-05T02:22:49.182Z","action":"memory.add","actor":"test","target":"回归Agent","result":"success","detail":"{\"agent\":\"回归Agent\",\"type\":\"event\",\"structural_weight\":0}","audit_id":"audit_1788574969182_2lcd"}
{"timestamp":"2026-09-05T02:22:49.193Z","action":"memory.delete","actor":"若兰","target":"","result":"success","detail":"{\"id\":\"mem_mtnrcuoq_czqs\"}","audit_id":"audit_1788574969193_vyn2"}
{"timestamp":"2026-09-05T02:22:49.197Z","action":"memory.get","actor":"若兰","target":"回归Agent","result":"success","detail":"{\"agent\":\"回归Agent\",\"count\":0}","audit_id":"audit_1788574969197_o278"}
{"timestamp":"2026-09-05T02:22:49.883Z","action":"memory.add","actor":"distill","target":"若兰","result":"success","detail":"{\"agent\":\"若兰\",\"type\":\"lesson\",\"structural_weight\":0}","audit_id":"audit_1788574969883_iqbq"}
{"timestamp":"2026-09-05T02:22:49.988Z","action":"memory.get","actor":"若兰","target":"若兰","result":"success","detail":"{\"agent\":\"若兰\",\"count\":3598}","audit_id":"audit_1788574969988_qwt6"}
{"timestamp":"2026-09-05T02:22:50.054Z","action":"memory.get","actor":"若兰","target":"若兰","result":"success","detail":"{\"agent\":\"若兰\",\"count\":3598}","audit_id":"audit_1788574970054_kuq7"}
{"timestamp":"2026-09-05T02:22:51.251Z","action":"memory.delete","actor":"若兰","target":"","result":"success","detail":"{\"id\":\"mem_mtnrcv49_o151\"}","audit_id":"audit_1788574971251_4cxt"}
{"timestamp":"2026-09-05T02:23:03.240Z","action":"memory.add","actor":"若兰","target":"测试Agent","result":"success","detail":"{\"agent\":\"测试Agent\",\"confidence\":\"medium\",\"structural_weight\":0}","audit_id":"audit_1788574983240_owyy"}
{"timestamp":"2026-09-05T02:23:03.247Z","action":"memory.get","actor":"若兰","target":"测试Agent","result":"success","detail":"{\"agent\":\"测试Agent\",\"count\":1}","audit_id":"audit_1788574983247_3igr"}
{"timestamp":"2026-09-05T02:23:03.257Z","action":"memory.add","actor":"若兰","target":"测试Agent","result":"success","detail":"{\"agent\":\"测试Agent\",\"structural_weight\":0.8}","audit_id":"audit_1788574983257_yc5b"}
{"timestamp":"2026-09-05T02:23:03.267Z","action":"memory.get","actor":"若兰","target":"测试Agent","result":"success","detail":"{\"agent\":\"测试Agent\",\"count\":2}","audit_id":"audit_1788574983267_16i3"}
{"timestamp":"2026-09-05T02:23:03.276Z","action":"memory.add","actor":"若兰","target":"测试Agent","result":"success","detail":"{\"agent\":\"测试Agent\",\"structural_weight\":0}","audit_id":"audit_1788574983276_6jrf"}
{"timestamp":"2026-09-05T02:23:03.282Z","action":"memory.get","actor":"若兰","target":"测试Agent","result":"success","detail":"{\"agent\":\"测试Agent\",\"count\":3}","audit_id":"audit_1788574983282_bavl"}
{"timestamp":"2026-09-05T02:23:03.289Z","action":"memory.get","actor":"若兰","target":"测试Agent","result":"success","detail":"{\"agent\":\"测试Agent\",\"count\":3}","audit_id":"audit_1788574983289_i12v"}
{"timestamp":"2026-09-05T02:23:03.293Z","action":"memory.query","actor":"若兰","target":"测试Agent","result":"success","detail":"{\"agent\":\"测试Agent\",\"count\":3}","audit_id":"audit_1788574983293_my4u"}
{"timestamp":"2026-09-05T02:23:03.300Z","action":"memory.get","actor":"若兰","target":"test_agent","result":"success","detail":"{\"agent\":\"test_agent\",\"count\":45}","audit_id":"audit_1788574983301_mi74"}
{"timestamp":"2026-09-05T02:23:03.307Z","action":"memory.get","actor":"若兰","target":"回归Agent","result":"success","detail":"{\"agent\":\"回归Agent\",\"count\":0}","audit_id":"audit_1788574983307_j0qd"}
{"timestamp":"2026-09-05T02:23:03.311Z","action":"memory.get","actor":"若兰","target":"测试Agent","result":"success","detail":"{\"agent\":\"测试Agent\",\"count\":3}","audit_id":"audit_1788574983311_rvzb"}
{"timestamp":"2026-09-05T02:23:03.387Z","action":"memory.get","actor":"若兰","target":"若兰","result":"success","detail":"{\"agent\":\"若兰\",\"count\":3597}","audit_id":"audit_1788574983388_1u90"}
{"timestamp":"2026-09-05T02:23:03.393Z","action":"memory.query","actor":"若兰","target":"","result":"success","detail":"{\"count\":2}","audit_id":"audit_1788574983393_7opx"}
{"timestamp":"2026-09-05T02:23:03.402Z","action":"memory.get","actor":"若兰","target":"test_agent","result":"success","detail":"{\"agent\":\"test_agent\",\"count\":45}","audit_id":"audit_1788574983402_3avh"}
{"timestamp":"2026-09-05T02:23:03.408Z","action":"memory.get","actor":"若兰","target":"回归Agent","result":"success","detail":"{\"agent\":\"回归Agent\",\"count\":0}","audit_id":"audit_1788574983408_0z1j"}
{"timestamp":"2026-09-05T02:23:03.415Z","action":"memory.get","actor":"若兰","target":"测试Agent","result":"success","detail":"{\"agent\":\"测试Agent\",\"count\":3}","audit_id":"audit_1788574983415_u39b"}
{"timestamp":"2026-09-05T02:23:03.486Z","action":"memory.get","actor":"若兰","target":"若兰","result":"success","detail":"{\"agent\":\"若兰\",\"count\":3597}","audit_id":"audit_1788574983486_rc8j"}
{"timestamp":"2026-09-05T02:23:03.498Z","action":"memory.query","actor":"若兰","target":"","result":"success","detail":"{\"count\":3}","audit_id":"audit_1788574983498_0axb"}
{"timestamp":"2026-09-05T02:23:03.510Z","action":"memory.feedback","actor":"若兰","target":"","result":"success","detail":"{\"targetId\":\"test_1788574983233\",\"type\":\"correction\"}","audit_id":"audit_1788574983510_1h0n"}
{"timestamp":"2026-09-05T02:23:03.522Z","action":"memory.delete","actor":"若兰","target":"","result":"success","detail":"{\"id\":\"test_1788574983233\"}","audit_id":"audit_1788574983522_zodw"}
{"timestamp":"2026-09-05T02:23:03.548Z","action":"memory.get","actor":"若兰","target":"测试Agent","result":"success","detail":"{\"agent\":\"测试Agent\",\"count\":2}","audit_id":"audit_1788574983548_hnko"}
{"timestamp":"2026-09-05T02:23:03.574Z","action":"memory.add","actor":"test","target":"回归Agent","result":"success","detail":"{\"agent\":\"回归Agent\",\"type\":\"event\",\"structural_weight\":0}","audit_id":"audit_1788574983574_dfed"}
{"timestamp":"2026-09-05T02:23:03.582Z","action":"memory.add","actor":"test","target":"回归Agent","result":"success","detail":"{\"agent\":\"回归Agent\",\"type\":\"event\",\"structural_weight\":0}","audit_id":"audit_1788574983582_mu7h"}
{"timestamp":"2026-09-05T02:23:03.590Z","action":"memory.add","actor":"test","target":"回归Agent","result":"success","detail":"{\"agent\":\"回归Agent\",\"type\":\"event\",\"structural_weight\":0}","audit_id":"audit_1788574983590_xadr"}
{"timestamp":"2026-09-05T02:23:03.595Z","action":"memory.get","actor":"若兰","target":"回归Agent","result":"success","detail":"{\"agent\":\"回归Agent\",\"count\":3}","audit_id":"audit_1788574983595_89ab"}
{"timestamp":"2026-09-05T02:23:03.604Z","action":"memory.feedback","actor":"若兰","target":"","result":"success","detail":"{\"targetId\":\"mem_mtnrd5sx_ssx2\",\"type\":\"correction\"}","audit_id":"audit_1788574983604_sgcb"}
{"timestamp":"2026-09-05T02:23:03.609Z","action":"memory.get","actor":"若兰","target":"回归Agent","result":"success","detail":"{\"agent\":\"回归Agent\",\"count\":3}","audit_id":"audit_1788574983609_gplf"}
{"timestamp":"2026-09-05T02:23:03.618Z","action":"memory.delete","actor":"若兰","target":"","result":"success","detail":"{\"id\":\"mem_mtnrd5sx_ssx2\"}","audit_id":"audit_1788574983618_60dg"}
{"timestamp":"2026-09-05T02:23:03.627Z","action":"memory.delete","actor":"若兰","target":"","result":"success","detail":"{\"id\":\"mem_mtnrd5sq_yxqo\"}","audit_id":"audit_1788574983627_z55r"}
{"timestamp":"2026-09-05T02:23:03.636Z","action":"memory.delete","actor":"若兰","target":"","result":"success","detail":"{\"id\":\"mem_mtnrd5s8_z4dg\"}","audit_id":"audit_1788574983636_285q"}
{"timestamp":"2026-09-05T02:23:03.642Z","action":"memory.add","actor":"test","target":"回归Agent","result":"success","detail":"{\"agent\":\"回归Agent\",\"type\":\"lesson\",\"structural_weight\":0}","audit_id":"audit_1788574983642_dil1"}
{"timestamp":"2026-09-05T02:23:03.656Z","action":"memory.get","actor":"若兰","target":"回归Agent","result":"success","detail":"{\"agent\":\"回归Agent\",\"count\":1}","audit_id":"audit_1788574983656_n1po"}
{"timestamp":"2026-09-05T02:23:03.662Z","action":"memory.query","actor":"若兰","target":"回归Agent","result":"success","detail":"{\"agent\":\"回归Agent\",\"tags\":[\"碳硅契\"],\"count\":1}","audit_id":"audit_1788574983662_e0jv"}
{"timestamp":"2026-09-05T02:23:03.675Z","action":"memory.get","actor":"若兰","target":"回归Agent","result":"success","detail":"{\"agent\":\"回归Agent\",\"count\":1}","audit_id":"audit_1788574983675_voaf"}
{"timestamp":"2026-09-05T02:23:03.680Z","action":"memory.query","actor":"若兰","target":"回归Agent","result":"success","detail":"{\"agent\":\"回归Agent\",\"count\":0}","audit_id":"audit_1788574983680_m10b"}
{"timestamp":"2026-09-05T02:23:03.694Z","action":"memory.delete","actor":"若兰","target":"","result":"success","detail":"{\"id\":\"mem_mtnrd5ue_m165\"}","audit_id":"audit_1788574983694_s9jl"}
{"timestamp":"2026-09-05T02:23:03.708Z","action":"memory.delete","actor":"若兰","target":"","result":"success","detail":"{\"id\":\"test_identity_1788574983251\"}","audit_id":"audit_1788574983708_75j7"}
{"timestamp":"2026-09-05T02:23:03.729Z","action":"memory.delete","actor":"若兰","target":"","result":"success","detail":"{\"id\":\"test_provenance_1788574983271\"}","audit_id":"audit_1788574983729_r5j1"}
{"timestamp":"2026-09-05T02:23:03.752Z","action":"memory.add","actor":"test","target":"回归Agent","result":"success","detail":"{\"agent\":\"回归Agent\",\"type\":\"event\",\"structural_weight\":0}","audit_id":"audit_1788574983752_d8y8"}
{"timestamp":"2026-09-05T02:23:03.765Z","action":"memory.delete","actor":"若兰","target":"","result":"success","detail":"{\"id\":\"mem_mtnrd5x5_p53l\"}","audit_id":"audit_1788574983765_pbvh"}
{"timestamp":"2026-09-05T02:23:03.770Z","action":"memory.get","actor":"若兰","target":"回归Agent","result":"success","detail":"{\"agent\":\"回归Agent\",\"count\":0}","audit_id":"audit_1788574983770_9nm1"}
{"timestamp":"2026-09-05T02:23:04.226Z","action":"memory.add","actor":"distill","target":"若兰","result":"success","detail":"{\"agent\":\"若兰\",\"type\":\"lesson\",\"structural_weight\":0}","audit_id":"audit_1788574984226_dtzr"}
{"timestamp":"2026-09-05T02:23:04.295Z","action":"memory.get","actor":"若兰","target":"若兰","result":"success","detail":"{\"agent\":\"若兰\",\"count\":3598}","audit_id":"audit_1788574984295_84t1"}
{"timestamp":"2026-09-05T02:23:04.362Z","action":"memory.get","actor":"若兰","target":"若兰","result":"success","detail":"{\"agent\":\"若兰\",\"count\":3598}","audit_id":"audit_1788574984362_2z6x"}
{"timestamp":"2026-09-05T02:23:05.702Z","action":"memory.delete","actor":"若兰","target":"","result":"success","detail":"{\"id\":\"mem_mtnrd69n_wn7y\"}","audit_id":"audit_1788574985702_pjls"}
{"timestamp":"2026-09-05T02:23:14.038Z","action":"memory.add","actor":"若兰","target":"测试Agent","result":"success","detail":"{\"agent\":\"测试Agent\",\"confidence\":\"medium\",\"structural_weight\":0}","audit_id":"audit_1788574994038_h7ga"}
{"timestamp":"2026-09-05T02:23:14.048Z","action":"memory.get","actor":"若兰","target":"测试Agent","result":"success","detail":"{\"agent\":\"测试Agent\",\"count\":1}","audit_id":"audit_1788574994048_09gh"}
{"timestamp":"2026-09-05T02:23:14.063Z","action":"memory.add","actor":"若兰","target":"测试Agent","result":"success","detail":"{\"agent\":\"测试Agent\",\"structural_weight\":0.8}","audit_id":"audit_1788574994063_3t6v"}
{"timestamp":"2026-09-05T02:23:14.080Z","action":"memory.get","actor":"若兰","target":"测试Agent","result":"success","detail":"{\"agent\":\"测试Agent\",\"count\":2}","audit_id":"audit_1788574994080_cv4e"}
{"timestamp":"2026-09-05T02:23:14.090Z","action":"memory.add","actor":"若兰","target":"测试Agent","result":"success","detail":"{\"agent\":\"测试Agent\",\"structural_weight\":0}","audit_id":"audit_1788574994090_fbo2"}
{"timestamp":"2026-09-05T02:23:14.095Z","action":"memory.get","actor":"若兰","target":"测试Agent","result":"success","detail":"{\"agent\":\"测试Agent\",\"count\":3}","audit_id":"audit_1788574994095_ib11"}
{"timestamp":"2026-09-05T02:23:14.101Z","action":"memory.get","actor":"若兰","target":"测试Agent","result":"success","detail":"{\"agent\":\"测试Agent\",\"count\":3}","audit_id":"audit_1788574994101_e2y7"}
{"timestamp":"2026-09-05T02:23:14.105Z","action":"memory.query","actor":"若兰","target":"测试Agent","result":"success","detail":"{\"agent\":\"测试Agent\",\"count\":3}","audit_id":"audit_1788574994105_q4me"}
{"timestamp":"2026-09-05T02:23:14.114Z","action":"memory.get","actor":"若兰","target":"test_agent","result":"success","detail":"{\"agent\":\"test_agent\",\"count\":45}","audit_id":"audit_1788574994114_khb8"}
{"timestamp":"2026-09-05T02:23:14.128Z","action":"memory.get","actor":"若兰","target":"回归Agent","result":"success","detail":"{\"agent\":\"回归Agent\",\"count\":0}","audit_id":"audit_1788574994128_8r5r"}
{"timestamp":"2026-09-05T02:23:14.139Z","action":"memory.get","actor":"若兰","target":"测试Agent","result":"success","detail":"{\"agent\":\"测试Agent\",\"count\":3}","audit_id":"audit_1788574994139_c06d"}
{"timestamp":"2026-09-05T02:23:14.286Z","action":"memory.get","actor":"若兰","target":"若兰","result":"success","detail":"{\"agent\":\"若兰\",\"count\":3597}","audit_id":"audit_1788574994286_vjko"}
{"timestamp":"2026-09-05T02:23:14.317Z","action":"memory.query","actor":"若兰","target":"","result":"success","detail":"{\"count\":2}","audit_id":"audit_1788574994317_q0ug"}
{"timestamp":"2026-09-05T02:23:14.334Z","action":"memory.get","actor":"若兰","target":"test_agent","result":"success","detail":"{\"agent\":\"test_agent\",\"count\":45}","audit_id":"audit_1788574994334_kms2"}
{"timestamp":"2026-09-05T02:23:14.343Z","action":"memory.get","actor":"若兰","target":"回归Agent","result":"success","detail":"{\"agent\":\"回归Agent\",\"count\":0}","audit_id":"audit_1788574994343_i3my"}
{"timestamp":"2026-09-05T02:23:14.355Z","action":"memory.get","actor":"若兰","target":"测试Agent","result":"success","detail":"{\"agent\":\"测试Agent\",\"count\":3}","audit_id":"audit_1788574994355_rllv"}
{"timestamp":"2026-09-05T02:23:14.499Z","action":"memory.get","actor":"若兰","target":"若兰","result":"success","detail":"{\"agent\":\"若兰\",\"count\":3597}","audit_id":"audit_1788574994499_l813"}
{"timestamp":"2026-09-05T02:23:14.515Z","action":"memory.query","actor":"若兰","target":"","result":"success","detail":"{\"count\":3}","audit_id":"audit_1788574994515_ivk4"}
{"timestamp":"2026-09-05T02:23:14.539Z","action":"memory.feedback","actor":"若兰","target":"","result":"success","detail":"{\"targetId\":\"test_1788574994029\",\"type\":\"correction\"}","audit_id":"audit_1788574994539_ksbv"}
{"timestamp":"2026-09-05T02:23:14.553Z","action":"memory.delete","actor":"若兰","target":"","result":"success","detail":"{\"id\":\"test_1788574994029\"}","audit_id":"audit_1788574994553_9iwi"}
{"timestamp":"2026-09-05T02:23:14.559Z","action":"memory.get","actor":"若兰","target":"测试Agent","result":"success","detail":"{\"agent\":\"测试Agent\",\"count\":2}","audit_id":"audit_1788574994559_77qx"}
{"timestamp":"2026-09-05T02:23:14.567Z","action":"memory.add","actor":"test","target":"回归Agent","result":"success","detail":"{\"agent\":\"回归Agent\",\"type\":\"event\",\"structural_weight\":0}","audit_id":"audit_1788574994567_puxq"}
{"timestamp":"2026-09-05T02:23:14.574Z","action":"memory.add","actor":"test","target":"回归Agent","result":"success","detail":"{\"agent\":\"回归Agent\",\"type\":\"event\",\"structural_weight\":0}","audit_id":"audit_1788574994574_rz3i"}
{"timestamp":"2026-09-05T02:23:14.582Z","action":"memory.add","actor":"test","target":"回归Agent","result":"success","detail":"{\"agent\":\"回归Agent\",\"type\":\"event\",\"structural_weight\":0}","audit_id":"audit_1788574994582_pvgm"}
{"timestamp":"2026-09-05T02:23:14.587Z","action":"memory.get","actor":"若兰","target":"回归Agent","result":"success","detail":"{\"agent\":\"回归Agent\",\"count\":3}","audit_id":"audit_1788574994587_td1k"}
{"timestamp":"2026-09-05T02:23:14.598Z","action":"memory.feedback","actor":"若兰","target":"","result":"success","detail":"{\"targetId\":\"mem_mtnrdea9_gkt1\",\"type\":\"correction\"}","audit_id":"audit_1788574994598_eqvf"}
{"timestamp":"2026-09-05T02:23:14.604Z","action":"memory.get","actor":"若兰","target":"回归Agent","result":"success","detail":"{\"agent\":\"回归Agent\",\"count\":3}","audit_id":"audit_1788574994604_grjc"}
{"timestamp":"2026-09-05T02:23:14.615Z","action":"memory.delete","actor":"若兰","target":"","result":"success","detail":"{\"id\":\"mem_mtnrdea9_gkt1\"}","audit_id":"audit_1788574994615_ruom"}
{"timestamp":"2026-09-05T02:23:14.625Z","action":"memory.delete","actor":"若兰","target":"","result":"success","detail":"{\"id\":\"mem_mtnrdea2_ce9k\"}","audit_id":"audit_1788574994625_usb1"}
{"timestamp":"2026-09-05T02:23:14.635Z","action":"memory.delete","actor":"若兰","target":"","result":"success","detail":"{\"id\":\"mem_mtnrde9u_lv2v\"}","audit_id":"audit_1788574994635_jt4c"}
{"timestamp":"2026-09-05T02:23:14.642Z","action":"memory.add","actor":"test","target":"回归Agent","result":"success","detail":"{\"agent\":\"回归Agent\",\"type\":\"lesson\",\"structural_weight\":0}","audit_id":"audit_1788574994642_ofmy"}
{"timestamp":"2026-09-05T02:23:14.647Z","action":"memory.get","actor":"若兰","target":"回归Agent","result":"success","detail":"{\"agent\":\"回归Agent\",\"count\":1}","audit_id":"audit_1788574994647_tzl0"}
{"timestamp":"2026-09-05T02:23:14.650Z","action":"memory.query","actor":"若兰","target":"回归Agent","result":"success","detail":"{\"agent\":\"回归Agent\",\"tags\":[\"碳硅契\"],\"count\":1}","audit_id":"audit_1788574994650_hvvq"}
{"timestamp":"2026-09-05T02:23:14.654Z","action":"memory.get","actor":"若兰","target":"回归Agent","result":"success","detail":"{\"agent\":\"回归Agent\",\"count\":1}","audit_id":"audit_1788574994654_5ls0"}
{"timestamp":"2026-09-05T02:23:14.657Z","action":"memory.query","actor":"若兰","target":"回归Agent","result":"success","detail":"{\"agent\":\"回归Agent\",\"count\":0}","audit_id":"audit_1788574994657_9fga"}
{"timestamp":"2026-09-05T02:23:14.666Z","action":"memory.delete","actor":"若兰","target":"","result":"success","detail":"{\"id\":\"mem_mtnrdeby_jupu\"}","audit_id":"audit_1788574994666_0vkr"}
{"timestamp":"2026-09-05T02:23:14.677Z","action":"memory.delete","actor":"若兰","target":"","result":"success","detail":"{\"id\":\"test_identity_1788574994054\"}","audit_id":"audit_1788574994677_2cgb"}
{"timestamp":"2026-09-05T02:23:14.690Z","action":"memory.delete","actor":"若兰","target":"","result":"success","detail":"{\"id\":\"test_provenance_1788574994086\"}","audit_id":"audit_1788574994690_h72z"}
{"timestamp":"2026-09-05T02:23:14.702Z","action":"memory.add","actor":"test","target":"回归Agent","result":"success","detail":"{\"agent\":\"回归Agent\",\"type\":\"event\",\"structural_weight\":0}","audit_id":"audit_1788574994702_10e7"}
{"timestamp":"2026-09-05T02:23:14.713Z","action":"memory.delete","actor":"若兰","target":"","result":"success","detail":"{\"id\":\"mem_mtnrdedi_9mhd\"}","audit_id":"audit_1788574994713_ak8m"}
{"timestamp":"2026-09-05T02:23:14.719Z","action":"memory.get","actor":"若兰","target":"回归Agent","result":"success","detail":"{\"agent\":\"回归Agent\",\"count\":0}","audit_id":"audit_1788574994719_3xb9"}
{"timestamp":"2026-09-05T02:23:15.224Z","action":"memory.add","actor":"distill","target":"若兰","result":"success","detail":"{\"agent\":\"若兰\",\"type\":\"lesson\",\"structural_weight\":0}","audit_id":"audit_1788574995224_a7vs"}
{"timestamp":"2026-09-05T02:23:15.316Z","action":"memory.get","actor":"若兰","target":"若兰","result":"success","detail":"{\"agent\":\"若兰\",\"count\":3598}","audit_id":"audit_1788574995316_gs8l"}
{"timestamp":"2026-09-05T02:23:15.378Z","action":"memory.get","actor":"若兰","target":"若兰","result":"success","detail":"{\"agent\":\"若兰\",\"count\":3598}","audit_id":"audit_1788574995378_2lpw"}
{"timestamp":"2026-09-05T02:23:15.453Z","action":"memory.delete","actor":"若兰","target":"","result":"success","detail":"{\"id\":\"mem_mtnrder3_k4p7\"}","audit_id":"audit_1788574995453_pspt"}
{"timestamp":"2026-09-05T02:23:28.355Z","action":"memory.add","actor":"若兰","target":"测试Agent","result":"success","detail":"{\"agent\":\"测试Agent\",\"confidence\":\"medium\",\"structural_weight\":0}","audit_id":"audit_1788575008355_z3bd"}
{"timestamp":"2026-09-05T02:23:28.361Z","action":"memory.get","actor":"若兰","target":"测试Agent","result":"success","detail":"{\"agent\":\"测试Agent\",\"count\":1}","audit_id":"audit_1788575008361_v5bi"}
{"timestamp":"2026-09-05T02:23:28.444Z","action":"memory.add","actor":"若兰","target":"测试Agent","result":"success","detail":"{\"agent\":\"测试Agent\",\"structural_weight\":0.8}","audit_id":"audit_1788575008444_x3zh"}
{"timestamp":"2026-09-05T02:23:28.453Z","action":"memory.get","actor":"若兰","target":"测试Agent","result":"success","detail":"{\"agent\":\"测试Agent\",\"count\":2}","audit_id":"audit_1788575008453_lg28"}
{"timestamp":"2026-09-05T02:23:28.468Z","action":"memory.add","actor":"若兰","target":"测试Agent","result":"success","detail":"{\"agent\":\"测试Agent\",\"structural_weight\":0}","audit_id":"audit_1788575008468_wv0a"}
{"timestamp":"2026-09-05T02:23:28.473Z","action":"memory.get","actor":"若兰","target":"测试Agent","result":"success","detail":"{\"agent\":\"测试Agent\",\"count\":3}","audit_id":"audit_1788575008473_jdea"}
{"timestamp":"2026-09-05T02:23:28.478Z","action":"memory.get","actor":"若兰","target":"测试Agent","result":"success","detail":"{\"agent\":\"测试Agent\",\"count\":3}","audit_id":"audit_1788575008478_rf3j"}
{"timestamp":"2026-09-05T02:23:28.481Z","action":"memory.query","actor":"若兰","target":"测试Agent","result":"success","detail":"{\"agent\":\"测试Agent\",\"count\":3}","audit_id":"audit_1788575008481_ojyi"}
{"timestamp":"2026-09-05T02:23:28.489Z","action":"memory.get","actor":"若兰","target":"test_agent","result":"success","detail":"{\"agent\":\"test_agent\",\"count\":45}","audit_id":"audit_1788575008489_0lap"}
{"timestamp":"2026-09-05T02:23:28.494Z","action":"memory.get","actor":"若兰","target":"回归Agent","result":"success","detail":"{\"agent\":\"回归Agent\",\"count\":0}","audit_id":"audit_1788575008494_w0sr"}
{"timestamp":"2026-09-05T02:23:28.499Z","action":"memory.get","actor":"若兰","target":"测试Agent","result":"success","detail":"{\"agent\":\"测试Agent\",\"count\":3}","audit_id":"audit_1788575008499_tgxj"}
{"timestamp":"2026-09-05T02:23:28.568Z","action":"memory.get","actor":"若兰","target":"若兰","result":"success","detail":"{\"agent\":\"若兰\",\"count\":3597}","audit_id":"audit_1788575008568_61xn"}
{"timestamp":"2026-09-05T02:23:31.520Z","action":"memory.query","actor":"若兰","target":"","result":"success","detail":"{\"count\":2}","audit_id":"audit_1788575011520_ducp"}
{"timestamp":"2026-09-05T02:23:31.557Z","action":"memory.get","actor":"若兰","target":"test_agent","result":"success","detail":"{\"agent\":\"test_agent\",\"count\":45}","audit_id":"audit_1788575011557_1f47"}
{"timestamp":"2026-09-05T02:23:31.564Z","action":"memory.get","actor":"若兰","target":"回归Agent","result":"success","detail":"{\"agent\":\"回归Agent\",\"count\":0}","audit_id":"audit_1788575011564_bgoc"}
{"timestamp":"2026-09-05T02:23:31.570Z","action":"memory.get","actor":"若兰","target":"测试Agent","result":"success","detail":"{\"agent\":\"测试Agent\",\"count\":3}","audit_id":"audit_1788575011570_rjum"}
{"timestamp":"2026-09-05T02:23:31.641Z","action":"memory.get","actor":"若兰","target":"若兰","result":"success","detail":"{\"agent\":\"若兰\",\"count\":3597}","audit_id":"audit_1788575011642_yqk7"}
{"timestamp":"2026-09-05T02:23:31.654Z","action":"memory.query","actor":"若兰","target":"","result":"success","detail":"{\"count\":3}","audit_id":"audit_1788575011654_eq0z"}
{"timestamp":"2026-09-05T02:23:31.812Z","action":"memory.feedback","actor":"若兰","target":"","result":"success","detail":"{\"targetId\":\"test_1788575008351\",\"type\":\"correction\"}","audit_id":"audit_1788575011812_wk64"}
{"timestamp":"2026-09-05T02:23:31.955Z","action":"memory.delete","actor":"若兰","target":"","result":"success","detail":"{\"id\":\"test_1788575008351\"}","audit_id":"audit_1788575011955_cbw8"}
{"timestamp":"2026-09-05T02:23:31.962Z","action":"memory.get","actor":"若兰","target":"测试Agent","result":"success","detail":"{\"agent\":\"测试Agent\",\"count\":2}","audit_id":"audit_1788575011962_ls7c"}
{"timestamp":"2026-09-05T02:23:31.969Z","action":"memory.add","actor":"test","target":"回归Agent","result":"success","detail":"{\"agent\":\"回归Agent\",\"type\":\"event\",\"structural_weight\":0}","audit_id":"audit_1788575011969_xpsd"}
{"timestamp":"2026-09-05T02:23:31.978Z","action":"memory.add","actor":"test","target":"回归Agent","result":"success","detail":"{\"agent\":\"回归Agent\",\"type\":\"event\",\"structural_weight\":0}","audit_id":"audit_1788575011978_6y51"}
{"timestamp":"2026-09-05T02:23:31.990Z","action":"memory.add","actor":"test","target":"回归Agent","result":"success","detail":"{\"agent\":\"回归Agent\",\"type\":\"event\",\"structural_weight\":0}","audit_id":"audit_1788575011990_k9zh"}
{"timestamp":"2026-09-05T02:23:31.995Z","action":"memory.get","actor":"若兰","target":"回归Agent","result":"success","detail":"{\"agent\":\"回归Agent\",\"count\":3}","audit_id":"audit_1788575011995_5c56"}
{"timestamp":"2026-09-05T02:23:32.006Z","action":"memory.feedback","actor":"若兰","target":"","result":"success","detail":"{\"targetId\":\"mem_mtnrdrpr_7j2w\",\"type\":\"correction\"}","audit_id":"audit_1788575012006_d138"}
{"timestamp":"2026-09-05T02:23:32.011Z","action":"memory.get","actor":"若兰","target":"回归Agent","result":"success","detail":"{\"agent\":\"回归Agent\",\"count\":3}","audit_id":"audit_1788575012011_97yz"}
{"timestamp":"2026-09-05T02:23:32.020Z","action":"memory.delete","actor":"若兰","target":"","result":"success","detail":"{\"id\":\"mem_mtnrdrpr_7j2w\"}","audit_id":"audit_1788575012020_g6fn"}
{"timestamp":"2026-09-05T02:23:32.030Z","action":"memory.delete","actor":"若兰","target":"","result":"success","detail":"{\"id\":\"mem_mtnrdrpi_thhw\"}","audit_id":"audit_1788575012030_0ske"}
{"timestamp":"2026-09-05T02:23:32.041Z","action":"memory.delete","actor":"若兰","target":"","result":"success","detail":"{\"id\":\"mem_mtnrdrp9_xgmw\"}","audit_id":"audit_1788575012041_bgpw"}
{"timestamp":"2026-09-05T02:23:32.049Z","action":"memory.add","actor":"test","target":"回归Agent","result":"success","detail":"{\"agent\":\"回归Agent\",\"type\":\"lesson\",\"structural_weight\":0}","audit_id":"audit_1788575012049_9jzv"}
{"timestamp":"2026-09-05T02:23:32.055Z","action":"memory.get","actor":"若兰","target":"回归Agent","result":"success","detail":"{\"agent\":\"回归Agent\",\"count\":1}","audit_id":"audit_1788575012055_s2qm"}
{"timestamp":"2026-09-05T02:23:32.058Z","action":"memory.query","actor":"若兰","target":"回归Agent","result":"success","detail":"{\"agent\":\"回归Agent\",\"tags\":[\"碳硅契\"],\"count\":1}","audit_id":"audit_1788575012059_6dj5"}
{"timestamp":"2026-09-05T02:23:32.063Z","action":"memory.get","actor":"若兰","target":"回归Agent","result":"success","detail":"{\"agent\":\"回归Agent\",\"count\":1}","audit_id":"audit_1788575012063_3dch"}
{"timestamp":"2026-09-05T02:23:32.066Z","action":"memory.query","actor":"若兰","target":"回归Agent","result":"success","detail":"{\"agent\":\"回归Agent\",\"count\":0}","audit_id":"audit_1788575012066_1jbg"}
{"timestamp":"2026-09-05T02:23:32.087Z","action":"memory.delete","actor":"若兰","target":"","result":"success","detail":"{\"id\":\"mem_mtnrdrrf_83c9\"}","audit_id":"audit_1788575012087_8k3t"}
{"timestamp":"2026-09-05T02:23:32.122Z","action":"memory.delete","actor":"若兰","target":"","result":"success","detail":"{\"id\":\"test_identity_1788575008439\"}","audit_id":"audit_1788575012122_z544"}
{"timestamp":"2026-09-05T02:23:32.152Z","action":"memory.delete","actor":"若兰","target":"","result":"success","detail":"{\"id\":\"test_provenance_1788575008457\"}","audit_id":"audit_1788575012152_l6n7"}
{"timestamp":"2026-09-05T02:23:32.160Z","action":"memory.add","actor":"test","target":"回归Agent","result":"success","detail":"{\"agent\":\"回归Agent\",\"type\":\"event\",\"structural_weight\":0}","audit_id":"audit_1788575012160_8hkq"}
{"timestamp":"2026-09-05T02:23:32.170Z","action":"memory.delete","actor":"若兰","target":"","result":"success","detail":"{\"id\":\"mem_mtnrdruj_kj13\"}","audit_id":"audit_1788575012170_fc0g"}
{"timestamp":"2026-09-05T02:23:32.179Z","action":"memory.get","actor":"若兰","target":"回归Agent","result":"success","detail":"{\"agent\":\"回归Agent\",\"count\":0}","audit_id":"audit_1788575012179_7d8h"}
{"timestamp":"2026-09-05T02:23:32.613Z","action":"memory.add","actor":"distill","target":"若兰","result":"success","detail":"{\"agent\":\"若兰\",\"type\":\"lesson\",\"structural_weight\":0}","audit_id":"audit_1788575012613_2khd"}
{"timestamp":"2026-09-05T02:23:32.693Z","action":"memory.get","actor":"若兰","target":"若兰","result":"success","detail":"{\"agent\":\"若兰\",\"count\":3598}","audit_id":"audit_1788575012693_ay33"}
{"timestamp":"2026-09-05T02:23:32.756Z","action":"memory.get","actor":"若兰","target":"若兰","result":"success","detail":"{\"agent\":\"若兰\",\"count\":3598}","audit_id":"audit_1788575012756_guzq"}
{"timestamp":"2026-09-05T02:23:32.878Z","action":"memory.delete","actor":"若兰","target":"","result":"success","detail":"{\"id\":\"mem_mtnrds61_hqwr\"}","audit_id":"audit_1788575012878_vk40"}
{"timestamp":"2026-09-05T02:29:16.429Z","action":"memory.add","actor":"若兰","target":"测试Agent","result":"success","detail":"{\"agent\":\"测试Agent\",\"confidence\":\"medium\",\"structural_weight\":0}","audit_id":"audit_1788575356429_fmxw"}
{"timestamp":"2026-09-05T02:29:16.435Z","action":"memory.get","actor":"若兰","target":"测试Agent","result":"success","detail":"{\"agent\":\"测试Agent\",\"count\":1}","audit_id":"audit_1788575356435_plo2"}
{"timestamp":"2026-09-05T02:29:16.442Z","action":"memory.add","actor":"若兰","target":"测试Agent","result":"success","detail":"{\"agent\":\"测试Agent\",\"structural_weight\":0.8}","audit_id":"audit_1788575356442_rkc5"}
{"timestamp":"2026-09-05T02:29:16.450Z","action":"memory.get","actor":"若兰","target":"测试Agent","result":"success","detail":"{\"agent\":\"测试Agent\",\"count\":2}","audit_id":"audit_1788575356450_fdyr"}
{"timestamp":"2026-09-05T02:29:16.457Z","action":"memory.add","actor":"若兰","target":"测试Agent","result":"success","detail":"{\"agent\":\"测试Agent\",\"structural_weight\":0}","audit_id":"audit_1788575356457_frs5"}
{"timestamp":"2026-09-05T02:29:16.462Z","action":"memory.get","actor":"若兰","target":"测试Agent","result":"success","detail":"{\"agent\":\"测试Agent\",\"count\":3}","audit_id":"audit_1788575356462_c033"}
{"timestamp":"2026-09-05T02:29:16.472Z","action":"memory.get","actor":"若兰","target":"测试Agent","result":"success","detail":"{\"agent\":\"测试Agent\",\"count\":3}","audit_id":"audit_1788575356472_a8rv"}
{"timestamp":"2026-09-05T02:29:16.478Z","action":"memory.query","actor":"若兰","target":"测试Agent","result":"success","detail":"{\"agent\":\"测试Agent\",\"count\":3}","audit_id":"audit_1788575356478_7bui"}
{"timestamp":"2026-09-05T02:29:16.486Z","action":"memory.get","actor":"若兰","target":"test_agent","result":"success","detail":"{\"agent\":\"test_agent\",\"count\":45}","audit_id":"audit_1788575356486_jhs0"}
{"timestamp":"2026-09-05T02:29:16.491Z","action":"memory.get","actor":"若兰","target":"回归Agent","result":"success","detail":"{\"agent\":\"回归Agent\",\"count\":0}","audit_id":"audit_1788575356491_q92a"}
{"timestamp":"2026-09-05T02:29:16.496Z","action":"memory.get","actor":"若兰","target":"测试Agent","result":"success","detail":"{\"agent\":\"测试Agent\",\"count\":3}","audit_id":"audit_1788575356496_c3vx"}
{"timestamp":"2026-09-05T02:29:16.620Z","action":"memory.get","actor":"若兰","target":"若兰","result":"success","detail":"{\"agent\":\"若兰\",\"count\":3597}","audit_id":"audit_1788575356620_7p47"}
{"timestamp":"2026-09-05T02:29:16.636Z","action":"memory.query","actor":"若兰","target":"","result":"success","detail":"{\"count\":2}","audit_id":"audit_1788575356636_f2z4"}
{"timestamp":"2026-09-05T02:29:16.644Z","action":"memory.get","actor":"若兰","target":"test_agent","result":"success","detail":"{\"agent\":\"test_agent\",\"count\":45}","audit_id":"audit_1788575356644_87tq"}
{"timestamp":"2026-09-05T02:29:16.650Z","action":"memory.get","actor":"若兰","target":"回归Agent","result":"success","detail":"{\"agent\":\"回归Agent\",\"count\":0}","audit_id":"audit_1788575356650_o4mi"}
{"timestamp":"2026-09-05T02:29:16.656Z","action":"memory.get","actor":"若兰","target":"测试Agent","result":"success","detail":"{\"agent\":\"测试Agent\",\"count\":3}","audit_id":"audit_1788575356656_15b9"}
{"timestamp":"2026-09-05T02:29:16.770Z","action":"memory.get","actor":"若兰","target":"若兰","result":"success","detail":"{\"agent\":\"若兰\",\"count\":3597}","audit_id":"audit_1788575356770_b8ol"}
{"timestamp":"2026-09-05T02:29:16.781Z","action":"memory.query","actor":"若兰","target":"","result":"success","detail":"{\"count\":3}","audit_id":"audit_1788575356781_1j32"}
{"timestamp":"2026-09-05T02:29:16.793Z","action":"memory.feedback","actor":"若兰","target":"","result":"success","detail":"{\"targetId\":\"test_1788575356425\",\"type\":\"correction\"}","audit_id":"audit_1788575356793_vkic"}
{"timestamp":"2026-09-05T02:29:16.805Z","action":"memory.delete","actor":"若兰","target":"","result":"success","detail":"{\"id\":\"test_1788575356425\"}","audit_id":"audit_1788575356805_jwk1"}
{"timestamp":"2026-09-05T02:29:16.811Z","action":"memory.get","actor":"若兰","target":"测试Agent","result":"success","detail":"{\"agent\":\"测试Agent\",\"count\":2}","audit_id":"audit_1788575356811_jaom"}
{"timestamp":"2026-09-05T02:29:16.818Z","action":"memory.add","actor":"test","target":"回归Agent","result":"success","detail":"{\"agent\":\"回归Agent\",\"type\":\"event\",\"structural_weight\":0}","audit_id":"audit_1788575356818_50fm"}
{"timestamp":"2026-09-05T02:29:16.824Z","action":"memory.add","actor":"test","target":"回归Agent","result":"success","detail":"{\"agent\":\"回归Agent\",\"type\":\"event\",\"structural_weight\":0}","audit_id":"audit_1788575356824_arhx"}
{"timestamp":"2026-09-05T02:29:16.831Z","action":"memory.add","actor":"test","target":"回归Agent","result":"success","detail":"{\"agent\":\"回归Agent\",\"type\":\"event\",\"structural_weight\":0}","audit_id":"audit_1788575356831_7yj4"}
{"timestamp":"2026-09-05T02:29:16.836Z","action":"memory.get","actor":"若兰","target":"回归Agent","result":"success","detail":"{\"agent\":\"回归Agent\",\"count\":3}","audit_id":"audit_1788575356836_cr5u"}
{"timestamp":"2026-09-05T02:29:16.846Z","action":"memory.feedback","actor":"若兰","target":"","result":"success","detail":"{\"targetId\":\"mem_mtnrl5sr_6z3s\",\"type\":\"correction\"}","audit_id":"audit_1788575356846_q0pp"}
{"timestamp":"2026-09-05T02:29:16.851Z","action":"memory.get","actor":"若兰","target":"回归Agent","result":"success","detail":"{\"agent\":\"回归Agent\",\"count\":3}","audit_id":"audit_1788575356851_1m3r"}
{"timestamp":"2026-09-05T02:29:16.861Z","action":"memory.delete","actor":"若兰","target":"","result":"success","detail":"{\"id\":\"mem_mtnrl5sr_6z3s\"}","audit_id":"audit_1788575356861_skil"}
{"timestamp":"2026-09-05T02:29:16.870Z","action":"memory.delete","actor":"若兰","target":"","result":"success","detail":"{\"id\":\"mem_mtnrl5sl_m5de\"}","audit_id":"audit_1788575356870_umk6"}
{"timestamp":"2026-09-05T02:29:16.879Z","action":"memory.delete","actor":"若兰","target":"","result":"success","detail":"{\"id\":\"mem_mtnrl5se_94sb\"}","audit_id":"audit_1788575356879_ibpv"}
{"timestamp":"2026-09-05T02:29:16.886Z","action":"memory.add","actor":"test","target":"回归Agent","result":"success","detail":"{\"agent\":\"回归Agent\",\"type\":\"lesson\",\"structural_weight\":0}","audit_id":"audit_1788575356886_d8od"}
{"timestamp":"2026-09-05T02:29:16.892Z","action":"memory.get","actor":"若兰","target":"回归Agent","result":"success","detail":"{\"agent\":\"回归Agent\",\"count\":1}","audit_id":"audit_1788575356892_ni73"}
{"timestamp":"2026-09-05T02:29:16.895Z","action":"memory.query","actor":"若兰","target":"回归Agent","result":"success","detail":"{\"agent\":\"回归Agent\",\"tags\":[\"碳硅契\"],\"count\":1}","audit_id":"audit_1788575356895_ykz0"}
{"timestamp":"2026-09-05T02:29:16.900Z","action":"memory.get","actor":"若兰","target":"回归Agent","result":"success","detail":"{\"agent\":\"回归Agent\",\"count\":1}","audit_id":"audit_1788575356900_mp9z"}
{"timestamp":"2026-09-05T02:29:16.903Z","action":"memory.query","actor":"若兰","target":"回归Agent","result":"success","detail":"{\"agent\":\"回归Agent\",\"count\":0}","audit_id":"audit_1788575356903_cjow"}
{"timestamp":"2026-09-05T02:29:16.912Z","action":"memory.delete","actor":"若兰","target":"","result":"success","detail":"{\"id\":\"mem_mtnrl5ua_beax\"}","audit_id":"audit_1788575356912_dz1n"}
{"timestamp":"2026-09-05T02:29:16.923Z","action":"memory.delete","actor":"若兰","target":"","result":"success","detail":"{\"id\":\"test_identity_1788575356438\"}","audit_id":"audit_1788575356923_okft"}
{"timestamp":"2026-09-05T02:29:16.934Z","action":"memory.delete","actor":"若兰","target":"","result":"success","detail":"{\"id\":\"test_provenance_1788575356454\"}","audit_id":"audit_1788575356934_avjd"}
{"timestamp":"2026-09-05T02:29:16.940Z","action":"memory.add","actor":"test","target":"回归Agent","result":"success","detail":"{\"agent\":\"回归Agent\",\"type\":\"event\",\"structural_weight\":0}","audit_id":"audit_1788575356940_3v8y"}
{"timestamp":"2026-09-05T02:29:16.949Z","action":"memory.delete","actor":"若兰","target":"","result":"success","detail":"{\"id\":\"mem_mtnrl5vs_r49m\"}","audit_id":"audit_1788575356949_p3u9"}
{"timestamp":"2026-09-05T02:29:16.954Z","action":"memory.get","actor":"若兰","target":"回归Agent","result":"success","detail":"{\"agent\":\"回归Agent\",\"count\":0}","audit_id":"audit_1788575356954_ik7d"}
{"timestamp":"2026-09-05T02:29:17.628Z","action":"memory.add","actor":"distill","target":"若兰","result":"success","detail":"{\"agent\":\"若兰\",\"type\":\"lesson\",\"structural_weight\":0}","audit_id":"audit_1788575357628_dm58"}
{"timestamp":"2026-09-05T02:29:17.701Z","action":"memory.get","actor":"若兰","target":"若兰","result":"success","detail":"{\"agent\":\"若兰\",\"count\":3598}","audit_id":"audit_1788575357701_j8hj"}
{"timestamp":"2026-09-05T02:29:17.764Z","action":"memory.get","actor":"若兰","target":"若兰","result":"success","detail":"{\"agent\":\"若兰\",\"count\":3598}","audit_id":"audit_1788575357764_yn9t"}
{"timestamp":"2026-09-05T02:29:17.840Z","action":"memory.delete","actor":"若兰","target":"","result":"success","detail":"{\"id\":\"mem_mtnrl6du_oy8q\"}","audit_id":"audit_1788575357840_980u"}
{"timestamp":"2026-09-05T02:29:39.959Z","action":"memory.add","actor":"若兰","target":"测试甲","result":"success","detail":"{\"agent\":\"测试甲\",\"type\":\"event\",\"structural_weight\":0}","audit_id":"audit_1788575379959_pu6x"}
{"timestamp":"2026-09-05T02:30:04.202Z","action":"memory.add","actor":"若兰","target":"P0-2-验证字段","result":"success","detail":"{\"agent\":\"P0-2-验证字段\",\"type\":\"decision\",\"structural_weight\":0}","audit_id":"audit_1788575404202_6cv9"}
{"timestamp":"2026-09-05T02:30:04.207Z","action":"memory.get","actor":"若兰","target":"P0-2-验证字段","result":"success","detail":"{\"agent\":\"P0-2-验证字段\",\"count\":1}","audit_id":"audit_1788575404207_6nie"}
{"timestamp":"2026-09-05T02:30:41.390Z","action":"memory.add","actor":"dream","target":"P0-2蒸馏测试","result":"success","detail":"{\"agent\":\"P0-2蒸馏测试\",\"type\":\"decision\",\"structural_weight\":0}","audit_id":"audit_1788575441390_y5z7"}
{"timestamp":"2026-09-05T02:30:41.401Z","action":"memory.get","actor":"若兰","target":"P0-2蒸馏测试","result":"success","detail":"{\"agent\":\"P0-2蒸馏测试\",\"count\":1}","audit_id":"audit_1788575441401_ncyw"}
{"timestamp":"2026-09-05T02:30:41.410Z","action":"memory.delete","actor":"若兰","target":"","result":"success","detail":"{\"id\":\"mem_mtnrmz1f_1wpg\"}","audit_id":"audit_1788575441410_b2b8"}
{"timestamp":"2026-09-05T02:30:41.416Z","action":"memory.add","actor":"若兰","target":"P0-2普通条目","result":"success","detail":"{\"agent\":\"P0-2普通条目\",\"type\":\"event\",\"structural_weight\":0}","audit_id":"audit_1788575441416_f5fl"}
{"timestamp":"2026-09-05T02:30:41.420Z","action":"memory.get","actor":"若兰","target":"P0-2普通条目","result":"success","detail":"{\"agent\":\"P0-2普通条目\",\"count\":1}","audit_id":"audit_1788575441420_o8f5"}
{"timestamp":"2026-09-05T02:30:41.427Z","action":"memory.delete","actor":"若兰","target":"","result":"success","detail":"{\"id\":\"mem_mtnrmz2e_mpco\"}","audit_id":"audit_1788575441427_9wzc"}
{"timestamp":"2026-09-05T02:30:47.102Z","action":"memory.add","actor":"若兰","target":"测试Agent","result":"success","detail":"{\"agent\":\"测试Agent\",\"confidence\":\"medium\",\"structural_weight\":0}","audit_id":"audit_1788575447102_pe3h"}
{"timestamp":"2026-09-05T02:30:47.107Z","action":"memory.get","actor":"若兰","target":"测试Agent","result":"success","detail":"{\"agent\":\"测试Agent\",\"count\":1}","audit_id":"audit_1788575447107_ya20"}
{"timestamp":"2026-09-05T02:30:47.119Z","action":"memory.add","actor":"若兰","target":"测试Agent","result":"success","detail":"{\"agent\":\"测试Agent\",\"structural_weight\":0.8}","audit_id":"audit_1788575447119_a01z"}
{"timestamp":"2026-09-05T02:30:47.138Z","action":"memory.get","actor":"若兰","target":"测试Agent","result":"success","detail":"{\"agent\":\"测试Agent\",\"count\":2}","audit_id":"audit_1788575447138_d2le"}
{"timestamp":"2026-09-05T02:30:47.144Z","action":"memory.add","actor":"若兰","target":"测试Agent","result":"success","detail":"{\"agent\":\"测试Agent\",\"structural_weight\":0}","audit_id":"audit_1788575447144_etkl"}
{"timestamp":"2026-09-05T02:30:47.151Z","action":"memory.get","actor":"若兰","target":"测试Agent","result":"success","detail":"{\"agent\":\"测试Agent\",\"count\":3}","audit_id":"audit_1788575447151_7sj4"}
{"timestamp":"2026-09-05T02:30:47.156Z","action":"memory.get","actor":"若兰","target":"测试Agent","result":"success","detail":"{\"agent\":\"测试Agent\",\"count\":3}","audit_id":"audit_1788575447156_2ea6"}
{"timestamp":"2026-09-05T02:30:47.159Z","action":"memory.query","actor":"若兰","target":"测试Agent","result":"success","detail":"{\"agent\":\"测试Agent\",\"count\":3}","audit_id":"audit_1788575447159_euin"}
{"timestamp":"2026-09-05T02:30:47.261Z","action":"memory.get","actor":"若兰","target":"P0_2普通条目","result":"success","detail":"{\"agent\":\"P0_2普通条目\",\"count\":0}","audit_id":"audit_1788575447261_on0p"}
{"timestamp":"2026-09-05T02:30:47.378Z","action":"memory.get","actor":"若兰","target":"P0_2蒸馏测试","result":"success","detail":"{\"agent\":\"P0_2蒸馏测试\",\"count\":0}","audit_id":"audit_1788575447378_a913"}
{"timestamp":"2026-09-05T02:30:47.462Z","action":"memory.get","actor":"若兰","target":"test_agent","result":"success","detail":"{\"agent\":\"test_agent\",\"count\":45}","audit_id":"audit_1788575447462_irs2"}
{"timestamp":"2026-09-05T02:30:47.467Z","action":"memory.get","actor":"若兰","target":"回归Agent","result":"success","detail":"{\"agent\":\"回归Agent\",\"count\":0}","audit_id":"audit_1788575447467_zhqe"}
{"timestamp":"2026-09-05T02:30:47.471Z","action":"memory.get","actor":"若兰","target":"测试Agent","result":"success","detail":"{\"agent\":\"测试Agent\",\"count\":3}","audit_id":"audit_1788575447471_9lwc"}
{"timestamp":"2026-09-05T02:30:47.537Z","action":"memory.get","actor":"若兰","target":"若兰","result":"success","detail":"{\"agent\":\"若兰\",\"count\":3597}","audit_id":"audit_1788575447537_th8v"}
{"timestamp":"2026-09-05T02:30:47.542Z","action":"memory.query","actor":"若兰","target":"","result":"success","detail":"{\"count\":2}","audit_id":"audit_1788575447542_lmfx"}
{"timestamp":"2026-09-05T02:30:47.549Z","action":"memory.get","actor":"若兰","target":"P0_2普通条目","result":"success","detail":"{\"agent\":\"P0_2普通条目\",\"count\":0}","audit_id":"audit_1788575447549_kbrm"}
{"timestamp":"2026-09-05T02:30:47.555Z","action":"memory.get","actor":"若兰","target":"P0_2蒸馏测试","result":"success","detail":"{\"agent\":\"P0_2蒸馏测试\",\"count\":0}","audit_id":"audit_1788575447555_dimr"}
{"timestamp":"2026-09-05T02:30:47.560Z","action":"memory.get","actor":"若兰","target":"test_agent","result":"success","detail":"{\"agent\":\"test_agent\",\"count\":45}","audit_id":"audit_1788575447560_egrt"}
{"timestamp":"2026-09-05T02:30:47.564Z","action":"memory.get","actor":"若兰","target":"回归Agent","result":"success","detail":"{\"agent\":\"回归Agent\",\"count\":0}","audit_id":"audit_1788575447565_698k"}
{"timestamp":"2026-09-05T02:30:47.569Z","action":"memory.get","actor":"若兰","target":"测试Agent","result":"success","detail":"{\"agent\":\"测试Agent\",\"count\":3}","audit_id":"audit_1788575447569_4ah3"}
{"timestamp":"2026-09-05T02:30:47.676Z","action":"memory.get","actor":"若兰","target":"若兰","result":"success","detail":"{\"agent\":\"若兰\",\"count\":3597}","audit_id":"audit_1788575447676_xilh"}
{"timestamp":"2026-09-05T02:30:47.687Z","action":"memory.query","actor":"若兰","target":"","result":"success","detail":"{\"count\":3}","audit_id":"audit_1788575447687_4nxv"}
{"timestamp":"2026-09-05T02:30:47.701Z","action":"memory.feedback","actor":"若兰","target":"","result":"success","detail":"{\"targetId\":\"test_1788575447098\",\"type\":\"correction\"}","audit_id":"audit_1788575447701_095d"}
{"timestamp":"2026-09-05T02:30:47.713Z","action":"memory.delete","actor":"若兰","target":"","result":"success","detail":"{\"id\":\"test_1788575447098\"}","audit_id":"audit_1788575447713_wfui"}
{"timestamp":"2026-09-05T02:30:47.718Z","action":"memory.get","actor":"若兰","target":"测试Agent","result":"success","detail":"{\"agent\":\"测试Agent\",\"count\":2}","audit_id":"audit_1788575447718_bx56"}
{"timestamp":"2026-09-05T02:30:47.724Z","action":"memory.add","actor":"test","target":"回归Agent","result":"success","detail":"{\"agent\":\"回归Agent\",\"type\":\"event\",\"structural_weight\":0}","audit_id":"audit_1788575447724_dmbn"}
{"timestamp":"2026-09-05T02:30:47.731Z","action":"memory.add","actor":"test","target":"回归Agent","result":"success","detail":"{\"agent\":\"回归Agent\",\"type\":\"event\",\"structural_weight\":0}","audit_id":"audit_1788575447731_kliv"}
{"timestamp":"2026-09-05T02:30:47.737Z","action":"memory.add","actor":"test","target":"回归Agent","result":"success","detail":"{\"agent\":\"回归Agent\",\"type\":\"event\",\"structural_weight\":0}","audit_id":"audit_1788575447737_ng1c"}
{"timestamp":"2026-09-05T02:30:47.741Z","action":"memory.get","actor":"若兰","target":"回归Agent","result":"success","detail":"{\"agent\":\"回归Agent\",\"count\":3}","audit_id":"audit_1788575447741_ti4y"}
{"timestamp":"2026-09-05T02:30:47.753Z","action":"memory.feedback","actor":"若兰","target":"","result":"success","detail":"{\"targetId\":\"mem_mtnrn3xx_n32b\",\"type\":\"correction\"}","audit_id":"audit_1788575447753_soht"}
{"timestamp":"2026-09-05T02:30:47.757Z","action":"memory.get","actor":"若兰","target":"回归Agent","result":"success","detail":"{\"agent\":\"回归Agent\",\"count\":3}","audit_id":"audit_1788575447757_oz2c"}
{"timestamp":"2026-09-05T02:30:47.770Z","action":"memory.delete","actor":"若兰","target":"","result":"success","detail":"{\"id\":\"mem_mtnrn3xx_n32b\"}","audit_id":"audit_1788575447770_pkys"}
{"timestamp":"2026-09-05T02:30:47.781Z","action":"memory.delete","actor":"若兰","target":"","result":"success","detail":"{\"id\":\"mem_mtnrn3xr_dn2f\"}","audit_id":"audit_1788575447781_8fqx"}
{"timestamp":"2026-09-05T02:30:47.794Z","action":"memory.delete","actor":"若兰","target":"","result":"success","detail":"{\"id\":\"mem_mtnrn3xk_xzmb\"}","audit_id":"audit_1788575447794_xd2l"}
{"timestamp":"2026-09-05T02:30:47.801Z","action":"memory.add","actor":"test","target":"回归Agent","result":"success","detail":"{\"agent\":\"回归Agent\",\"type\":\"lesson\",\"structural_weight\":0}","audit_id":"audit_1788575447801_7yxq"}
{"timestamp":"2026-09-05T02:30:47.805Z","action":"memory.get","actor":"若兰","target":"回归Agent","result":"success","detail":"{\"agent\":\"回归Agent\",\"count\":1}","audit_id":"audit_1788575447805_wf5e"}
{"timestamp":"2026-09-05T02:30:47.808Z","action":"memory.query","actor":"若兰","target":"回归Agent","result":"success","detail":"{\"agent\":\"回归Agent\",\"tags\":[\"碳硅契\"],\"count\":1}","audit_id":"audit_1788575447808_5xy4"}
{"timestamp":"2026-09-05T02:30:47.812Z","action":"memory.get","actor":"若兰","target":"回归Agent","result":"success","detail":"{\"agent\":\"回归Agent\",\"count\":1}","audit_id":"audit_1788575447812_3tmf"}
{"timestamp":"2026-09-05T02:30:47.814Z","action":"memory.query","actor":"若兰","target":"回归Agent","result":"success","detail":"{\"agent\":\"回归Agent\",\"count\":0}","audit_id":"audit_1788575447814_q9es"}
{"timestamp":"2026-09-05T02:30:47.825Z","action":"memory.delete","actor":"若兰","target":"","result":"success","detail":"{\"id\":\"mem_mtnrn3zo_eoqc\"}","audit_id":"audit_1788575447825_2oef"}
{"timestamp":"2026-09-05T02:30:47.838Z","action":"memory.delete","actor":"若兰","target":"","result":"success","detail":"{\"id\":\"test_identity_1788575447110\"}","audit_id":"audit_1788575447838_oufo"}
{"timestamp":"2026-09-05T02:30:47.850Z","action":"memory.delete","actor":"若兰","target":"","result":"success","detail":"{\"id\":\"test_provenance_1788575447141\"}","audit_id":"audit_1788575447850_oyw3"}
{"timestamp":"2026-09-05T02:30:47.856Z","action":"memory.add","actor":"test","target":"回归Agent","result":"success","detail":"{\"agent\":\"回归Agent\",\"type\":\"event\",\"structural_weight\":0}","audit_id":"audit_1788575447856_d694"}
{"timestamp":"2026-09-05T02:30:47.867Z","action":"memory.delete","actor":"若兰","target":"","result":"success","detail":"{\"id\":\"mem_mtnrn418_ty7j\"}","audit_id":"audit_1788575447867_8w79"}
{"timestamp":"2026-09-05T02:30:47.871Z","action":"memory.get","actor":"若兰","target":"回归Agent","result":"success","detail":"{\"agent\":\"回归Agent\",\"count\":0}","audit_id":"audit_1788575447871_g94j"}
{"timestamp":"2026-09-05T02:30:48.255Z","action":"memory.add","actor":"distill","target":"若兰","result":"success","detail":"{\"agent\":\"若兰\",\"type\":\"lesson\",\"structural_weight\":0}","audit_id":"audit_1788575448255_g038"}
{"timestamp":"2026-09-05T02:30:48.326Z","action":"memory.get","actor":"若兰","target":"若兰","result":"success","detail":"{\"agent\":\"若兰\",\"count\":3598}","audit_id":"audit_1788575448326_h0xq"}
{"timestamp":"2026-09-05T02:30:48.387Z","action":"memory.get","actor":"若兰","target":"若兰","result":"success","detail":"{\"agent\":\"若兰\",\"count\":3598}","audit_id":"audit_1788575448387_pfar"}
{"timestamp":"2026-09-05T02:30:48.466Z","action":"memory.delete","actor":"若兰","target":"","result":"success","detail":"{\"id\":\"mem_mtnrn4bf_canp\"}","audit_id":"audit_1788575448466_96iu"}
{"timestamp":"2026-09-05T02:30:48.563Z","action":"memory.add","actor":"dream","target":"P0-2蒸馏测试","result":"success","detail":"{\"agent\":\"P0-2蒸馏测试\",\"type\":\"decision\",\"structural_weight\":0}","audit_id":"audit_1788575448563_rul1"}
{"timestamp":"2026-09-05T02:30:48.570Z","action":"memory.get","actor":"若兰","target":"P0-2蒸馏测试","result":"success","detail":"{\"agent\":\"P0-2蒸馏测试\",\"count\":1}","audit_id":"audit_1788575448570_hffl"}
{"timestamp":"2026-09-05T02:30:48.581Z","action":"memory.delete","actor":"若兰","target":"","result":"success","detail":"{\"id\":\"mem_mtnrn4kv_i3j7\"}","audit_id":"audit_1788575448581_0ype"}
{"timestamp":"2026-09-05T02:30:48.588Z","action":"memory.add","actor":"若兰","target":"P0-2普通条目","result":"success","detail":"{\"agent\":\"P0-2普通条目\",\"type\":\"event\",\"structural_weight\":0}","audit_id":"audit_1788575448588_z1qc"}
{"timestamp":"2026-09-05T02:30:48.593Z","action":"memory.get","actor":"若兰","target":"P0-2普通条目","result":"success","detail":"{\"agent\":\"P0-2普通条目\",\"count\":1}","audit_id":"audit_1788575448593_rcmq"}
{"timestamp":"2026-09-05T02:30:48.600Z","action":"memory.delete","actor":"若兰","target":"","result":"success","detail":"{\"id\":\"mem_mtnrn4lk_1mup\"}","audit_id":"audit_1788575448600_x91m"}
