{"timestamp":"2026-08-20T03:02:21.177Z","action":"memory.get","actor":"若兰","target":"若兰","result":"success","detail":"{\"agent\":\"若兰\",\"count\":42}","audit_id":"audit_1787194941177_tnsz"}
{"timestamp":"2026-08-20T03:02:21.186Z","action":"memory.add","actor":"daily-sync","target":"若兰","result":"success","detail":"{\"agent\":\"若兰\",\"type\":\"event\",\"structural_weight\":0}","audit_id":"audit_1787194941186_wmso"}
{"timestamp":"2026-08-20T03:02:21.193Z","action":"memory.add","actor":"daily-sync","target":"若兰","result":"success","detail":"{\"agent\":\"若兰\",\"type\":\"event\",\"structural_weight\":0}","audit_id":"audit_1787194941193_dos3"}
{"timestamp":"2026-08-20T03:02:21.200Z","action":"memory.add","actor":"daily-sync","target":"若兰","result":"success","detail":"{\"agent\":\"若兰\",\"type\":\"event\",\"structural_weight\":0}","audit_id":"audit_1787194941200_hgel"}
{"timestamp":"2026-08-20T03:02:21.209Z","action":"memory.get","actor":"若兰","target":"若兰","result":"success","detail":"{\"agent\":\"若兰\",\"count\":45}","audit_id":"audit_1787194941209_29ah"}
{"timestamp":"2026-08-20T03:10:41.578Z","action":"memory.get","actor":"若兰","target":"若兰","result":"success","detail":"{\"agent\":\"若兰\",\"count\":45}","audit_id":"audit_1787195441578_rxsq"}
{"timestamp":"2026-08-20T03:10:41.586Z","action":"memory.get","actor":"若兰","target":"若兰","result":"success","detail":"{\"agent\":\"若兰\",\"count\":45}","audit_id":"audit_1787195441586_f66q"}
{"timestamp":"2026-08-20T03:10:45.670Z","action":"memory.get","actor":"若兰","target":"若兰","result":"success","detail":"{\"agent\":\"若兰\",\"count\":45}","audit_id":"audit_1787195445670_kn7z"}
{"timestamp":"2026-08-20T03:10:45.792Z","action":"memory.get","actor":"若兰","target":"若兰","result":"success","detail":"{\"agent\":\"若兰\",\"count\":45}","audit_id":"audit_1787195445792_tvpa"}
{"timestamp":"2026-08-20T03:11:07.613Z","action":"memory.get","actor":"若兰","target":"若兰","result":"success","detail":"{\"agent\":\"若兰\",\"count\":45}","audit_id":"audit_1787195467613_m30c"}
{"timestamp":"2026-08-20T03:11:07.704Z","action":"memory.get","actor":"若兰","target":"若兰","result":"success","detail":"{\"agent\":\"若兰\",\"count\":45}","audit_id":"audit_1787195467704_ti41"}
{"timestamp":"2026-08-20T03:11:11.786Z","action":"memory.get","actor":"若兰","target":"若兰","result":"success","detail":"{\"agent\":\"若兰\",\"count\":45}","audit_id":"audit_1787195471786_3des"}
{"timestamp":"2026-08-20T03:11:11.882Z","action":"memory.get","actor":"若兰","target":"若兰","result":"success","detail":"{\"agent\":\"若兰\",\"count\":45}","audit_id":"audit_1787195471882_d9lj"}
{"timestamp":"2026-08-20T03:11:11.946Z","action":"memory.add","actor":"dream","target":"若兰","result":"success","detail":"{\"agent\":\"若兰\",\"type\":\"decision\",\"structural_weight\":0.6}","audit_id":"audit_1787195471946_brp2"}
{"timestamp":"2026-08-20T03:11:11.961Z","action":"memory.add","actor":"dream","target":"若兰","result":"success","detail":"{\"agent\":\"若兰\",\"type\":\"decision\",\"structural_weight\":0.6}","audit_id":"audit_1787195471961_qpd2"}
{"timestamp":"2026-08-20T03:11:11.975Z","action":"memory.add","actor":"dream","target":"若兰","result":"success","detail":"{\"agent\":\"若兰\",\"type\":\"milestone\",\"structural_weight\":0.6}","audit_id":"audit_1787195471975_wzu4"}
{"timestamp":"2026-08-20T03:11:11.993Z","action":"memory.add","actor":"dream","target":"若兰","result":"success","detail":"{\"agent\":\"若兰\",\"type\":\"decision\",\"structural_weight\":0.6}","audit_id":"audit_1787195471993_a304"}
{"timestamp":"2026-08-20T03:11:12.007Z","action":"memory.add","actor":"dream","target":"若兰","result":"success","detail":"{\"agent\":\"若兰\",\"type\":\"decision\",\"structural_weight\":0.6}","audit_id":"audit_1787195472007_1bn3"}
{"timestamp":"2026-08-20T03:11:12.021Z","action":"memory.add","actor":"dream","target":"若兰","result":"success","detail":"{\"agent\":\"若兰\",\"type\":\"decision\",\"structural_weight\":0.6}","audit_id":"audit_1787195472021_ozvc"}
{"timestamp":"2026-08-20T03:11:12.033Z","action":"memory.add","actor":"dream","target":"若兰","result":"success","detail":"{\"agent\":\"若兰\",\"type\":\"decision\",\"structural_weight\":0.6}","audit_id":"audit_1787195472033_5ri0"}
{"timestamp":"2026-08-20T03:11:12.046Z","action":"memory.add","actor":"dream","target":"若兰","result":"success","detail":"{\"agent\":\"若兰\",\"type\":\"milestone\",\"structural_weight\":0.6}","audit_id":"audit_1787195472046_881x"}
{"timestamp":"2026-08-20T03:11:12.060Z","action":"memory.add","actor":"dream","target":"若兰","result":"success","detail":"{\"agent\":\"若兰\",\"type\":\"decision\",\"structural_weight\":0.6}","audit_id":"audit_1787195472060_o1s6"}
{"timestamp":"2026-08-20T03:11:12.073Z","action":"memory.add","actor":"dream","target":"若兰","result":"success","detail":"{\"agent\":\"若兰\",\"type\":\"decision\",\"structural_weight\":0.6}","audit_id":"audit_1787195472073_vaic"}
{"timestamp":"2026-08-20T03:11:12.094Z","action":"memory.get","actor":"若兰","target":"若兰","result":"success","detail":"{\"agent\":\"若兰\",\"count\":55}","audit_id":"audit_1787195472094_k22r"}
{"timestamp":"2026-08-20T03:11:27.306Z","action":"memory.get","actor":"若兰","target":"若兰","result":"success","detail":"{\"agent\":\"若兰\",\"count\":55}","audit_id":"audit_1787195487306_k7jf"}
{"timestamp":"2026-08-20T03:11:27.354Z","action":"memory.get","actor":"若兰","target":"若兰","result":"success","detail":"{\"agent\":\"若兰\",\"count\":55}","audit_id":"audit_1787195487354_0t6x"}
{"timestamp":"2026-08-20T03:11:27.426Z","action":"memory.get","actor":"若兰","target":"若兰","result":"success","detail":"{\"agent\":\"若兰\",\"count\":55}","audit_id":"audit_1787195487426_mmwy"}
{"timestamp":"2026-08-20T03:11:31.569Z","action":"memory.get","actor":"若兰","target":"若兰","result":"success","detail":"{\"agent\":\"若兰\",\"count\":55}","audit_id":"audit_1787195491569_07h4"}
{"timestamp":"2026-08-20T03:11:31.580Z","action":"memory.add","actor":"daily-sync","target":"若兰","result":"success","detail":"{\"agent\":\"若兰\",\"type\":\"milestone\",\"structural_weight\":0.6}","audit_id":"audit_1787195491580_cbxi"}
{"timestamp":"2026-08-20T03:11:31.588Z","action":"memory.add","actor":"daily-sync","target":"若兰","result":"success","detail":"{\"agent\":\"若兰\",\"type\":\"event\",\"structural_weight\":0}","audit_id":"audit_1787195491588_6r3s"}
{"timestamp":"2026-08-20T03:11:31.595Z","action":"memory.add","actor":"daily-sync","target":"若兰","result":"success","detail":"{\"agent\":\"若兰\",\"type\":\"event\",\"structural_weight\":0}","audit_id":"audit_1787195491595_3jn6"}
{"timestamp":"2026-08-20T03:11:31.603Z","action":"memory.add","actor":"daily-sync","target":"若兰","result":"success","detail":"{\"agent\":\"若兰\",\"type\":\"event\",\"structural_weight\":0}","audit_id":"audit_1787195491603_q16e"}
{"timestamp":"2026-08-20T03:11:31.611Z","action":"memory.add","actor":"daily-sync","target":"若兰","result":"success","detail":"{\"agent\":\"若兰\",\"type\":\"event\",\"structural_weight\":0}","audit_id":"audit_1787195491611_z2zn"}
{"timestamp":"2026-08-20T03:11:31.619Z","action":"memory.add","actor":"daily-sync","target":"若兰","result":"success","detail":"{\"agent\":\"若兰\",\"type\":\"event\",\"structural_weight\":0}","audit_id":"audit_1787195491619_vnfk"}
{"timestamp":"2026-08-20T03:11:31.626Z","action":"memory.add","actor":"daily-sync","target":"若兰","result":"success","detail":"{\"agent\":\"若兰\",\"type\":\"event\",\"structural_weight\":0}","audit_id":"audit_1787195491626_lggz"}
{"timestamp":"2026-08-20T03:11:31.637Z","action":"memory.add","actor":"daily-sync","target":"若兰","result":"success","detail":"{\"agent\":\"若兰\",\"type\":\"milestone\",\"structural_weight\":0.6}","audit_id":"audit_1787195491637_ho0t"}
{"timestamp":"2026-08-20T03:11:31.646Z","action":"memory.add","actor":"daily-sync","target":"若兰","result":"success","detail":"{\"agent\":\"若兰\",\"type\":\"event\",\"structural_weight\":0}","audit_id":"audit_1787195491646_kgq8"}
{"timestamp":"2026-08-20T03:11:31.653Z","action":"memory.add","actor":"daily-sync","target":"若兰","result":"success","detail":"{\"agent\":\"若兰\",\"type\":\"event\",\"structural_weight\":0}","audit_id":"audit_1787195491653_hl5d"}
{"timestamp":"2026-08-20T03:11:31.661Z","action":"memory.add","actor":"daily-sync","target":"若兰","result":"success","detail":"{\"agent\":\"若兰\",\"type\":\"event\",\"structural_weight\":0}","audit_id":"audit_1787195491661_cu6r"}
{"timestamp":"2026-08-20T03:11:31.668Z","action":"memory.add","actor":"daily-sync","target":"若兰","result":"success","detail":"{\"agent\":\"若兰\",\"type\":\"event\",\"structural_weight\":0}","audit_id":"audit_1787195491668_rnij"}
{"timestamp":"2026-08-20T03:11:31.677Z","action":"memory.add","actor":"daily-sync","target":"若兰","result":"success","detail":"{\"agent\":\"若兰\",\"type\":\"milestone\",\"structural_weight\":0.6}","audit_id":"audit_1787195491677_hsel"}
{"timestamp":"2026-08-20T03:11:31.684Z","action":"memory.add","actor":"daily-sync","target":"若兰","result":"success","detail":"{\"agent\":\"若兰\",\"type\":\"event\",\"structural_weight\":0}","audit_id":"audit_1787195491684_6dus"}
{"timestamp":"2026-08-20T03:11:31.695Z","action":"memory.add","actor":"daily-sync","target":"若兰","result":"success","detail":"{\"agent\":\"若兰\",\"type\":\"milestone\",\"structural_weight\":0.6}","audit_id":"audit_1787195491695_yfzo"}
{"timestamp":"2026-08-20T03:11:31.703Z","action":"memory.add","actor":"daily-sync","target":"若兰","result":"success","detail":"{\"agent\":\"若兰\",\"type\":\"event\",\"structural_weight\":0}","audit_id":"audit_1787195491703_skex"}
{"timestamp":"2026-08-20T03:11:31.714Z","action":"memory.add","actor":"daily-sync","target":"若兰","result":"success","detail":"{\"agent\":\"若兰\",\"type\":\"event\",\"structural_weight\":0}","audit_id":"audit_1787195491714_t709"}
{"timestamp":"2026-08-20T03:11:31.722Z","action":"memory.add","actor":"daily-sync","target":"若兰","result":"success","detail":"{\"agent\":\"若兰\",\"type\":\"event\",\"structural_weight\":0}","audit_id":"audit_1787195491722_9pmj"}
{"timestamp":"2026-08-20T03:11:31.730Z","action":"memory.add","actor":"daily-sync","target":"若兰","result":"success","detail":"{\"agent\":\"若兰\",\"type\":\"milestone\",\"structural_weight\":0.6}","audit_id":"audit_1787195491730_dfvp"}
{"timestamp":"2026-08-20T03:11:31.737Z","action":"memory.add","actor":"daily-sync","target":"若兰","result":"success","detail":"{\"agent\":\"若兰\",\"type\":\"event\",\"structural_weight\":0}","audit_id":"audit_1787195491737_8adl"}
{"timestamp":"2026-08-20T03:11:31.744Z","action":"memory.add","actor":"daily-sync","target":"若兰","result":"success","detail":"{\"agent\":\"若兰\",\"type\":\"event\",\"structural_weight\":0}","audit_id":"audit_1787195491744_cqem"}
{"timestamp":"2026-08-20T03:11:31.752Z","action":"memory.add","actor":"daily-sync","target":"若兰","result":"success","detail":"{\"agent\":\"若兰\",\"type\":\"todo\",\"structural_weight\":0}","audit_id":"audit_1787195491752_zny2"}
{"timestamp":"2026-08-20T03:11:31.763Z","action":"memory.add","actor":"daily-sync","target":"若兰","result":"success","detail":"{\"agent\":\"若兰\",\"type\":\"event\",\"structural_weight\":0}","audit_id":"audit_1787195491763_utxc"}
{"timestamp":"2026-08-20T03:11:31.782Z","action":"memory.add","actor":"daily-sync","target":"若兰","result":"success","detail":"{\"agent\":\"若兰\",\"type\":\"milestone\",\"structural_weight\":0.6}","audit_id":"audit_1787195491782_xxb2"}
{"timestamp":"2026-08-20T03:11:31.796Z","action":"memory.add","actor":"daily-sync","target":"若兰","result":"success","detail":"{\"agent\":\"若兰\",\"type\":\"event\",\"structural_weight\":0}","audit_id":"audit_1787195491796_51ss"}
{"timestamp":"2026-08-20T03:11:31.810Z","action":"memory.add","actor":"daily-sync","target":"若兰","result":"success","detail":"{\"agent\":\"若兰\",\"type\":\"milestone\",\"structural_weight\":0.6}","audit_id":"audit_1787195491810_5w3b"}
{"timestamp":"2026-08-20T03:11:31.821Z","action":"memory.add","actor":"daily-sync","target":"若兰","result":"success","detail":"{\"agent\":\"若兰\",\"type\":\"event\",\"structural_weight\":0}","audit_id":"audit_1787195491822_gvzl"}
{"timestamp":"2026-08-20T03:11:31.828Z","action":"memory.add","actor":"daily-sync","target":"若兰","result":"success","detail":"{\"agent\":\"若兰\",\"type\":\"milestone\",\"structural_weight\":0.6}","audit_id":"audit_1787195491828_mocf"}
{"timestamp":"2026-08-20T03:11:31.836Z","action":"memory.add","actor":"daily-sync","target":"若兰","result":"success","detail":"{\"agent\":\"若兰\",\"type\":\"milestone\",\"structural_weight\":0.6}","audit_id":"audit_1787195491836_86wv"}
{"timestamp":"2026-08-20T03:11:31.842Z","action":"memory.add","actor":"daily-sync","target":"若兰","result":"success","detail":"{\"agent\":\"若兰\",\"type\":\"event\",\"structural_weight\":0}","audit_id":"audit_1787195491842_s7i5"}
{"timestamp":"2026-08-20T03:11:31.853Z","action":"memory.add","actor":"daily-sync","target":"若兰","result":"success","detail":"{\"agent\":\"若兰\",\"type\":\"event\",\"structural_weight\":0}","audit_id":"audit_1787195491853_5pu5"}
{"timestamp":"2026-08-20T03:11:31.860Z","action":"memory.add","actor":"daily-sync","target":"若兰","result":"success","detail":"{\"agent\":\"若兰\",\"type\":\"milestone\",\"structural_weight\":0.6}","audit_id":"audit_1787195491860_b363"}
{"timestamp":"2026-08-20T03:11:31.867Z","action":"memory.add","actor":"daily-sync","target":"若兰","result":"success","detail":"{\"agent\":\"若兰\",\"type\":\"todo\",\"structural_weight\":0}","audit_id":"audit_1787195491867_zkfi"}
{"timestamp":"2026-08-20T03:11:31.873Z","action":"memory.add","actor":"daily-sync","target":"若兰","result":"success","detail":"{\"agent\":\"若兰\",\"type\":\"todo\",\"structural_weight\":0}","audit_id":"audit_1787195491873_ati1"}
{"timestamp":"2026-08-20T03:11:31.883Z","action":"memory.add","actor":"daily-sync","target":"若兰","result":"success","detail":"{\"agent\":\"若兰\",\"type\":\"event\",\"structural_weight\":0}","audit_id":"audit_1787195491883_fcg7"}
{"timestamp":"2026-08-20T03:11:31.890Z","action":"memory.get","actor":"若兰","target":"若兰","result":"success","detail":"{\"agent\":\"若兰\",\"count\":90}","audit_id":"audit_1787195491890_89bt"}
{"timestamp":"2026-08-20T03:11:31.903Z","action":"memory.add","actor":"daily-sync","target":"若兰","result":"success","detail":"{\"agent\":\"若兰\",\"type\":\"event\",\"structural_weight\":0}","audit_id":"audit_1787195491903_lxlz"}
{"timestamp":"2026-08-20T03:11:31.917Z","action":"memory.add","actor":"daily-sync","target":"若兰","result":"success","detail":"{\"agent\":\"若兰\",\"type\":\"event\",\"structural_weight\":0}","audit_id":"audit_1787195491917_82lg"}
{"timestamp":"2026-08-20T03:11:31.923Z","action":"memory.add","actor":"daily-sync","target":"若兰","result":"success","detail":"{\"agent\":\"若兰\",\"type\":\"event\",\"structural_weight\":0}","audit_id":"audit_1787195491923_eywm"}
{"timestamp":"2026-08-20T03:11:31.930Z","action":"memory.add","actor":"daily-sync","target":"若兰","result":"success","detail":"{\"agent\":\"若兰\",\"type\":\"milestone\",\"structural_weight\":0.6}","audit_id":"audit_1787195491930_ut6w"}
{"timestamp":"2026-08-20T03:11:31.937Z","action":"memory.add","actor":"daily-sync","target":"若兰","result":"success","detail":"{\"agent\":\"若兰\",\"type\":\"milestone\",\"structural_weight\":0.6}","audit_id":"audit_1787195491937_srco"}
{"timestamp":"2026-08-20T03:11:31.944Z","action":"memory.add","actor":"daily-sync","target":"若兰","result":"success","detail":"{\"agent\":\"若兰\",\"type\":\"milestone\",\"structural_weight\":0.6}","audit_id":"audit_1787195491944_z7wc"}
{"timestamp":"2026-08-20T03:11:31.954Z","action":"memory.add","actor":"daily-sync","target":"若兰","result":"success","detail":"{\"agent\":\"若兰\",\"type\":\"milestone\",\"structural_weight\":0.6}","audit_id":"audit_1787195491954_7vda"}
{"timestamp":"2026-08-20T03:11:31.962Z","action":"memory.add","actor":"daily-sync","target":"若兰","result":"success","detail":"{\"agent\":\"若兰\",\"type\":\"milestone\",\"structural_weight\":0.6}","audit_id":"audit_1787195491962_nttt"}
{"timestamp":"2026-08-20T03:11:31.969Z","action":"memory.add","actor":"daily-sync","target":"若兰","result":"success","detail":"{\"agent\":\"若兰\",\"type\":\"milestone\",\"structural_weight\":0.6}","audit_id":"audit_1787195491969_wju9"}
{"timestamp":"2026-08-20T03:11:31.977Z","action":"memory.add","actor":"daily-sync","target":"若兰","result":"success","detail":"{\"agent\":\"若兰\",\"type\":\"milestone\",\"structural_weight\":0.6}","audit_id":"audit_1787195491977_tzdx"}
{"timestamp":"2026-08-20T03:11:31.991Z","action":"memory.add","actor":"daily-sync","target":"若兰","result":"success","detail":"{\"agent\":\"若兰\",\"type\":\"milestone\",\"structural_weight\":0.6}","audit_id":"audit_1787195491991_s82n"}
{"timestamp":"2026-08-20T03:11:31.998Z","action":"memory.add","actor":"daily-sync","target":"若兰","result":"success","detail":"{\"agent\":\"若兰\",\"type\":\"milestone\",\"structural_weight\":0.6}","audit_id":"audit_1787195491998_w89p"}
{"timestamp":"2026-08-20T03:11:32.006Z","action":"memory.add","actor":"daily-sync","target":"若兰","result":"success","detail":"{\"agent\":\"若兰\",\"type\":\"milestone\",\"structural_weight\":0.6}","audit_id":"audit_1787195492006_6eqh"}
{"timestamp":"2026-08-20T03:11:32.013Z","action":"memory.add","actor":"daily-sync","target":"若兰","result":"success","detail":"{\"agent\":\"若兰\",\"type\":\"lesson\",\"structural_weight\":0}","audit_id":"audit_1787195492013_st5m"}
{"timestamp":"2026-08-20T03:11:32.026Z","action":"memory.add","actor":"daily-sync","target":"若兰","result":"success","detail":"{\"agent\":\"若兰\",\"type\":\"event\",\"structural_weight\":0}","audit_id":"audit_1787195492026_af3f"}
{"timestamp":"2026-08-20T03:11:32.045Z","action":"memory.add","actor":"daily-sync","target":"若兰","result":"success","detail":"{\"agent\":\"若兰\",\"type\":\"milestone\",\"structural_weight\":0.6}","audit_id":"audit_1787195492045_m3k0"}
{"timestamp":"2026-08-20T03:11:32.059Z","action":"memory.add","actor":"daily-sync","target":"若兰","result":"success","detail":"{\"agent\":\"若兰\",\"type\":\"event\",\"structural_weight\":0}","audit_id":"audit_1787195492059_705v"}
{"timestamp":"2026-08-20T03:11:32.067Z","action":"memory.add","actor":"daily-sync","target":"若兰","result":"success","detail":"{\"agent\":\"若兰\",\"type\":\"event\",\"structural_weight\":0}","audit_id":"audit_1787195492067_5omi"}
{"timestamp":"2026-08-20T03:11:32.074Z","action":"memory.add","actor":"daily-sync","target":"若兰","result":"success","detail":"{\"agent\":\"若兰\",\"type\":\"event\",\"structural_weight\":0}","audit_id":"audit_1787195492074_jruf"}
{"timestamp":"2026-08-20T03:11:32.091Z","action":"memory.add","actor":"daily-sync","target":"若兰","result":"success","detail":"{\"agent\":\"若兰\",\"type\":\"event\",\"structural_weight\":0}","audit_id":"audit_1787195492091_p138"}
{"timestamp":"2026-08-20T03:11:32.098Z","action":"memory.add","actor":"daily-sync","target":"若兰","result":"success","detail":"{\"agent\":\"若兰\",\"type\":\"fix\",\"structural_weight\":0}","audit_id":"audit_1787195492098_8q7b"}
{"timestamp":"2026-08-20T03:11:32.109Z","action":"memory.add","actor":"daily-sync","target":"若兰","result":"success","detail":"{\"agent\":\"若兰\",\"type\":\"event\",\"structural_weight\":0}","audit_id":"audit_1787195492109_8r21"}
{"timestamp":"2026-08-20T03:11:32.116Z","action":"memory.add","actor":"daily-sync","target":"若兰","result":"success","detail":"{\"agent\":\"若兰\",\"type\":\"lesson\",\"structural_weight\":0}","audit_id":"audit_1787195492116_msut"}
{"timestamp":"2026-08-20T03:11:32.123Z","action":"memory.add","actor":"daily-sync","target":"若兰","result":"success","detail":"{\"agent\":\"若兰\",\"type\":\"milestone\",\"structural_weight\":0.6}","audit_id":"audit_1787195492123_kb0g"}
{"timestamp":"2026-08-20T03:11:32.134Z","action":"memory.add","actor":"daily-sync","target":"若兰","result":"success","detail":"{\"agent\":\"若兰\",\"type\":\"event\",\"structural_weight\":0}","audit_id":"audit_1787195492134_az6q"}
{"timestamp":"2026-08-20T03:11:32.142Z","action":"memory.add","actor":"daily-sync","target":"若兰","result":"success","detail":"{\"agent\":\"若兰\",\"type\":\"event\",\"structural_weight\":0}","audit_id":"audit_1787195492142_r73o"}
{"timestamp":"2026-08-20T03:11:32.151Z","action":"memory.add","actor":"daily-sync","target":"若兰","result":"success","detail":"{\"agent\":\"若兰\",\"type\":\"event\",\"structural_weight\":0}","audit_id":"audit_1787195492151_0fjv"}
{"timestamp":"2026-08-20T03:11:32.158Z","action":"memory.add","actor":"daily-sync","target":"若兰","result":"success","detail":"{\"agent\":\"若兰\",\"type\":\"event\",\"structural_weight\":0}","audit_id":"audit_1787195492158_k6k0"}
{"timestamp":"2026-08-20T03:11:32.169Z","action":"memory.add","actor":"daily-sync","target":"若兰","result":"success","detail":"{\"agent\":\"若兰\",\"type\":\"event\",\"structural_weight\":0}","audit_id":"audit_1787195492169_0hx6"}
{"timestamp":"2026-08-20T03:11:32.178Z","action":"memory.add","actor":"daily-sync","target":"若兰","result":"success","detail":"{\"agent\":\"若兰\",\"type\":\"event\",\"structural_weight\":0}","audit_id":"audit_1787195492178_gn8t"}
{"timestamp":"2026-08-20T03:11:32.185Z","action":"memory.add","actor":"daily-sync","target":"若兰","result":"success","detail":"{\"agent\":\"若兰\",\"type\":\"event\",\"structural_weight\":0}","audit_id":"audit_1787195492185_zqfo"}
{"timestamp":"2026-08-20T03:11:32.199Z","action":"memory.add","actor":"daily-sync","target":"若兰","result":"success","detail":"{\"agent\":\"若兰\",\"type\":\"event\",\"structural_weight\":0}","audit_id":"audit_1787195492199_ikn1"}
{"timestamp":"2026-08-20T03:11:32.205Z","action":"memory.add","actor":"daily-sync","target":"若兰","result":"success","detail":"{\"agent\":\"若兰\",\"type\":\"event\",\"structural_weight\":0}","audit_id":"audit_1787195492205_d89u"}
{"timestamp":"2026-08-20T03:11:32.217Z","action":"memory.add","actor":"daily-sync","target":"若兰","result":"success","detail":"{\"agent\":\"若兰\",\"type\":\"event\",\"structural_weight\":0}","audit_id":"audit_1787195492217_ea3n"}
{"timestamp":"2026-08-20T03:11:32.231Z","action":"memory.add","actor":"daily-sync","target":"若兰","result":"success","detail":"{\"agent\":\"若兰\",\"type\":\"event\",\"structural_weight\":0}","audit_id":"audit_1787195492231_rb2a"}
{"timestamp":"2026-08-20T03:11:32.242Z","action":"memory.add","actor":"daily-sync","target":"若兰","result":"success","detail":"{\"agent\":\"若兰\",\"type\":\"event\",\"structural_weight\":0}","audit_id":"audit_1787195492242_40lh"}
{"timestamp":"2026-08-20T03:11:32.252Z","action":"memory.add","actor":"daily-sync","target":"若兰","result":"success","detail":"{\"agent\":\"若兰\",\"type\":\"event\",\"structural_weight\":0}","audit_id":"audit_1787195492252_kiv5"}
{"timestamp":"2026-08-20T03:11:32.260Z","action":"memory.add","actor":"daily-sync","target":"若兰","result":"success","detail":"{\"agent\":\"若兰\",\"type\":\"event\",\"structural_weight\":0}","audit_id":"audit_1787195492260_lo5o"}
{"timestamp":"2026-08-20T03:11:32.267Z","action":"memory.add","actor":"daily-sync","target":"若兰","result":"success","detail":"{\"agent\":\"若兰\",\"type\":\"event\",\"structural_weight\":0}","audit_id":"audit_1787195492267_nz2e"}
{"timestamp":"2026-08-20T03:11:32.277Z","action":"memory.add","actor":"daily-sync","target":"若兰","result":"success","detail":"{\"agent\":\"若兰\",\"type\":\"event\",\"structural_weight\":0}","audit_id":"audit_1787195492277_w0yo"}
{"timestamp":"2026-08-20T03:11:32.287Z","action":"memory.add","actor":"daily-sync","target":"若兰","result":"success","detail":"{\"agent\":\"若兰\",\"type\":\"event\",\"structural_weight\":0}","audit_id":"audit_1787195492287_4wai"}
{"timestamp":"2026-08-20T03:11:32.295Z","action":"memory.add","actor":"daily-sync","target":"若兰","result":"success","detail":"{\"agent\":\"若兰\",\"type\":\"discovery\",\"structural_weight\":0}","audit_id":"audit_1787195492295_h2fz"}
{"timestamp":"2026-08-20T03:11:32.312Z","action":"memory.add","actor":"daily-sync","target":"若兰","result":"success","detail":"{\"agent\":\"若兰\",\"type\":\"event\",\"structural_weight\":0}","audit_id":"audit_1787195492312_g7cg"}
{"timestamp":"2026-08-20T03:11:32.325Z","action":"memory.add","actor":"daily-sync","target":"若兰","result":"success","detail":"{\"agent\":\"若兰\",\"type\":\"milestone\",\"structural_weight\":0.6}","audit_id":"audit_1787195492325_u9sd"}
{"timestamp":"2026-08-20T03:11:32.333Z","action":"memory.add","actor":"daily-sync","target":"若兰","result":"success","detail":"{\"agent\":\"若兰\",\"type\":\"milestone\",\"structural_weight\":0.6}","audit_id":"audit_1787195492333_5l7h"}
{"timestamp":"2026-08-20T03:11:32.341Z","action":"memory.add","actor":"daily-sync","target":"若兰","result":"success","detail":"{\"agent\":\"若兰\",\"type\":\"milestone\",\"structural_weight\":0.6}","audit_id":"audit_1787195492341_ejpd"}
{"timestamp":"2026-08-20T03:11:32.354Z","action":"memory.add","actor":"daily-sync","target":"若兰","result":"success","detail":"{\"agent\":\"若兰\",\"type\":\"event\",\"structural_weight\":0}","audit_id":"audit_1787195492354_t8k9"}
{"timestamp":"2026-08-20T03:11:32.361Z","action":"memory.add","actor":"daily-sync","target":"若兰","result":"success","detail":"{\"agent\":\"若兰\",\"type\":\"milestone\",\"structural_weight\":0.6}","audit_id":"audit_1787195492361_a4xx"}
{"timestamp":"2026-08-20T03:11:32.373Z","action":"memory.add","actor":"daily-sync","target":"若兰","result":"success","detail":"{\"agent\":\"若兰\",\"type\":\"milestone\",\"structural_weight\":0.6}","audit_id":"audit_1787195492373_b8uf"}
{"timestamp":"2026-08-20T03:11:32.385Z","action":"memory.add","actor":"daily-sync","target":"若兰","result":"success","detail":"{\"agent\":\"若兰\",\"type\":\"event\",\"structural_weight\":0}","audit_id":"audit_1787195492385_t92o"}
{"timestamp":"2026-08-20T03:11:32.394Z","action":"memory.add","actor":"daily-sync","target":"若兰","result":"success","detail":"{\"agent\":\"若兰\",\"type\":\"milestone\",\"structural_weight\":0.6}","audit_id":"audit_1787195492394_m5h4"}
{"timestamp":"2026-08-20T03:11:32.417Z","action":"memory.add","actor":"daily-sync","target":"若兰","result":"success","detail":"{\"agent\":\"若兰\",\"type\":\"milestone\",\"structural_weight\":0.6}","audit_id":"audit_1787195492417_a4yh"}
{"timestamp":"2026-08-20T03:11:32.435Z","action":"memory.add","actor":"daily-sync","target":"若兰","result":"success","detail":"{\"agent\":\"若兰\",\"type\":\"event\",\"structural_weight\":0}","audit_id":"audit_1787195492435_ecpn"}
{"timestamp":"2026-08-20T03:11:32.464Z","action":"memory.add","actor":"daily-sync","target":"若兰","result":"success","detail":"{\"agent\":\"若兰\",\"type\":\"event\",\"structural_weight\":0}","audit_id":"audit_1787195492464_amex"}
{"timestamp":"2026-08-20T03:11:32.476Z","action":"memory.add","actor":"daily-sync","target":"若兰","result":"success","detail":"{\"agent\":\"若兰\",\"type\":\"event\",\"structural_weight\":0}","audit_id":"audit_1787195492476_cmxq"}
{"timestamp":"2026-08-20T03:11:32.490Z","action":"memory.add","actor":"daily-sync","target":"若兰","result":"success","detail":"{\"agent\":\"若兰\",\"type\":\"event\",\"structural_weight\":0}","audit_id":"audit_1787195492490_1o1d"}
{"timestamp":"2026-08-20T03:11:32.502Z","action":"memory.add","actor":"daily-sync","target":"若兰","result":"success","detail":"{\"agent\":\"若兰\",\"type\":\"event\",\"structural_weight\":0}","audit_id":"audit_1787195492502_gzoa"}
{"timestamp":"2026-08-20T03:11:32.517Z","action":"memory.add","actor":"daily-sync","target":"若兰","result":"success","detail":"{\"agent\":\"若兰\",\"type\":\"event\",\"structural_weight\":0}","audit_id":"audit_1787195492517_00jo"}
{"timestamp":"2026-08-20T03:11:32.529Z","action":"memory.add","actor":"daily-sync","target":"若兰","result":"success","detail":"{\"agent\":\"若兰\",\"type\":\"event\",\"structural_weight\":0}","audit_id":"audit_1787195492529_8sdz"}
{"timestamp":"2026-08-20T03:11:32.550Z","action":"memory.add","actor":"daily-sync","target":"若兰","result":"success","detail":"{\"agent\":\"若兰\",\"type\":\"milestone\",\"structural_weight\":0.6}","audit_id":"audit_1787195492550_bmvj"}
{"timestamp":"2026-08-20T03:11:32.558Z","action":"memory.add","actor":"daily-sync","target":"若兰","result":"success","detail":"{\"agent\":\"若兰\",\"type\":\"milestone\",\"structural_weight\":0.6}","audit_id":"audit_1787195492558_18pu"}
{"timestamp":"2026-08-20T03:11:32.571Z","action":"memory.add","actor":"daily-sync","target":"若兰","result":"success","detail":"{\"agent\":\"若兰\",\"type\":\"event\",\"structural_weight\":0}","audit_id":"audit_1787195492571_9bqn"}
{"timestamp":"2026-08-20T03:11:32.581Z","action":"memory.add","actor":"daily-sync","target":"若兰","result":"success","detail":"{\"agent\":\"若兰\",\"type\":\"event\",\"structural_weight\":0}","audit_id":"audit_1787195492581_rs6q"}
{"timestamp":"2026-08-20T03:11:32.589Z","action":"memory.add","actor":"daily-sync","target":"若兰","result":"success","detail":"{\"agent\":\"若兰\",\"type\":\"event\",\"structural_weight\":0}","audit_id":"audit_1787195492589_ghpx"}
{"timestamp":"2026-08-20T03:11:32.597Z","action":"memory.add","actor":"daily-sync","target":"若兰","result":"success","detail":"{\"agent\":\"若兰\",\"type\":\"event\",\"structural_weight\":0}","audit_id":"audit_1787195492597_8fxu"}
{"timestamp":"2026-08-20T03:11:32.605Z","action":"memory.add","actor":"daily-sync","target":"若兰","result":"success","detail":"{\"agent\":\"若兰\",\"type\":\"event\",\"structural_weight\":0}","audit_id":"audit_1787195492605_zbll"}
{"timestamp":"2026-08-20T03:11:32.612Z","action":"memory.add","actor":"daily-sync","target":"若兰","result":"success","detail":"{\"agent\":\"若兰\",\"type\":\"event\",\"structural_weight\":0}","audit_id":"audit_1787195492612_tshk"}
{"timestamp":"2026-08-20T03:11:32.621Z","action":"memory.add","actor":"daily-sync","target":"若兰","result":"success","detail":"{\"agent\":\"若兰\",\"type\":\"event\",\"structural_weight\":0}","audit_id":"audit_1787195492621_a7dg"}
{"timestamp":"2026-08-20T03:11:32.628Z","action":"memory.add","actor":"daily-sync","target":"若兰","result":"success","detail":"{\"agent\":\"若兰\",\"type\":\"event\",\"structural_weight\":0}","audit_id":"audit_1787195492628_rxa4"}
{"timestamp":"2026-08-20T03:11:32.636Z","action":"memory.add","actor":"daily-sync","target":"若兰","result":"success","detail":"{\"agent\":\"若兰\",\"type\":\"milestone\",\"structural_weight\":0.6}","audit_id":"audit_1787195492636_hg2w"}
{"timestamp":"2026-08-20T03:11:32.643Z","action":"memory.add","actor":"daily-sync","target":"若兰","result":"success","detail":"{\"agent\":\"若兰\",\"type\":\"event\",\"structural_weight\":0}","audit_id":"audit_1787195492643_vruo"}
{"timestamp":"2026-08-20T03:11:32.650Z","action":"memory.add","actor":"daily-sync","target":"若兰","result":"success","detail":"{\"agent\":\"若兰\",\"type\":\"event\",\"structural_weight\":0}","audit_id":"audit_1787195492650_1nbj"}
{"timestamp":"2026-08-20T03:11:32.657Z","action":"memory.add","actor":"daily-sync","target":"若兰","result":"success","detail":"{\"agent\":\"若兰\",\"type\":\"event\",\"structural_weight\":0}","audit_id":"audit_1787195492657_y6lp"}
{"timestamp":"2026-08-20T03:11:32.664Z","action":"memory.add","actor":"daily-sync","target":"若兰","result":"success","detail":"{\"agent\":\"若兰\",\"type\":\"event\",\"structural_weight\":0}","audit_id":"audit_1787195492664_3364"}
{"timestamp":"2026-08-20T03:11:32.675Z","action":"memory.add","actor":"daily-sync","target":"若兰","result":"success","detail":"{\"agent\":\"若兰\",\"type\":\"event\",\"structural_weight\":0}","audit_id":"audit_1787195492675_9psl"}
{"timestamp":"2026-08-20T03:11:32.682Z","action":"memory.add","actor":"daily-sync","target":"若兰","result":"success","detail":"{\"agent\":\"若兰\",\"type\":\"event\",\"structural_weight\":0}","audit_id":"audit_1787195492682_wjv1"}
{"timestamp":"2026-08-20T03:11:32.689Z","action":"memory.add","actor":"daily-sync","target":"若兰","result":"success","detail":"{\"agent\":\"若兰\",\"type\":\"event\",\"structural_weight\":0}","audit_id":"audit_1787195492689_0tmm"}
{"timestamp":"2026-08-20T03:11:32.696Z","action":"memory.add","actor":"daily-sync","target":"若兰","result":"success","detail":"{\"agent\":\"若兰\",\"type\":\"event\",\"structural_weight\":0}","audit_id":"audit_1787195492696_8c9o"}
{"timestamp":"2026-08-20T03:11:32.707Z","action":"memory.add","actor":"daily-sync","target":"若兰","result":"success","detail":"{\"agent\":\"若兰\",\"type\":\"decision\",\"structural_weight\":0.6}","audit_id":"audit_1787195492707_n12b"}
{"timestamp":"2026-08-20T03:11:32.714Z","action":"memory.add","actor":"daily-sync","target":"若兰","result":"success","detail":"{\"agent\":\"若兰\",\"type\":\"event\",\"structural_weight\":0}","audit_id":"audit_1787195492714_46wi"}
{"timestamp":"2026-08-20T03:11:32.722Z","action":"memory.add","actor":"daily-sync","target":"若兰","result":"success","detail":"{\"agent\":\"若兰\",\"type\":\"event\",\"structural_weight\":0}","audit_id":"audit_1787195492722_korf"}
{"timestamp":"2026-08-20T03:11:32.729Z","action":"memory.add","actor":"daily-sync","target":"若兰","result":"success","detail":"{\"agent\":\"若兰\",\"type\":\"event\",\"structural_weight\":0}","audit_id":"audit_1787195492729_b6fk"}
{"timestamp":"2026-08-20T03:11:32.736Z","action":"memory.add","actor":"daily-sync","target":"若兰","result":"success","detail":"{\"agent\":\"若兰\",\"type\":\"event\",\"structural_weight\":0}","audit_id":"audit_1787195492736_bmqp"}
{"timestamp":"2026-08-20T03:11:32.743Z","action":"memory.add","actor":"daily-sync","target":"若兰","result":"success","detail":"{\"agent\":\"若兰\",\"type\":\"event\",\"structural_weight\":0}","audit_id":"audit_1787195492743_771c"}
{"timestamp":"2026-08-20T03:11:32.757Z","action":"memory.add","actor":"daily-sync","target":"若兰","result":"success","detail":"{\"agent\":\"若兰\",\"type\":\"event\",\"structural_weight\":0}","audit_id":"audit_1787195492757_5yyi"}
{"timestamp":"2026-08-20T03:11:32.765Z","action":"memory.add","actor":"daily-sync","target":"若兰","result":"success","detail":"{\"agent\":\"若兰\",\"type\":\"event\",\"structural_weight\":0}","audit_id":"audit_1787195492765_n5cp"}
{"timestamp":"2026-08-20T03:11:32.772Z","action":"memory.add","actor":"daily-sync","target":"若兰","result":"success","detail":"{\"agent\":\"若兰\",\"type\":\"event\",\"structural_weight\":0}","audit_id":"audit_1787195492772_7sl9"}
{"timestamp":"2026-08-20T03:11:32.791Z","action":"memory.add","actor":"daily-sync","target":"若兰","result":"success","detail":"{\"agent\":\"若兰\",\"type\":\"todo\",\"structural_weight\":0}","audit_id":"audit_1787195492791_2lwc"}
{"timestamp":"2026-08-20T03:11:32.809Z","action":"memory.add","actor":"daily-sync","target":"若兰","result":"success","detail":"{\"agent\":\"若兰\",\"type\":\"event\",\"structural_weight\":0}","audit_id":"audit_1787195492809_81xs"}
{"timestamp":"2026-08-20T03:11:32.816Z","action":"memory.add","actor":"daily-sync","target":"若兰","result":"success","detail":"{\"agent\":\"若兰\",\"type\":\"event\",\"structural_weight\":0}","audit_id":"audit_1787195492816_vfzg"}
{"timestamp":"2026-08-20T03:11:32.823Z","action":"memory.add","actor":"daily-sync","target":"若兰","result":"success","detail":"{\"agent\":\"若兰\",\"type\":\"event\",\"structural_weight\":0}","audit_id":"audit_1787195492823_n2s3"}
{"timestamp":"2026-08-20T03:11:32.834Z","action":"memory.add","actor":"daily-sync","target":"若兰","result":"success","detail":"{\"agent\":\"若兰\",\"type\":\"event\",\"structural_weight\":0}","audit_id":"audit_1787195492834_1rir"}
{"timestamp":"2026-08-20T03:11:32.854Z","action":"memory.add","actor":"daily-sync","target":"若兰","result":"success","detail":"{\"agent\":\"若兰\",\"type\":\"event\",\"structural_weight\":0}","audit_id":"audit_1787195492854_z69e"}
{"timestamp":"2026-08-20T03:11:32.865Z","action":"memory.add","actor":"daily-sync","target":"若兰","result":"success","detail":"{\"agent\":\"若兰\",\"type\":\"lesson\",\"structural_weight\":0}","audit_id":"audit_1787195492865_5uhg"}
{"timestamp":"2026-08-20T03:11:32.873Z","action":"memory.add","actor":"daily-sync","target":"若兰","result":"success","detail":"{\"agent\":\"若兰\",\"type\":\"lesson\",\"structural_weight\":0}","audit_id":"audit_1787195492873_8ow5"}
{"timestamp":"2026-08-20T03:11:32.890Z","action":"memory.add","actor":"daily-sync","target":"若兰","result":"success","detail":"{\"agent\":\"若兰\",\"type\":\"event\",\"structural_weight\":0}","audit_id":"audit_1787195492890_lqqv"}
{"timestamp":"2026-08-20T03:11:32.898Z","action":"memory.add","actor":"daily-sync","target":"若兰","result":"success","detail":"{\"agent\":\"若兰\",\"type\":\"event\",\"structural_weight\":0}","audit_id":"audit_1787195492898_fqzj"}
{"timestamp":"2026-08-20T03:11:32.905Z","action":"memory.add","actor":"daily-sync","target":"若兰","result":"success","detail":"{\"agent\":\"若兰\",\"type\":\"milestone\",\"structural_weight\":0.6}","audit_id":"audit_1787195492905_l027"}
{"timestamp":"2026-08-20T03:11:32.916Z","action":"memory.add","actor":"daily-sync","target":"若兰","result":"success","detail":"{\"agent\":\"若兰\",\"type\":\"milestone\",\"structural_weight\":0.6}","audit_id":"audit_1787195492916_rkoa"}
{"timestamp":"2026-08-20T03:11:32.931Z","action":"memory.add","actor":"daily-sync","target":"若兰","result":"success","detail":"{\"agent\":\"若兰\",\"type\":\"event\",\"structural_weight\":0}","audit_id":"audit_1787195492931_036b"}
{"timestamp":"2026-08-20T03:11:32.939Z","action":"memory.add","actor":"daily-sync","target":"若兰","result":"success","detail":"{\"agent\":\"若兰\",\"type\":\"event\",\"structural_weight\":0}","audit_id":"audit_1787195492939_7b15"}
{"timestamp":"2026-08-20T03:11:32.946Z","action":"memory.add","actor":"daily-sync","target":"若兰","result":"success","detail":"{\"agent\":\"若兰\",\"type\":\"milestone\",\"structural_weight\":0.6}","audit_id":"audit_1787195492946_r8t2"}
{"timestamp":"2026-08-20T03:11:32.961Z","action":"memory.get","actor":"若兰","target":"若兰","result":"success","detail":"{\"agent\":\"若兰\",\"count\":192}","audit_id":"audit_1787195492961_ckgq"}
{"timestamp":"2026-08-20T03:11:32.970Z","action":"memory.add","actor":"daily-sync","target":"若兰","result":"success","detail":"{\"agent\":\"若兰\",\"type\":\"event\",\"structural_weight\":0}","audit_id":"audit_1787195492970_fnfk"}
{"timestamp":"2026-08-20T03:11:32.978Z","action":"memory.add","actor":"daily-sync","target":"若兰","result":"success","detail":"{\"agent\":\"若兰\",\"type\":\"event\",\"structural_weight\":0}","audit_id":"audit_1787195492978_llkq"}
{"timestamp":"2026-08-20T03:11:32.985Z","action":"memory.add","actor":"daily-sync","target":"若兰","result":"success","detail":"{\"agent\":\"若兰\",\"type\":\"event\",\"structural_weight\":0}","audit_id":"audit_1787195492985_qyd1"}
{"timestamp":"2026-08-20T03:11:32.992Z","action":"memory.add","actor":"daily-sync","target":"若兰","result":"success","detail":"{\"agent\":\"若兰\",\"type\":\"event\",\"structural_weight\":0}","audit_id":"audit_1787195492992_bv11"}
{"timestamp":"2026-08-20T03:11:33.000Z","action":"memory.add","actor":"daily-sync","target":"若兰","result":"success","detail":"{\"agent\":\"若兰\",\"type\":\"event\",\"structural_weight\":0}","audit_id":"audit_1787195493000_pan5"}
{"timestamp":"2026-08-20T03:11:33.008Z","action":"memory.add","actor":"daily-sync","target":"若兰","result":"success","detail":"{\"agent\":\"若兰\",\"type\":\"event\",\"structural_weight\":0}","audit_id":"audit_1787195493008_8no6"}
{"timestamp":"2026-08-20T03:11:33.016Z","action":"memory.add","actor":"daily-sync","target":"若兰","result":"success","detail":"{\"agent\":\"若兰\",\"type\":\"event\",\"structural_weight\":0}","audit_id":"audit_1787195493016_32do"}
{"timestamp":"2026-08-20T03:11:33.023Z","action":"memory.add","actor":"daily-sync","target":"若兰","result":"success","detail":"{\"agent\":\"若兰\",\"type\":\"event\",\"structural_weight\":0}","audit_id":"audit_1787195493023_xuip"}
{"timestamp":"2026-08-20T03:11:33.031Z","action":"memory.add","actor":"daily-sync","target":"若兰","result":"success","detail":"{\"agent\":\"若兰\",\"type\":\"event\",\"structural_weight\":0}","audit_id":"audit_1787195493031_x32o"}
{"timestamp":"2026-08-20T03:11:33.041Z","action":"memory.add","actor":"daily-sync","target":"若兰","result":"success","detail":"{\"agent\":\"若兰\",\"type\":\"event\",\"structural_weight\":0}","audit_id":"audit_1787195493041_qlvu"}
{"timestamp":"2026-08-20T03:11:33.053Z","action":"memory.add","actor":"daily-sync","target":"若兰","result":"success","detail":"{\"agent\":\"若兰\",\"type\":\"event\",\"structural_weight\":0}","audit_id":"audit_1787195493053_jamm"}
{"timestamp":"2026-08-20T03:11:33.066Z","action":"memory.add","actor":"daily-sync","target":"若兰","result":"success","detail":"{\"agent\":\"若兰\",\"type\":\"milestone\",\"structural_weight\":0.6}","audit_id":"audit_1787195493066_i98q"}
{"timestamp":"2026-08-20T03:11:33.074Z","action":"memory.add","actor":"daily-sync","target":"若兰","result":"success","detail":"{\"agent\":\"若兰\",\"type\":\"milestone\",\"structural_weight\":0.6}","audit_id":"audit_1787195493074_p29r"}
{"timestamp":"2026-08-20T03:11:33.082Z","action":"memory.add","actor":"daily-sync","target":"若兰","result":"success","detail":"{\"agent\":\"若兰\",\"type\":\"event\",\"structural_weight\":0}","audit_id":"audit_1787195493082_yszt"}
{"timestamp":"2026-08-20T03:11:33.094Z","action":"memory.add","actor":"daily-sync","target":"若兰","result":"success","detail":"{\"agent\":\"若兰\",\"type\":\"event\",\"structural_weight\":0}","audit_id":"audit_1787195493094_0f0v"}
{"timestamp":"2026-08-20T03:11:33.101Z","action":"memory.add","actor":"daily-sync","target":"若兰","result":"success","detail":"{\"agent\":\"若兰\",\"type\":\"event\",\"structural_weight\":0}","audit_id":"audit_1787195493101_ldel"}
{"timestamp":"2026-08-20T03:11:33.111Z","action":"memory.add","actor":"daily-sync","target":"若兰","result":"success","detail":"{\"agent\":\"若兰\",\"type\":\"milestone\",\"structural_weight\":0.6}","audit_id":"audit_1787195493111_06pc"}
{"timestamp":"2026-08-20T03:11:33.121Z","action":"memory.add","actor":"daily-sync","target":"若兰","result":"success","detail":"{\"agent\":\"若兰\",\"type\":\"event\",\"structural_weight\":0}","audit_id":"audit_1787195493121_endx"}
{"timestamp":"2026-08-20T03:11:33.129Z","action":"memory.add","actor":"daily-sync","target":"若兰","result":"success","detail":"{\"agent\":\"若兰\",\"type\":\"event\",\"structural_weight\":0}","audit_id":"audit_1787195493129_a214"}
{"timestamp":"2026-08-20T03:11:33.139Z","action":"memory.add","actor":"daily-sync","target":"若兰","result":"success","detail":"{\"agent\":\"若兰\",\"type\":\"event\",\"structural_weight\":0}","audit_id":"audit_1787195493139_u2wr"}
{"timestamp":"2026-08-20T03:11:33.148Z","action":"memory.get","actor":"若兰","target":"若兰","result":"success","detail":"{\"agent\":\"若兰\",\"count\":212}","audit_id":"audit_1787195493148_v2ye"}
{"timestamp":"2026-08-20T03:11:33.163Z","action":"memory.add","actor":"daily-sync","target":"若兰","result":"success","detail":"{\"agent\":\"若兰\",\"type\":\"event\",\"structural_weight\":0}","audit_id":"audit_1787195493163_m1xz"}
{"timestamp":"2026-08-20T03:11:33.176Z","action":"memory.add","actor":"daily-sync","target":"若兰","result":"success","detail":"{\"agent\":\"若兰\",\"type\":\"event\",\"structural_weight\":0}","audit_id":"audit_1787195493176_v5uw"}
{"timestamp":"2026-08-20T03:11:33.190Z","action":"memory.add","actor":"daily-sync","target":"若兰","result":"success","detail":"{\"agent\":\"若兰\",\"type\":\"event\",\"structural_weight\":0}","audit_id":"audit_1787195493190_72ao"}
{"timestamp":"2026-08-20T03:11:33.202Z","action":"memory.add","actor":"daily-sync","target":"若兰","result":"success","detail":"{\"agent\":\"若兰\",\"type\":\"milestone\",\"structural_weight\":0.6}","audit_id":"audit_1787195493202_3wwh"}
{"timestamp":"2026-08-20T03:11:33.216Z","action":"memory.add","actor":"daily-sync","target":"若兰","result":"success","detail":"{\"agent\":\"若兰\",\"type\":\"event\",\"structural_weight\":0}","audit_id":"audit_1787195493216_9rd9"}
{"timestamp":"2026-08-20T03:11:33.224Z","action":"memory.add","actor":"daily-sync","target":"若兰","result":"success","detail":"{\"agent\":\"若兰\",\"type\":\"event\",\"structural_weight\":0}","audit_id":"audit_1787195493224_wi9l"}
{"timestamp":"2026-08-20T03:11:33.233Z","action":"memory.add","actor":"daily-sync","target":"若兰","result":"success","detail":"{\"agent\":\"若兰\",\"type\":\"event\",\"structural_weight\":0}","audit_id":"audit_1787195493233_qzca"}
{"timestamp":"2026-08-20T03:11:33.242Z","action":"memory.add","actor":"daily-sync","target":"若兰","result":"success","detail":"{\"agent\":\"若兰\",\"type\":\"event\",\"structural_weight\":0}","audit_id":"audit_1787195493242_gax7"}
{"timestamp":"2026-08-20T03:11:33.253Z","action":"memory.add","actor":"daily-sync","target":"若兰","result":"success","detail":"{\"agent\":\"若兰\",\"type\":\"event\",\"structural_weight\":0}","audit_id":"audit_1787195493253_47q0"}
{"timestamp":"2026-08-20T03:11:33.263Z","action":"memory.add","actor":"daily-sync","target":"若兰","result":"success","detail":"{\"agent\":\"若兰\",\"type\":\"event\",\"structural_weight\":0}","audit_id":"audit_1787195493263_e1xb"}
{"timestamp":"2026-08-20T03:11:33.273Z","action":"memory.add","actor":"daily-sync","target":"若兰","result":"success","detail":"{\"agent\":\"若兰\",\"type\":\"event\",\"structural_weight\":0}","audit_id":"audit_1787195493273_r7q8"}
{"timestamp":"2026-08-20T03:11:33.284Z","action":"memory.add","actor":"daily-sync","target":"若兰","result":"success","detail":"{\"agent\":\"若兰\",\"type\":\"discovery\",\"structural_weight\":0}","audit_id":"audit_1787195493284_6cf4"}
{"timestamp":"2026-08-20T03:11:33.296Z","action":"memory.add","actor":"daily-sync","target":"若兰","result":"success","detail":"{\"agent\":\"若兰\",\"type\":\"milestone\",\"structural_weight\":0.6}","audit_id":"audit_1787195493296_x9p9"}
{"timestamp":"2026-08-20T03:11:33.315Z","action":"memory.add","actor":"daily-sync","target":"若兰","result":"success","detail":"{\"agent\":\"若兰\",\"type\":\"event\",\"structural_weight\":0}","audit_id":"audit_1787195493315_9yhq"}
{"timestamp":"2026-08-20T03:11:33.335Z","action":"memory.get","actor":"若兰","target":"若兰","result":"success","detail":"{\"agent\":\"若兰\",\"count\":226}","audit_id":"audit_1787195493335_s0wy"}
{"timestamp":"2026-08-20T03:11:33.347Z","action":"memory.add","actor":"daily-sync","target":"若兰","result":"success","detail":"{\"agent\":\"若兰\",\"type\":\"milestone\",\"structural_weight\":0.6}","audit_id":"audit_1787195493347_rdvt"}
{"timestamp":"2026-08-20T03:11:33.362Z","action":"memory.add","actor":"daily-sync","target":"若兰","result":"success","detail":"{\"agent\":\"若兰\",\"type\":\"milestone\",\"structural_weight\":0.6}","audit_id":"audit_1787195493362_ivzs"}
{"timestamp":"2026-08-20T03:11:33.376Z","action":"memory.add","actor":"daily-sync","target":"若兰","result":"success","detail":"{\"agent\":\"若兰\",\"type\":\"milestone\",\"structural_weight\":0.6}","audit_id":"audit_1787195493376_eu9o"}
{"timestamp":"2026-08-20T03:11:33.388Z","action":"memory.add","actor":"daily-sync","target":"若兰","result":"success","detail":"{\"agent\":\"若兰\",\"type\":\"milestone\",\"structural_weight\":0.6}","audit_id":"audit_1787195493388_b8a6"}
{"timestamp":"2026-08-20T03:11:33.395Z","action":"memory.add","actor":"daily-sync","target":"若兰","result":"success","detail":"{\"agent\":\"若兰\",\"type\":\"milestone\",\"structural_weight\":0.6}","audit_id":"audit_1787195493395_plzt"}
{"timestamp":"2026-08-20T03:11:33.404Z","action":"memory.add","actor":"daily-sync","target":"若兰","result":"success","detail":"{\"agent\":\"若兰\",\"type\":\"milestone\",\"structural_weight\":0.6}","audit_id":"audit_1787195493404_tyrm"}
{"timestamp":"2026-08-20T03:11:33.411Z","action":"memory.add","actor":"daily-sync","target":"若兰","result":"success","detail":"{\"agent\":\"若兰\",\"type\":\"milestone\",\"structural_weight\":0.6}","audit_id":"audit_1787195493411_p0fo"}
{"timestamp":"2026-08-20T03:11:33.420Z","action":"memory.add","actor":"daily-sync","target":"若兰","result":"success","detail":"{\"agent\":\"若兰\",\"type\":\"event\",\"structural_weight\":0}","audit_id":"audit_1787195493420_bbtb"}
{"timestamp":"2026-08-20T03:11:33.432Z","action":"memory.add","actor":"daily-sync","target":"若兰","result":"success","detail":"{\"agent\":\"若兰\",\"type\":\"event\",\"structural_weight\":0}","audit_id":"audit_1787195493432_itds"}
{"timestamp":"2026-08-20T03:11:33.440Z","action":"memory.add","actor":"daily-sync","target":"若兰","result":"success","detail":"{\"agent\":\"若兰\",\"type\":\"discovery\",\"structural_weight\":0}","audit_id":"audit_1787195493440_hg6f"}
{"timestamp":"2026-08-20T03:11:33.451Z","action":"memory.add","actor":"daily-sync","target":"若兰","result":"success","detail":"{\"agent\":\"若兰\",\"type\":\"event\",\"structural_weight\":0}","audit_id":"audit_1787195493451_r05w"}
{"timestamp":"2026-08-20T03:11:33.469Z","action":"memory.add","actor":"daily-sync","target":"若兰","result":"success","detail":"{\"agent\":\"若兰\",\"type\":\"todo\",\"structural_weight\":0}","audit_id":"audit_1787195493469_lvrr"}
{"timestamp":"2026-08-20T03:11:33.479Z","action":"memory.add","actor":"daily-sync","target":"若兰","result":"success","detail":"{\"agent\":\"若兰\",\"type\":\"event\",\"structural_weight\":0}","audit_id":"audit_1787195493479_c2re"}
{"timestamp":"2026-08-20T03:11:33.487Z","action":"memory.add","actor":"daily-sync","target":"若兰","result":"success","detail":"{\"agent\":\"若兰\",\"type\":\"todo\",\"structural_weight\":0}","audit_id":"audit_1787195493487_v28i"}
{"timestamp":"2026-08-20T03:11:33.496Z","action":"memory.add","actor":"daily-sync","target":"若兰","result":"success","detail":"{\"agent\":\"若兰\",\"type\":\"event\",\"structural_weight\":0}","audit_id":"audit_1787195493496_2o62"}
{"timestamp":"2026-08-20T03:11:33.505Z","action":"memory.add","actor":"daily-sync","target":"若兰","result":"success","detail":"{\"agent\":\"若兰\",\"type\":\"event\",\"structural_weight\":0}","audit_id":"audit_1787195493505_3yk3"}
{"timestamp":"2026-08-20T03:11:33.514Z","action":"memory.add","actor":"daily-sync","target":"若兰","result":"success","detail":"{\"agent\":\"若兰\",\"type\":\"event\",\"structural_weight\":0}","audit_id":"audit_1787195493514_ix0x"}
{"timestamp":"2026-08-20T03:11:33.528Z","action":"memory.add","actor":"daily-sync","target":"若兰","result":"success","detail":"{\"agent\":\"若兰\",\"type\":\"event\",\"structural_weight\":0}","audit_id":"audit_1787195493528_v98x"}
{"timestamp":"2026-08-20T03:11:33.536Z","action":"memory.add","actor":"daily-sync","target":"若兰","result":"success","detail":"{\"agent\":\"若兰\",\"type\":\"event\",\"structural_weight\":0}","audit_id":"audit_1787195493536_nyud"}
{"timestamp":"2026-08-20T03:11:33.558Z","action":"memory.add","actor":"daily-sync","target":"若兰","result":"success","detail":"{\"agent\":\"若兰\",\"type\":\"event\",\"structural_weight\":0}","audit_id":"audit_1787195493558_mnjl"}
{"timestamp":"2026-08-20T03:11:33.567Z","action":"memory.add","actor":"daily-sync","target":"若兰","result":"success","detail":"{\"agent\":\"若兰\",\"type\":\"fix\",\"structural_weight\":0}","audit_id":"audit_1787195493567_cani"}
{"timestamp":"2026-08-20T03:11:33.577Z","action":"memory.add","actor":"daily-sync","target":"若兰","result":"success","detail":"{\"agent\":\"若兰\",\"type\":\"event\",\"structural_weight\":0}","audit_id":"audit_1787195493577_s6h1"}
{"timestamp":"2026-08-20T03:11:33.586Z","action":"memory.get","actor":"若兰","target":"若兰","result":"success","detail":"{\"agent\":\"若兰\",\"count\":248}","audit_id":"audit_1787195493586_gcet"}
{"timestamp":"2026-08-20T03:11:33.595Z","action":"memory.add","actor":"daily-sync","target":"若兰","result":"success","detail":"{\"agent\":\"若兰\",\"type\":\"event\",\"structural_weight\":0}","audit_id":"audit_1787195493595_v2n7"}
{"timestamp":"2026-08-20T03:11:33.610Z","action":"memory.add","actor":"daily-sync","target":"若兰","result":"success","detail":"{\"agent\":\"若兰\",\"type\":\"milestone\",\"structural_weight\":0.6}","audit_id":"audit_1787195493610_y1xq"}
{"timestamp":"2026-08-20T03:11:33.623Z","action":"memory.add","actor":"daily-sync","target":"若兰","result":"success","detail":"{\"agent\":\"若兰\",\"type\":\"milestone\",\"structural_weight\":0.6}","audit_id":"audit_1787195493623_uzhv"}
{"timestamp":"2026-08-20T03:11:33.635Z","action":"memory.add","actor":"daily-sync","target":"若兰","result":"success","detail":"{\"agent\":\"若兰\",\"type\":\"milestone\",\"structural_weight\":0.6}","audit_id":"audit_1787195493635_i4qj"}
{"timestamp":"2026-08-20T03:11:33.645Z","action":"memory.add","actor":"daily-sync","target":"若兰","result":"success","detail":"{\"agent\":\"若兰\",\"type\":\"milestone\",\"structural_weight\":0.6}","audit_id":"audit_1787195493645_fi1x"}
{"timestamp":"2026-08-20T03:11:33.654Z","action":"memory.add","actor":"daily-sync","target":"若兰","result":"success","detail":"{\"agent\":\"若兰\",\"type\":\"milestone\",\"structural_weight\":0.6}","audit_id":"audit_1787195493654_5tl7"}
{"timestamp":"2026-08-20T03:11:33.663Z","action":"memory.add","actor":"daily-sync","target":"若兰","result":"success","detail":"{\"agent\":\"若兰\",\"type\":\"event\",\"structural_weight\":0}","audit_id":"audit_1787195493663_2ce6"}
{"timestamp":"2026-08-20T03:11:33.672Z","action":"memory.add","actor":"daily-sync","target":"若兰","result":"success","detail":"{\"agent\":\"若兰\",\"type\":\"milestone\",\"structural_weight\":0.6}","audit_id":"audit_1787195493672_ny0m"}
{"timestamp":"2026-08-20T03:11:33.684Z","action":"memory.add","actor":"daily-sync","target":"若兰","result":"success","detail":"{\"agent\":\"若兰\",\"type\":\"milestone\",\"structural_weight\":0.6}","audit_id":"audit_1787195493684_c305"}
{"timestamp":"2026-08-20T03:11:33.693Z","action":"memory.add","actor":"daily-sync","target":"若兰","result":"success","detail":"{\"agent\":\"若兰\",\"type\":\"event\",\"structural_weight\":0}","audit_id":"audit_1787195493693_jon5"}
{"timestamp":"2026-08-20T03:11:33.705Z","action":"memory.add","actor":"daily-sync","target":"若兰","result":"success","detail":"{\"agent\":\"若兰\",\"type\":\"milestone\",\"structural_weight\":0.6}","audit_id":"audit_1787195493705_t16o"}
{"timestamp":"2026-08-20T03:11:33.715Z","action":"memory.add","actor":"daily-sync","target":"若兰","result":"success","detail":"{\"agent\":\"若兰\",\"type\":\"milestone\",\"structural_weight\":0.6}","audit_id":"audit_1787195493715_8jz1"}
{"timestamp":"2026-08-20T03:11:33.723Z","action":"memory.add","actor":"daily-sync","target":"若兰","result":"success","detail":"{\"agent\":\"若兰\",\"type\":\"event\",\"structural_weight\":0}","audit_id":"audit_1787195493723_9ni9"}
{"timestamp":"2026-08-20T03:11:33.734Z","action":"memory.add","actor":"daily-sync","target":"若兰","result":"success","detail":"{\"agent\":\"若兰\",\"type\":\"event\",\"structural_weight\":0}","audit_id":"audit_1787195493734_rett"}
{"timestamp":"2026-08-20T03:11:33.745Z","action":"memory.add","actor":"daily-sync","target":"若兰","result":"success","detail":"{\"agent\":\"若兰\",\"type\":\"event\",\"structural_weight\":0}","audit_id":"audit_1787195493745_glqh"}
{"timestamp":"2026-08-20T03:11:33.754Z","action":"memory.add","actor":"daily-sync","target":"若兰","result":"success","detail":"{\"agent\":\"若兰\",\"type\":\"event\",\"structural_weight\":0}","audit_id":"audit_1787195493754_8s9o"}
{"timestamp":"2026-08-20T03:11:33.765Z","action":"memory.add","actor":"daily-sync","target":"若兰","result":"success","detail":"{\"agent\":\"若兰\",\"type\":\"event\",\"structural_weight\":0}","audit_id":"audit_1787195493765_33dt"}
{"timestamp":"2026-08-20T03:11:33.775Z","action":"memory.add","actor":"daily-sync","target":"若兰","result":"success","detail":"{\"agent\":\"若兰\",\"type\":\"event\",\"structural_weight\":0}","audit_id":"audit_1787195493775_ijxv"}
{"timestamp":"2026-08-20T03:11:33.784Z","action":"memory.add","actor":"daily-sync","target":"若兰","result":"success","detail":"{\"agent\":\"若兰\",\"type\":\"event\",\"structural_weight\":0}","audit_id":"audit_1787195493784_wyjk"}
{"timestamp":"2026-08-20T03:11:33.794Z","action":"memory.add","actor":"daily-sync","target":"若兰","result":"success","detail":"{\"agent\":\"若兰\",\"type\":\"event\",\"structural_weight\":0}","audit_id":"audit_1787195493794_4iwb"}
{"timestamp":"2026-08-20T03:11:33.810Z","action":"memory.add","actor":"daily-sync","target":"若兰","result":"success","detail":"{\"agent\":\"若兰\",\"type\":\"event\",\"structural_weight\":0}","audit_id":"audit_1787195493810_a1e3"}
{"timestamp":"2026-08-20T03:11:33.824Z","action":"memory.add","actor":"daily-sync","target":"若兰","result":"success","detail":"{\"agent\":\"若兰\",\"type\":\"event\",\"structural_weight\":0}","audit_id":"audit_1787195493824_w2k9"}
{"timestamp":"2026-08-20T03:11:33.836Z","action":"memory.add","actor":"daily-sync","target":"若兰","result":"success","detail":"{\"agent\":\"若兰\",\"type\":\"event\",\"structural_weight\":0}","audit_id":"audit_1787195493836_6hht"}
{"timestamp":"2026-08-20T03:11:33.847Z","action":"memory.add","actor":"daily-sync","target":"若兰","result":"success","detail":"{\"agent\":\"若兰\",\"type\":\"event\",\"structural_weight\":0}","audit_id":"audit_1787195493847_nz76"}
{"timestamp":"2026-08-20T03:11:33.857Z","action":"memory.add","actor":"daily-sync","target":"若兰","result":"success","detail":"{\"agent\":\"若兰\",\"type\":\"event\",\"structural_weight\":0}","audit_id":"audit_1787195493857_07v8"}
{"timestamp":"2026-08-20T03:11:33.869Z","action":"memory.add","actor":"daily-sync","target":"若兰","result":"success","detail":"{\"agent\":\"若兰\",\"type\":\"event\",\"structural_weight\":0}","audit_id":"audit_1787195493869_59oz"}
{"timestamp":"2026-08-20T03:11:33.878Z","action":"memory.add","actor":"daily-sync","target":"若兰","result":"success","detail":"{\"agent\":\"若兰\",\"type\":\"event\",\"structural_weight\":0}","audit_id":"audit_1787195493878_uqfx"}
{"timestamp":"2026-08-20T03:11:33.888Z","action":"memory.add","actor":"daily-sync","target":"若兰","result":"success","detail":"{\"agent\":\"若兰\",\"type\":\"event\",\"structural_weight\":0}","audit_id":"audit_1787195493888_5bko"}
{"timestamp":"2026-08-20T03:11:33.897Z","action":"memory.add","actor":"daily-sync","target":"若兰","result":"success","detail":"{\"agent\":\"若兰\",\"type\":\"event\",\"structural_weight\":0}","audit_id":"audit_1787195493897_rn5x"}
{"timestamp":"2026-08-20T03:11:33.906Z","action":"memory.add","actor":"daily-sync","target":"若兰","result":"success","detail":"{\"agent\":\"若兰\",\"type\":\"event\",\"structural_weight\":0}","audit_id":"audit_1787195493906_9c0j"}
{"timestamp":"2026-08-20T03:11:33.915Z","action":"memory.add","actor":"daily-sync","target":"若兰","result":"success","detail":"{\"agent\":\"若兰\",\"type\":\"event\",\"structural_weight\":0}","audit_id":"audit_1787195493916_xsp1"}
{"timestamp":"2026-08-20T03:11:33.924Z","action":"memory.add","actor":"daily-sync","target":"若兰","result":"success","detail":"{\"agent\":\"若兰\",\"type\":\"event\",\"structural_weight\":0}","audit_id":"audit_1787195493924_an1u"}
{"timestamp":"2026-08-20T03:11:33.936Z","action":"memory.add","actor":"daily-sync","target":"若兰","result":"success","detail":"{\"agent\":\"若兰\",\"type\":\"event\",\"structural_weight\":0}","audit_id":"audit_1787195493936_lz2t"}
{"timestamp":"2026-08-20T03:11:33.947Z","action":"memory.add","actor":"daily-sync","target":"若兰","result":"success","detail":"{\"agent\":\"若兰\",\"type\":\"event\",\"structural_weight\":0}","audit_id":"audit_1787195493947_9p5d"}
{"timestamp":"2026-08-20T03:11:33.956Z","action":"memory.add","actor":"daily-sync","target":"若兰","result":"success","detail":"{\"agent\":\"若兰\",\"type\":\"event\",\"structural_weight\":0}","audit_id":"audit_1787195493956_8lft"}
{"timestamp":"2026-08-20T03:11:33.969Z","action":"memory.add","actor":"daily-sync","target":"若兰","result":"success","detail":"{\"agent\":\"若兰\",\"type\":\"event\",\"structural_weight\":0}","audit_id":"audit_1787195493969_2nn0"}
{"timestamp":"2026-08-20T03:11:33.981Z","action":"memory.add","actor":"daily-sync","target":"若兰","result":"success","detail":"{\"agent\":\"若兰\",\"type\":\"event\",\"structural_weight\":0}","audit_id":"audit_1787195493981_zuwx"}
{"timestamp":"2026-08-20T03:11:33.992Z","action":"memory.add","actor":"daily-sync","target":"若兰","result":"success","detail":"{\"agent\":\"若兰\",\"type\":\"event\",\"structural_weight\":0}","audit_id":"audit_1787195493992_siq3"}
{"timestamp":"2026-08-20T03:11:34.001Z","action":"memory.add","actor":"daily-sync","target":"若兰","result":"success","detail":"{\"agent\":\"若兰\",\"type\":\"event\",\"structural_weight\":0}","audit_id":"audit_1787195494001_z3cd"}
{"timestamp":"2026-08-20T03:11:34.013Z","action":"memory.add","actor":"daily-sync","target":"若兰","result":"success","detail":"{\"agent\":\"若兰\",\"type\":\"event\",\"structural_weight\":0}","audit_id":"audit_1787195494013_3wgq"}
{"timestamp":"2026-08-20T03:11:34.023Z","action":"memory.add","actor":"daily-sync","target":"若兰","result":"success","detail":"{\"agent\":\"若兰\",\"type\":\"event\",\"structural_weight\":0}","audit_id":"audit_1787195494023_56hy"}
{"timestamp":"2026-08-20T03:11:34.032Z","action":"memory.add","actor":"daily-sync","target":"若兰","result":"success","detail":"{\"agent\":\"若兰\",\"type\":\"event\",\"structural_weight\":0}","audit_id":"audit_1787195494032_x8om"}
{"timestamp":"2026-08-20T03:11:34.044Z","action":"memory.add","actor":"daily-sync","target":"若兰","result":"success","detail":"{\"agent\":\"若兰\",\"type\":\"milestone\",\"structural_weight\":0.6}","audit_id":"audit_1787195494044_0tst"}
{"timestamp":"2026-08-20T03:11:34.060Z","action":"memory.add","actor":"daily-sync","target":"若兰","result":"success","detail":"{\"agent\":\"若兰\",\"type\":\"milestone\",\"structural_weight\":0.6}","audit_id":"audit_1787195494060_ttt4"}
{"timestamp":"2026-08-20T03:11:34.072Z","action":"memory.add","actor":"daily-sync","target":"若兰","result":"success","detail":"{\"agent\":\"若兰\",\"type\":\"event\",\"structural_weight\":0}","audit_id":"audit_1787195494072_tzt7"}
{"timestamp":"2026-08-20T03:11:34.080Z","action":"memory.add","actor":"daily-sync","target":"若兰","result":"success","detail":"{\"agent\":\"若兰\",\"type\":\"event\",\"structural_weight\":0}","audit_id":"audit_1787195494080_edmc"}
{"timestamp":"2026-08-20T03:11:34.091Z","action":"memory.add","actor":"daily-sync","target":"若兰","result":"success","detail":"{\"agent\":\"若兰\",\"type\":\"event\",\"structural_weight\":0}","audit_id":"audit_1787195494091_oe3e"}
{"timestamp":"2026-08-20T03:11:34.099Z","action":"memory.get","actor":"若兰","target":"若兰","result":"success","detail":"{\"agent\":\"若兰\",\"count\":295}","audit_id":"audit_1787195494099_73lb"}
{"timestamp":"2026-08-20T03:11:34.111Z","action":"memory.add","actor":"daily-sync","target":"若兰","result":"success","detail":"{\"agent\":\"若兰\",\"type\":\"discovery\",\"structural_weight\":0}","audit_id":"audit_1787195494111_ulou"}
{"timestamp":"2026-08-20T03:11:34.121Z","action":"memory.add","actor":"daily-sync","target":"若兰","result":"success","detail":"{\"agent\":\"若兰\",\"type\":\"event\",\"structural_weight\":0}","audit_id":"audit_1787195494121_mltl"}
{"timestamp":"2026-08-20T03:11:34.136Z","action":"memory.add","actor":"daily-sync","target":"若兰","result":"success","detail":"{\"agent\":\"若兰\",\"type\":\"event\",\"structural_weight\":0}","audit_id":"audit_1787195494136_me2m"}
{"timestamp":"2026-08-20T03:11:34.147Z","action":"memory.add","actor":"daily-sync","target":"若兰","result":"success","detail":"{\"agent\":\"若兰\",\"type\":\"event\",\"structural_weight\":0}","audit_id":"audit_1787195494147_ky1d"}
{"timestamp":"2026-08-20T03:11:34.161Z","action":"memory.add","actor":"daily-sync","target":"若兰","result":"success","detail":"{\"agent\":\"若兰\",\"type\":\"event\",\"structural_weight\":0}","audit_id":"audit_1787195494161_k8pr"}
{"timestamp":"2026-08-20T03:11:34.171Z","action":"memory.add","actor":"daily-sync","target":"若兰","result":"success","detail":"{\"agent\":\"若兰\",\"type\":\"event\",\"structural_weight\":0}","audit_id":"audit_1787195494171_anqk"}
{"timestamp":"2026-08-20T03:11:34.181Z","action":"memory.add","actor":"daily-sync","target":"若兰","result":"success","detail":"{\"agent\":\"若兰\",\"type\":\"event\",\"structural_weight\":0}","audit_id":"audit_1787195494181_ynxi"}
{"timestamp":"2026-08-20T03:11:34.191Z","action":"memory.add","actor":"daily-sync","target":"若兰","result":"success","detail":"{\"agent\":\"若兰\",\"type\":\"event\",\"structural_weight\":0}","audit_id":"audit_1787195494191_w3dj"}
{"timestamp":"2026-08-20T03:11:34.201Z","action":"memory.add","actor":"daily-sync","target":"若兰","result":"success","detail":"{\"agent\":\"若兰\",\"type\":\"event\",\"structural_weight\":0}","audit_id":"audit_1787195494201_vo1e"}
{"timestamp":"2026-08-20T03:11:34.210Z","action":"memory.add","actor":"daily-sync","target":"若兰","result":"success","detail":"{\"agent\":\"若兰\",\"type\":\"event\",\"structural_weight\":0}","audit_id":"audit_1787195494210_p5m8"}
{"timestamp":"2026-08-20T03:11:34.220Z","action":"memory.add","actor":"daily-sync","target":"若兰","result":"success","detail":"{\"agent\":\"若兰\",\"type\":\"event\",\"structural_weight\":0}","audit_id":"audit_1787195494220_4nxy"}
{"timestamp":"2026-08-20T03:11:34.249Z","action":"memory.add","actor":"daily-sync","target":"若兰","result":"success","detail":"{\"agent\":\"若兰\",\"type\":\"event\",\"structural_weight\":0}","audit_id":"audit_1787195494249_cjgm"}
{"timestamp":"2026-08-20T03:11:34.258Z","action":"memory.add","actor":"daily-sync","target":"若兰","result":"success","detail":"{\"agent\":\"若兰\",\"type\":\"milestone\",\"structural_weight\":0.6}","audit_id":"audit_1787195494258_vu4u"}
{"timestamp":"2026-08-20T03:11:34.266Z","action":"memory.add","actor":"daily-sync","target":"若兰","result":"success","detail":"{\"agent\":\"若兰\",\"type\":\"milestone\",\"structural_weight\":0.6}","audit_id":"audit_1787195494266_uoty"}
{"timestamp":"2026-08-20T03:11:34.276Z","action":"memory.add","actor":"daily-sync","target":"若兰","result":"success","detail":"{\"agent\":\"若兰\",\"type\":\"milestone\",\"structural_weight\":0.6}","audit_id":"audit_1787195494276_oeoi"}
{"timestamp":"2026-08-20T03:11:34.284Z","action":"memory.add","actor":"daily-sync","target":"若兰","result":"success","detail":"{\"agent\":\"若兰\",\"type\":\"milestone\",\"structural_weight\":0.6}","audit_id":"audit_1787195494284_ea8r"}
{"timestamp":"2026-08-20T03:11:34.292Z","action":"memory.add","actor":"daily-sync","target":"若兰","result":"success","detail":"{\"agent\":\"若兰\",\"type\":\"event\",\"structural_weight\":0}","audit_id":"audit_1787195494292_os25"}
{"timestamp":"2026-08-20T03:11:34.301Z","action":"memory.add","actor":"daily-sync","target":"若兰","result":"success","detail":"{\"agent\":\"若兰\",\"type\":\"milestone\",\"structural_weight\":0.6}","audit_id":"audit_1787195494301_ug76"}
{"timestamp":"2026-08-20T03:11:34.313Z","action":"memory.add","actor":"daily-sync","target":"若兰","result":"success","detail":"{\"agent\":\"若兰\",\"type\":\"event\",\"structural_weight\":0}","audit_id":"audit_1787195494313_7gdq"}
{"timestamp":"2026-08-20T03:11:34.326Z","action":"memory.add","actor":"daily-sync","target":"若兰","result":"success","detail":"{\"agent\":\"若兰\",\"type\":\"event\",\"structural_weight\":0}","audit_id":"audit_1787195494326_8o5v"}
{"timestamp":"2026-08-20T03:11:34.335Z","action":"memory.add","actor":"daily-sync","target":"若兰","result":"success","detail":"{\"agent\":\"若兰\",\"type\":\"milestone\",\"structural_weight\":0.6}","audit_id":"audit_1787195494335_wh1p"}
{"timestamp":"2026-08-20T03:11:34.343Z","action":"memory.add","actor":"daily-sync","target":"若兰","result":"success","detail":"{\"agent\":\"若兰\",\"type\":\"milestone\",\"structural_weight\":0.6}","audit_id":"audit_1787195494344_hbkv"}
{"timestamp":"2026-08-20T03:11:34.354Z","action":"memory.add","actor":"daily-sync","target":"若兰","result":"success","detail":"{\"agent\":\"若兰\",\"type\":\"event\",\"structural_weight\":0}","audit_id":"audit_1787195494354_89xr"}
{"timestamp":"2026-08-20T03:11:34.363Z","action":"memory.add","actor":"daily-sync","target":"若兰","result":"success","detail":"{\"agent\":\"若兰\",\"type\":\"event\",\"structural_weight\":0}","audit_id":"audit_1787195494363_9pv1"}
{"timestamp":"2026-08-20T03:11:34.372Z","action":"memory.add","actor":"daily-sync","target":"若兰","result":"success","detail":"{\"agent\":\"若兰\",\"type\":\"event\",\"structural_weight\":0}","audit_id":"audit_1787195494372_bjrq"}
{"timestamp":"2026-08-20T03:11:34.381Z","action":"memory.add","actor":"daily-sync","target":"若兰","result":"success","detail":"{\"agent\":\"若兰\",\"type\":\"event\",\"structural_weight\":0}","audit_id":"audit_1787195494381_9jp7"}
{"timestamp":"2026-08-20T03:11:34.392Z","action":"memory.add","actor":"daily-sync","target":"若兰","result":"success","detail":"{\"agent\":\"若兰\",\"type\":\"event\",\"structural_weight\":0}","audit_id":"audit_1787195494392_fipx"}
{"timestamp":"2026-08-20T03:11:34.607Z","action":"memory.add","actor":"daily-sync","target":"若兰","result":"success","detail":"{\"agent\":\"若兰\",\"type\":\"event\",\"structural_weight\":0}","audit_id":"audit_1787195494607_p0lr"}
{"timestamp":"2026-08-20T03:11:34.625Z","action":"memory.add","actor":"daily-sync","target":"若兰","result":"success","detail":"{\"agent\":\"若兰\",\"type\":\"event\",\"structural_weight\":0}","audit_id":"audit_1787195494625_g9n7"}
{"timestamp":"2026-08-20T03:11:34.640Z","action":"memory.add","actor":"daily-sync","target":"若兰","result":"success","detail":"{\"agent\":\"若兰\",\"type\":\"milestone\",\"structural_weight\":0.6}","audit_id":"audit_1787195494640_icsr"}
{"timestamp":"2026-08-20T03:11:34.657Z","action":"memory.add","actor":"daily-sync","target":"若兰","result":"success","detail":"{\"agent\":\"若兰\",\"type\":\"event\",\"structural_weight\":0}","audit_id":"audit_1787195494657_fuqo"}
{"timestamp":"2026-08-20T03:11:34.672Z","action":"memory.add","actor":"daily-sync","target":"若兰","result":"success","detail":"{\"agent\":\"若兰\",\"type\":\"event\",\"structural_weight\":0}","audit_id":"audit_1787195494672_bwk9"}
{"timestamp":"2026-08-20T03:11:34.702Z","action":"memory.add","actor":"daily-sync","target":"若兰","result":"success","detail":"{\"agent\":\"若兰\",\"type\":\"event\",\"structural_weight\":0}","audit_id":"audit_1787195494702_q41s"}
{"timestamp":"2026-08-20T03:11:34.733Z","action":"memory.add","actor":"daily-sync","target":"若兰","result":"success","detail":"{\"agent\":\"若兰\",\"type\":\"event\",\"structural_weight\":0}","audit_id":"audit_1787195494733_aj9j"}
{"timestamp":"2026-08-20T03:11:34.754Z","action":"memory.add","actor":"daily-sync","target":"若兰","result":"success","detail":"{\"agent\":\"若兰\",\"type\":\"event\",\"structural_weight\":0}","audit_id":"audit_1787195494754_c5ua"}
{"timestamp":"2026-08-20T03:11:34.769Z","action":"memory.add","actor":"daily-sync","target":"若兰","result":"success","detail":"{\"agent\":\"若兰\",\"type\":\"event\",\"structural_weight\":0}","audit_id":"audit_1787195494769_41fd"}
{"timestamp":"2026-08-20T03:11:34.782Z","action":"memory.add","actor":"daily-sync","target":"若兰","result":"success","detail":"{\"agent\":\"若兰\",\"type\":\"event\",\"structural_weight\":0}","audit_id":"audit_1787195494782_qrl1"}
{"timestamp":"2026-08-20T03:11:34.795Z","action":"memory.add","actor":"daily-sync","target":"若兰","result":"success","detail":"{\"agent\":\"若兰\",\"type\":\"event\",\"structural_weight\":0}","audit_id":"audit_1787195494795_u6se"}
{"timestamp":"2026-08-20T03:11:34.814Z","action":"memory.add","actor":"daily-sync","target":"若兰","result":"success","detail":"{\"agent\":\"若兰\",\"type\":\"event\",\"structural_weight\":0}","audit_id":"audit_1787195494814_w3kp"}
{"timestamp":"2026-08-20T03:11:34.830Z","action":"memory.add","actor":"daily-sync","target":"若兰","result":"success","detail":"{\"agent\":\"若兰\",\"type\":\"event\",\"structural_weight\":0}","audit_id":"audit_1787195494830_5gcu"}
{"timestamp":"2026-08-20T03:11:34.846Z","action":"memory.add","actor":"daily-sync","target":"若兰","result":"success","detail":"{\"agent\":\"若兰\",\"type\":\"event\",\"structural_weight\":0}","audit_id":"audit_1787195494846_xq8d"}
{"timestamp":"2026-08-20T03:11:34.871Z","action":"memory.add","actor":"daily-sync","target":"若兰","result":"success","detail":"{\"agent\":\"若兰\",\"type\":\"event\",\"structural_weight\":0}","audit_id":"audit_1787195494871_3hry"}
{"timestamp":"2026-08-20T03:11:34.881Z","action":"memory.add","actor":"daily-sync","target":"若兰","result":"success","detail":"{\"agent\":\"若兰\",\"type\":\"event\",\"structural_weight\":0}","audit_id":"audit_1787195494881_y3sj"}
{"timestamp":"2026-08-20T03:11:34.890Z","action":"memory.add","actor":"daily-sync","target":"若兰","result":"success","detail":"{\"agent\":\"若兰\",\"type\":\"event\",\"structural_weight\":0}","audit_id":"audit_1787195494890_4vuv"}
{"timestamp":"2026-08-20T03:11:34.901Z","action":"memory.add","actor":"daily-sync","target":"若兰","result":"success","detail":"{\"agent\":\"若兰\",\"type\":\"event\",\"structural_weight\":0}","audit_id":"audit_1787195494901_p24q"}
{"timestamp":"2026-08-20T03:11:34.911Z","action":"memory.add","actor":"daily-sync","target":"若兰","result":"success","detail":"{\"agent\":\"若兰\",\"type\":\"event\",\"structural_weight\":0}","audit_id":"audit_1787195494911_g4wm"}
{"timestamp":"2026-08-20T03:11:34.920Z","action":"memory.add","actor":"daily-sync","target":"若兰","result":"success","detail":"{\"agent\":\"若兰\",\"type\":\"discovery\",\"structural_weight\":0}","audit_id":"audit_1787195494920_szfg"}
{"timestamp":"2026-08-20T03:11:34.935Z","action":"memory.add","actor":"daily-sync","target":"若兰","result":"success","detail":"{\"agent\":\"若兰\",\"type\":\"discovery\",\"structural_weight\":0}","audit_id":"audit_1787195494935_mceo"}
{"timestamp":"2026-08-20T03:11:34.951Z","action":"memory.add","actor":"daily-sync","target":"若兰","result":"success","detail":"{\"agent\":\"若兰\",\"type\":\"event\",\"structural_weight\":0}","audit_id":"audit_1787195494951_iy65"}
{"timestamp":"2026-08-20T03:11:34.979Z","action":"memory.add","actor":"daily-sync","target":"若兰","result":"success","detail":"{\"agent\":\"若兰\",\"type\":\"discovery\",\"structural_weight\":0}","audit_id":"audit_1787195494979_6vvn"}
{"timestamp":"2026-08-20T03:11:34.989Z","action":"memory.add","actor":"daily-sync","target":"若兰","result":"success","detail":"{\"agent\":\"若兰\",\"type\":\"event\",\"structural_weight\":0}","audit_id":"audit_1787195494989_197e"}
{"timestamp":"2026-08-20T03:11:35.006Z","action":"memory.add","actor":"daily-sync","target":"若兰","result":"success","detail":"{\"agent\":\"若兰\",\"type\":\"event\",\"structural_weight\":0}","audit_id":"audit_1787195495006_t7uw"}
{"timestamp":"2026-08-20T03:11:35.015Z","action":"memory.get","actor":"若兰","target":"若兰","result":"success","detail":"{\"agent\":\"若兰\",\"count\":347}","audit_id":"audit_1787195495015_g19i"}
{"timestamp":"2026-08-20T03:11:35.036Z","action":"memory.get","actor":"若兰","target":"若兰","result":"success","detail":"{\"agent\":\"若兰\",\"count\":347}","audit_id":"audit_1787195495036_rt45"}
{"timestamp":"2026-08-20T03:11:35.050Z","action":"memory.add","actor":"daily-sync","target":"若兰","result":"success","detail":"{\"agent\":\"若兰\",\"type\":\"event\",\"structural_weight\":0}","audit_id":"audit_1787195495050_c5r8"}
{"timestamp":"2026-08-20T03:11:35.064Z","action":"memory.add","actor":"daily-sync","target":"若兰","result":"success","detail":"{\"agent\":\"若兰\",\"type\":\"event\",\"structural_weight\":0}","audit_id":"audit_1787195495064_mb5r"}
{"timestamp":"2026-08-20T03:11:35.080Z","action":"memory.add","actor":"daily-sync","target":"若兰","result":"success","detail":"{\"agent\":\"若兰\",\"type\":\"event\",\"structural_weight\":0}","audit_id":"audit_1787195495080_0io5"}
{"timestamp":"2026-08-20T03:11:35.090Z","action":"memory.add","actor":"daily-sync","target":"若兰","result":"success","detail":"{\"agent\":\"若兰\",\"type\":\"event\",\"structural_weight\":0}","audit_id":"audit_1787195495090_a62x"}
{"timestamp":"2026-08-20T03:11:35.101Z","action":"memory.add","actor":"daily-sync","target":"若兰","result":"success","detail":"{\"agent\":\"若兰\",\"type\":\"event\",\"structural_weight\":0}","audit_id":"audit_1787195495101_6vok"}
{"timestamp":"2026-08-20T03:11:35.115Z","action":"memory.add","actor":"daily-sync","target":"若兰","result":"success","detail":"{\"agent\":\"若兰\",\"type\":\"event\",\"structural_weight\":0}","audit_id":"audit_1787195495115_n27b"}
{"timestamp":"2026-08-20T03:11:35.126Z","action":"memory.add","actor":"daily-sync","target":"若兰","result":"success","detail":"{\"agent\":\"若兰\",\"type\":\"event\",\"structural_weight\":0}","audit_id":"audit_1787195495126_avwl"}
{"timestamp":"2026-08-20T03:11:35.143Z","action":"memory.add","actor":"daily-sync","target":"若兰","result":"success","detail":"{\"agent\":\"若兰\",\"type\":\"discovery\",\"structural_weight\":0}","audit_id":"audit_1787195495143_zlnp"}
{"timestamp":"2026-08-20T03:11:35.159Z","action":"memory.add","actor":"daily-sync","target":"若兰","result":"success","detail":"{\"agent\":\"若兰\",\"type\":\"event\",\"structural_weight\":0}","audit_id":"audit_1787195495159_7zv2"}
{"timestamp":"2026-08-20T03:11:35.177Z","action":"memory.add","actor":"daily-sync","target":"若兰","result":"success","detail":"{\"agent\":\"若兰\",\"type\":\"event\",\"structural_weight\":0}","audit_id":"audit_1787195495177_8qbq"}
{"timestamp":"2026-08-20T03:11:35.193Z","action":"memory.add","actor":"daily-sync","target":"若兰","result":"success","detail":"{\"agent\":\"若兰\",\"type\":\"event\",\"structural_weight\":0}","audit_id":"audit_1787195495193_vr8c"}
{"timestamp":"2026-08-20T03:11:35.213Z","action":"memory.add","actor":"daily-sync","target":"若兰","result":"success","detail":"{\"agent\":\"若兰\",\"type\":\"event\",\"structural_weight\":0}","audit_id":"audit_1787195495213_w34s"}
{"timestamp":"2026-08-20T03:11:35.230Z","action":"memory.add","actor":"daily-sync","target":"若兰","result":"success","detail":"{\"agent\":\"若兰\",\"type\":\"event\",\"structural_weight\":0}","audit_id":"audit_1787195495230_leua"}
{"timestamp":"2026-08-20T03:11:35.247Z","action":"memory.add","actor":"daily-sync","target":"若兰","result":"success","detail":"{\"agent\":\"若兰\",\"type\":\"event\",\"structural_weight\":0}","audit_id":"audit_1787195495247_6gfi"}
{"timestamp":"2026-08-20T03:11:35.265Z","action":"memory.add","actor":"daily-sync","target":"若兰","result":"success","detail":"{\"agent\":\"若兰\",\"type\":\"discovery\",\"structural_weight\":0}","audit_id":"audit_1787195495265_trxt"}
{"timestamp":"2026-08-20T03:11:35.279Z","action":"memory.add","actor":"daily-sync","target":"若兰","result":"success","detail":"{\"agent\":\"若兰\",\"type\":\"event\",\"structural_weight\":0}","audit_id":"audit_1787195495279_ja15"}
{"timestamp":"2026-08-20T03:11:35.297Z","action":"memory.add","actor":"daily-sync","target":"若兰","result":"success","detail":"{\"agent\":\"若兰\",\"type\":\"milestone\",\"structural_weight\":0.6}","audit_id":"audit_1787195495297_kqvw"}
{"timestamp":"2026-08-20T03:11:35.322Z","action":"memory.add","actor":"daily-sync","target":"若兰","result":"success","detail":"{\"agent\":\"若兰\",\"type\":\"milestone\",\"structural_weight\":0.6}","audit_id":"audit_1787195495322_zdev"}
{"timestamp":"2026-08-20T03:11:35.340Z","action":"memory.add","actor":"daily-sync","target":"若兰","result":"success","detail":"{\"agent\":\"若兰\",\"type\":\"event\",\"structural_weight\":0}","audit_id":"audit_1787195495340_4dr8"}
{"timestamp":"2026-08-20T03:11:35.356Z","action":"memory.add","actor":"daily-sync","target":"若兰","result":"success","detail":"{\"agent\":\"若兰\",\"type\":\"event\",\"structural_weight\":0}","audit_id":"audit_1787195495356_tm43"}
{"timestamp":"2026-08-20T03:11:35.374Z","action":"memory.add","actor":"daily-sync","target":"若兰","result":"success","detail":"{\"agent\":\"若兰\",\"type\":\"event\",\"structural_weight\":0}","audit_id":"audit_1787195495374_0obn"}
{"timestamp":"2026-08-20T03:11:35.394Z","action":"memory.add","actor":"daily-sync","target":"若兰","result":"success","detail":"{\"agent\":\"若兰\",\"type\":\"milestone\",\"structural_weight\":0.6}","audit_id":"audit_1787195495394_lcd3"}
{"timestamp":"2026-08-20T03:11:35.410Z","action":"memory.add","actor":"daily-sync","target":"若兰","result":"success","detail":"{\"agent\":\"若兰\",\"type\":\"milestone\",\"structural_weight\":0.6}","audit_id":"audit_1787195495410_pnqv"}
{"timestamp":"2026-08-20T03:11:35.425Z","action":"memory.add","actor":"daily-sync","target":"若兰","result":"success","detail":"{\"agent\":\"若兰\",\"type\":\"milestone\",\"structural_weight\":0.6}","audit_id":"audit_1787195495425_ktfe"}
{"timestamp":"2026-08-20T03:11:35.440Z","action":"memory.add","actor":"daily-sync","target":"若兰","result":"success","detail":"{\"agent\":\"若兰\",\"type\":\"milestone\",\"structural_weight\":0.6}","audit_id":"audit_1787195495440_4fob"}
{"timestamp":"2026-08-20T03:11:35.454Z","action":"memory.add","actor":"daily-sync","target":"若兰","result":"success","detail":"{\"agent\":\"若兰\",\"type\":\"milestone\",\"structural_weight\":0.6}","audit_id":"audit_1787195495454_806y"}
{"timestamp":"2026-08-20T03:11:35.468Z","action":"memory.add","actor":"daily-sync","target":"若兰","result":"success","detail":"{\"agent\":\"若兰\",\"type\":\"milestone\",\"structural_weight\":0.6}","audit_id":"audit_1787195495468_e3rp"}
{"timestamp":"2026-08-20T03:11:35.480Z","action":"memory.add","actor":"daily-sync","target":"若兰","result":"success","detail":"{\"agent\":\"若兰\",\"type\":\"milestone\",\"structural_weight\":0.6}","audit_id":"audit_1787195495480_tqb1"}
{"timestamp":"2026-08-20T03:11:35.494Z","action":"memory.add","actor":"daily-sync","target":"若兰","result":"success","detail":"{\"agent\":\"若兰\",\"type\":\"milestone\",\"structural_weight\":0.6}","audit_id":"audit_1787195495494_q4jk"}
{"timestamp":"2026-08-20T03:11:35.505Z","action":"memory.add","actor":"daily-sync","target":"若兰","result":"success","detail":"{\"agent\":\"若兰\",\"type\":\"event\",\"structural_weight\":0}","audit_id":"audit_1787195495505_7gfn"}
{"timestamp":"2026-08-20T03:11:35.514Z","action":"memory.add","actor":"daily-sync","target":"若兰","result":"success","detail":"{\"agent\":\"若兰\",\"type\":\"milestone\",\"structural_weight\":0.6}","audit_id":"audit_1787195495514_7yep"}
{"timestamp":"2026-08-20T03:11:35.523Z","action":"memory.add","actor":"daily-sync","target":"若兰","result":"success","detail":"{\"agent\":\"若兰\",\"type\":\"milestone\",\"structural_weight\":0.6}","audit_id":"audit_1787195495523_9tif"}
{"timestamp":"2026-08-20T03:11:35.537Z","action":"memory.add","actor":"daily-sync","target":"若兰","result":"success","detail":"{\"agent\":\"若兰\",\"type\":\"event\",\"structural_weight\":0}","audit_id":"audit_1787195495537_n18h"}
{"timestamp":"2026-08-20T03:11:35.548Z","action":"memory.add","actor":"daily-sync","target":"若兰","result":"success","detail":"{\"agent\":\"若兰\",\"type\":\"milestone\",\"structural_weight\":0.6}","audit_id":"audit_1787195495548_4oyu"}
{"timestamp":"2026-08-20T03:11:35.558Z","action":"memory.add","actor":"daily-sync","target":"若兰","result":"success","detail":"{\"agent\":\"若兰\",\"type\":\"milestone\",\"structural_weight\":0.6}","audit_id":"audit_1787195495558_xiyv"}
{"timestamp":"2026-08-20T03:11:35.572Z","action":"memory.add","actor":"daily-sync","target":"若兰","result":"success","detail":"{\"agent\":\"若兰\",\"type\":\"event\",\"structural_weight\":0}","audit_id":"audit_1787195495572_u01w"}
{"timestamp":"2026-08-20T03:11:35.587Z","action":"memory.add","actor":"daily-sync","target":"若兰","result":"success","detail":"{\"agent\":\"若兰\",\"type\":\"event\",\"structural_weight\":0}","audit_id":"audit_1787195495587_nuvp"}
{"timestamp":"2026-08-20T03:11:35.597Z","action":"memory.add","actor":"daily-sync","target":"若兰","result":"success","detail":"{\"agent\":\"若兰\",\"type\":\"event\",\"structural_weight\":0}","audit_id":"audit_1787195495597_woen"}
{"timestamp":"2026-08-20T03:11:35.606Z","action":"memory.add","actor":"daily-sync","target":"若兰","result":"success","detail":"{\"agent\":\"若兰\",\"type\":\"event\",\"structural_weight\":0}","audit_id":"audit_1787195495606_8qdg"}
{"timestamp":"2026-08-20T03:11:35.620Z","action":"memory.add","actor":"daily-sync","target":"若兰","result":"success","detail":"{\"agent\":\"若兰\",\"type\":\"event\",\"structural_weight\":0}","audit_id":"audit_1787195495620_0x4j"}
{"timestamp":"2026-08-20T03:11:35.630Z","action":"memory.add","actor":"daily-sync","target":"若兰","result":"success","detail":"{\"agent\":\"若兰\",\"type\":\"event\",\"structural_weight\":0}","audit_id":"audit_1787195495630_h4l5"}
{"timestamp":"2026-08-20T03:11:35.639Z","action":"memory.add","actor":"daily-sync","target":"若兰","result":"success","detail":"{\"agent\":\"若兰\",\"type\":\"event\",\"structural_weight\":0}","audit_id":"audit_1787195495640_0cne"}
{"timestamp":"2026-08-20T03:11:35.649Z","action":"memory.add","actor":"daily-sync","target":"若兰","result":"success","detail":"{\"agent\":\"若兰\",\"type\":\"event\",\"structural_weight\":0}","audit_id":"audit_1787195495649_0ltr"}
{"timestamp":"2026-08-20T03:11:35.659Z","action":"memory.add","actor":"daily-sync","target":"若兰","result":"success","detail":"{\"agent\":\"若兰\",\"type\":\"event\",\"structural_weight\":0}","audit_id":"audit_1787195495659_t452"}
{"timestamp":"2026-08-20T03:11:35.669Z","action":"memory.add","actor":"daily-sync","target":"若兰","result":"success","detail":"{\"agent\":\"若兰\",\"type\":\"event\",\"structural_weight\":0}","audit_id":"audit_1787195495669_c0k7"}
{"timestamp":"2026-08-20T03:11:35.681Z","action":"memory.add","actor":"daily-sync","target":"若兰","result":"success","detail":"{\"agent\":\"若兰\",\"type\":\"event\",\"structural_weight\":0}","audit_id":"audit_1787195495681_nr3e"}
{"timestamp":"2026-08-20T03:11:35.691Z","action":"memory.add","actor":"daily-sync","target":"若兰","result":"success","detail":"{\"agent\":\"若兰\",\"type\":\"event\",\"structural_weight\":0}","audit_id":"audit_1787195495691_1rm0"}
{"timestamp":"2026-08-20T03:11:35.700Z","action":"memory.add","actor":"daily-sync","target":"若兰","result":"success","detail":"{\"agent\":\"若兰\",\"type\":\"event\",\"structural_weight\":0}","audit_id":"audit_1787195495700_wn73"}
{"timestamp":"2026-08-20T03:11:35.710Z","action":"memory.add","actor":"daily-sync","target":"若兰","result":"success","detail":"{\"agent\":\"若兰\",\"type\":\"milestone\",\"structural_weight\":0.6}","audit_id":"audit_1787195495710_h7pv"}
{"timestamp":"2026-08-20T03:11:35.721Z","action":"memory.add","actor":"daily-sync","target":"若兰","result":"success","detail":"{\"agent\":\"若兰\",\"type\":\"event\",\"structural_weight\":0}","audit_id":"audit_1787195495721_lp7r"}
{"timestamp":"2026-08-20T03:11:35.731Z","action":"memory.add","actor":"daily-sync","target":"若兰","result":"success","detail":"{\"agent\":\"若兰\",\"type\":\"event\",\"structural_weight\":0}","audit_id":"audit_1787195495731_i30c"}
{"timestamp":"2026-08-20T03:11:35.741Z","action":"memory.add","actor":"daily-sync","target":"若兰","result":"success","detail":"{\"agent\":\"若兰\",\"type\":\"event\",\"structural_weight\":0}","audit_id":"audit_1787195495741_p99e"}
{"timestamp":"2026-08-20T03:11:35.754Z","action":"memory.add","actor":"daily-sync","target":"若兰","result":"success","detail":"{\"agent\":\"若兰\",\"type\":\"event\",\"structural_weight\":0}","audit_id":"audit_1787195495754_o4xt"}
{"timestamp":"2026-08-20T03:11:35.764Z","action":"memory.add","actor":"daily-sync","target":"若兰","result":"success","detail":"{\"agent\":\"若兰\",\"type\":\"event\",\"structural_weight\":0}","audit_id":"audit_1787195495764_dgnb"}
{"timestamp":"2026-08-20T03:11:35.908Z","action":"memory.add","actor":"daily-sync","target":"若兰","result":"success","detail":"{\"agent\":\"若兰\",\"type\":\"event\",\"structural_weight\":0}","audit_id":"audit_1787195495908_07qz"}
{"timestamp":"2026-08-20T03:11:35.918Z","action":"memory.add","actor":"daily-sync","target":"若兰","result":"success","detail":"{\"agent\":\"若兰\",\"type\":\"event\",\"structural_weight\":0}","audit_id":"audit_1787195495918_jcxn"}
{"timestamp":"2026-08-20T03:11:35.928Z","action":"memory.add","actor":"daily-sync","target":"若兰","result":"success","detail":"{\"agent\":\"若兰\",\"type\":\"event\",\"structural_weight\":0}","audit_id":"audit_1787195495928_oozp"}
{"timestamp":"2026-08-20T03:11:35.939Z","action":"memory.add","actor":"daily-sync","target":"若兰","result":"success","detail":"{\"agent\":\"若兰\",\"type\":\"event\",\"structural_weight\":0}","audit_id":"audit_1787195495939_w8u9"}
{"timestamp":"2026-08-20T03:11:35.949Z","action":"memory.add","actor":"daily-sync","target":"若兰","result":"success","detail":"{\"agent\":\"若兰\",\"type\":\"event\",\"structural_weight\":0}","audit_id":"audit_1787195495949_dl79"}
{"timestamp":"2026-08-20T03:11:35.960Z","action":"memory.add","actor":"daily-sync","target":"若兰","result":"success","detail":"{\"agent\":\"若兰\",\"type\":\"event\",\"structural_weight\":0}","audit_id":"audit_1787195495960_93n7"}
{"timestamp":"2026-08-20T03:11:35.972Z","action":"memory.add","actor":"daily-sync","target":"若兰","result":"success","detail":"{\"agent\":\"若兰\",\"type\":\"event\",\"structural_weight\":0}","audit_id":"audit_1787195495972_mofg"}
{"timestamp":"2026-08-20T03:11:35.983Z","action":"memory.get","actor":"若兰","target":"若兰","result":"success","detail":"{\"agent\":\"若兰\",\"count\":408}","audit_id":"audit_1787195495983_feuj"}
{"timestamp":"2026-08-20T03:11:35.994Z","action":"memory.add","actor":"daily-sync","target":"若兰","result":"success","detail":"{\"agent\":\"若兰\",\"type\":\"event\",\"structural_weight\":0}","audit_id":"audit_1787195495994_hlth"}
{"timestamp":"2026-08-20T03:11:36.005Z","action":"memory.add","actor":"daily-sync","target":"若兰","result":"success","detail":"{\"agent\":\"若兰\",\"type\":\"event\",\"structural_weight\":0}","audit_id":"audit_1787195496005_od3g"}
{"timestamp":"2026-08-20T03:11:36.018Z","action":"memory.add","actor":"daily-sync","target":"若兰","result":"success","detail":"{\"agent\":\"若兰\",\"type\":\"milestone\",\"structural_weight\":0.6}","audit_id":"audit_1787195496018_u6jw"}
{"timestamp":"2026-08-20T03:11:36.028Z","action":"memory.add","actor":"daily-sync","target":"若兰","result":"success","detail":"{\"agent\":\"若兰\",\"type\":\"todo\",\"structural_weight\":0}","audit_id":"audit_1787195496028_zn2g"}
{"timestamp":"2026-08-20T03:11:36.038Z","action":"memory.add","actor":"daily-sync","target":"若兰","result":"success","detail":"{\"agent\":\"若兰\",\"type\":\"event\",\"structural_weight\":0}","audit_id":"audit_1787195496038_9s5l"}
{"timestamp":"2026-08-20T03:11:36.055Z","action":"memory.add","actor":"daily-sync","target":"若兰","result":"success","detail":"{\"agent\":\"若兰\",\"type\":\"event\",\"structural_weight\":0}","audit_id":"audit_1787195496055_aqcg"}
{"timestamp":"2026-08-20T03:11:36.070Z","action":"memory.add","actor":"daily-sync","target":"若兰","result":"success","detail":"{\"agent\":\"若兰\",\"type\":\"milestone\",\"structural_weight\":0.6}","audit_id":"audit_1787195496070_ohf5"}
{"timestamp":"2026-08-20T03:11:36.081Z","action":"memory.add","actor":"daily-sync","target":"若兰","result":"success","detail":"{\"agent\":\"若兰\",\"type\":\"event\",\"structural_weight\":0}","audit_id":"audit_1787195496081_1f6z"}
{"timestamp":"2026-08-20T03:11:36.091Z","action":"memory.add","actor":"daily-sync","target":"若兰","result":"success","detail":"{\"agent\":\"若兰\",\"type\":\"event\",\"structural_weight\":0}","audit_id":"audit_1787195496091_ljyo"}
{"timestamp":"2026-08-20T03:11:36.117Z","action":"memory.add","actor":"daily-sync","target":"若兰","result":"success","detail":"{\"agent\":\"若兰\",\"type\":\"event\",\"structural_weight\":0}","audit_id":"audit_1787195496117_xqs5"}
{"timestamp":"2026-08-20T03:11:36.126Z","action":"memory.add","actor":"daily-sync","target":"若兰","result":"success","detail":"{\"agent\":\"若兰\",\"type\":\"event\",\"structural_weight\":0}","audit_id":"audit_1787195496126_qmz5"}
{"timestamp":"2026-08-20T03:11:36.135Z","action":"memory.add","actor":"daily-sync","target":"若兰","result":"success","detail":"{\"agent\":\"若兰\",\"type\":\"event\",\"structural_weight\":0}","audit_id":"audit_1787195496135_flhv"}
{"timestamp":"2026-08-20T03:11:36.145Z","action":"memory.add","actor":"daily-sync","target":"若兰","result":"success","detail":"{\"agent\":\"若兰\",\"type\":\"event\",\"structural_weight\":0}","audit_id":"audit_1787195496145_1jy4"}
{"timestamp":"2026-08-20T03:11:36.157Z","action":"memory.add","actor":"daily-sync","target":"若兰","result":"success","detail":"{\"agent\":\"若兰\",\"type\":\"event\",\"structural_weight\":0}","audit_id":"audit_1787195496157_6ls0"}
{"timestamp":"2026-08-20T03:11:36.169Z","action":"memory.add","actor":"daily-sync","target":"若兰","result":"success","detail":"{\"agent\":\"若兰\",\"type\":\"event\",\"structural_weight\":0}","audit_id":"audit_1787195496169_fxnf"}
{"timestamp":"2026-08-20T03:11:36.179Z","action":"memory.add","actor":"daily-sync","target":"若兰","result":"success","detail":"{\"agent\":\"若兰\",\"type\":\"event\",\"structural_weight\":0}","audit_id":"audit_1787195496179_uw12"}
{"timestamp":"2026-08-20T03:11:36.189Z","action":"memory.add","actor":"daily-sync","target":"若兰","result":"success","detail":"{\"agent\":\"若兰\",\"type\":\"discovery\",\"structural_weight\":0}","audit_id":"audit_1787195496189_hz17"}
{"timestamp":"2026-08-20T03:11:36.199Z","action":"memory.add","actor":"daily-sync","target":"若兰","result":"success","detail":"{\"agent\":\"若兰\",\"type\":\"event\",\"structural_weight\":0}","audit_id":"audit_1787195496199_9slr"}
{"timestamp":"2026-08-20T03:11:36.209Z","action":"memory.add","actor":"daily-sync","target":"若兰","result":"success","detail":"{\"agent\":\"若兰\",\"type\":\"event\",\"structural_weight\":0}","audit_id":"audit_1787195496209_kbqc"}
{"timestamp":"2026-08-20T03:11:36.221Z","action":"memory.add","actor":"daily-sync","target":"若兰","result":"success","detail":"{\"agent\":\"若兰\",\"type\":\"discovery\",\"structural_weight\":0}","audit_id":"audit_1787195496221_05e6"}
{"timestamp":"2026-08-20T03:11:36.231Z","action":"memory.add","actor":"daily-sync","target":"若兰","result":"success","detail":"{\"agent\":\"若兰\",\"type\":\"event\",\"structural_weight\":0}","audit_id":"audit_1787195496231_nrts"}
{"timestamp":"2026-08-20T03:11:36.242Z","action":"memory.add","actor":"daily-sync","target":"若兰","result":"success","detail":"{\"agent\":\"若兰\",\"type\":\"milestone\",\"structural_weight\":0.6}","audit_id":"audit_1787195496242_9eal"}
{"timestamp":"2026-08-20T03:11:36.251Z","action":"memory.add","actor":"daily-sync","target":"若兰","result":"success","detail":"{\"agent\":\"若兰\",\"type\":\"event\",\"structural_weight\":0}","audit_id":"audit_1787195496251_qqxv"}
{"timestamp":"2026-08-20T03:11:36.262Z","action":"memory.add","actor":"daily-sync","target":"若兰","result":"success","detail":"{\"agent\":\"若兰\",\"type\":\"milestone\",\"structural_weight\":0.6}","audit_id":"audit_1787195496262_k5hg"}
{"timestamp":"2026-08-20T03:11:36.275Z","action":"memory.add","actor":"daily-sync","target":"若兰","result":"success","detail":"{\"agent\":\"若兰\",\"type\":\"milestone\",\"structural_weight\":0.6}","audit_id":"audit_1787195496275_9i2p"}
{"timestamp":"2026-08-20T03:11:36.285Z","action":"memory.add","actor":"daily-sync","target":"若兰","result":"success","detail":"{\"agent\":\"若兰\",\"type\":\"event\",\"structural_weight\":0}","audit_id":"audit_1787195496285_mjzd"}
{"timestamp":"2026-08-20T03:11:36.295Z","action":"memory.add","actor":"daily-sync","target":"若兰","result":"success","detail":"{\"agent\":\"若兰\",\"type\":\"event\",\"structural_weight\":0}","audit_id":"audit_1787195496295_2107"}
{"timestamp":"2026-08-20T03:11:36.308Z","action":"memory.add","actor":"daily-sync","target":"若兰","result":"success","detail":"{\"agent\":\"若兰\",\"type\":\"event\",\"structural_weight\":0}","audit_id":"audit_1787195496308_y30u"}
{"timestamp":"2026-08-20T03:11:36.319Z","action":"memory.add","actor":"daily-sync","target":"若兰","result":"success","detail":"{\"agent\":\"若兰\",\"type\":\"event\",\"structural_weight\":0}","audit_id":"audit_1787195496319_1i90"}
{"timestamp":"2026-08-20T03:11:36.329Z","action":"memory.add","actor":"daily-sync","target":"若兰","result":"success","detail":"{\"agent\":\"若兰\",\"type\":\"event\",\"structural_weight\":0}","audit_id":"audit_1787195496329_lc35"}
{"timestamp":"2026-08-20T03:11:36.340Z","action":"memory.add","actor":"daily-sync","target":"若兰","result":"success","detail":"{\"agent\":\"若兰\",\"type\":\"event\",\"structural_weight\":0}","audit_id":"audit_1787195496340_8qix"}
{"timestamp":"2026-08-20T03:11:36.352Z","action":"memory.add","actor":"daily-sync","target":"若兰","result":"success","detail":"{\"agent\":\"若兰\",\"type\":\"event\",\"structural_weight\":0}","audit_id":"audit_1787195496352_jjqg"}
{"timestamp":"2026-08-20T03:11:36.363Z","action":"memory.add","actor":"daily-sync","target":"若兰","result":"success","detail":"{\"agent\":\"若兰\",\"type\":\"event\",\"structural_weight\":0}","audit_id":"audit_1787195496363_0nv1"}
{"timestamp":"2026-08-20T03:11:36.379Z","action":"memory.add","actor":"daily-sync","target":"若兰","result":"success","detail":"{\"agent\":\"若兰\",\"type\":\"milestone\",\"structural_weight\":0.6}","audit_id":"audit_1787195496379_bpdr"}
{"timestamp":"2026-08-20T03:11:36.389Z","action":"memory.add","actor":"daily-sync","target":"若兰","result":"success","detail":"{\"agent\":\"若兰\",\"type\":\"milestone\",\"structural_weight\":0.6}","audit_id":"audit_1787195496389_g3b1"}
{"timestamp":"2026-08-20T03:11:36.402Z","action":"memory.add","actor":"daily-sync","target":"若兰","result":"success","detail":"{\"agent\":\"若兰\",\"type\":\"milestone\",\"structural_weight\":0.6}","audit_id":"audit_1787195496402_sm00"}
{"timestamp":"2026-08-20T03:11:36.415Z","action":"memory.add","actor":"daily-sync","target":"若兰","result":"success","detail":"{\"agent\":\"若兰\",\"type\":\"milestone\",\"structural_weight\":0.6}","audit_id":"audit_1787195496415_a2sk"}
{"timestamp":"2026-08-20T03:11:36.431Z","action":"memory.add","actor":"daily-sync","target":"若兰","result":"success","detail":"{\"agent\":\"若兰\",\"type\":\"milestone\",\"structural_weight\":0.6}","audit_id":"audit_1787195496431_x4km"}
{"timestamp":"2026-08-20T03:11:36.444Z","action":"memory.add","actor":"daily-sync","target":"若兰","result":"success","detail":"{\"agent\":\"若兰\",\"type\":\"milestone\",\"structural_weight\":0.6}","audit_id":"audit_1787195496444_elxb"}
{"timestamp":"2026-08-20T03:11:36.457Z","action":"memory.add","actor":"daily-sync","target":"若兰","result":"success","detail":"{\"agent\":\"若兰\",\"type\":\"milestone\",\"structural_weight\":0.6}","audit_id":"audit_1787195496457_t9vj"}
{"timestamp":"2026-08-20T03:11:36.472Z","action":"memory.add","actor":"daily-sync","target":"若兰","result":"success","detail":"{\"agent\":\"若兰\",\"type\":\"event\",\"structural_weight\":0}","audit_id":"audit_1787195496472_9isw"}
{"timestamp":"2026-08-20T03:11:36.490Z","action":"memory.add","actor":"daily-sync","target":"若兰","result":"success","detail":"{\"agent\":\"若兰\",\"type\":\"discovery\",\"structural_weight\":0}","audit_id":"audit_1787195496490_hd1a"}
{"timestamp":"2026-08-20T03:11:36.504Z","action":"memory.add","actor":"daily-sync","target":"若兰","result":"success","detail":"{\"agent\":\"若兰\",\"type\":\"event\",\"structural_weight\":0}","audit_id":"audit_1787195496504_oc0g"}
{"timestamp":"2026-08-20T03:11:36.518Z","action":"memory.add","actor":"daily-sync","target":"若兰","result":"success","detail":"{\"agent\":\"若兰\",\"type\":\"event\",\"structural_weight\":0}","audit_id":"audit_1787195496518_6w2a"}
{"timestamp":"2026-08-20T03:11:36.529Z","action":"memory.get","actor":"若兰","target":"若兰","result":"success","detail":"{\"agent\":\"若兰\",\"count\":452}","audit_id":"audit_1787195496529_5bul"}
{"timestamp":"2026-08-20T03:11:36.540Z","action":"memory.add","actor":"daily-sync","target":"若兰","result":"success","detail":"{\"agent\":\"若兰\",\"type\":\"event\",\"structural_weight\":0}","audit_id":"audit_1787195496540_qexb"}
{"timestamp":"2026-08-20T03:11:36.552Z","action":"memory.add","actor":"daily-sync","target":"若兰","result":"success","detail":"{\"agent\":\"若兰\",\"type\":\"event\",\"structural_weight\":0}","audit_id":"audit_1787195496552_1xk9"}
{"timestamp":"2026-08-20T03:11:36.564Z","action":"memory.add","actor":"daily-sync","target":"若兰","result":"success","detail":"{\"agent\":\"若兰\",\"type\":\"event\",\"structural_weight\":0}","audit_id":"audit_1787195496564_4oyq"}
{"timestamp":"2026-08-20T03:11:36.574Z","action":"memory.add","actor":"daily-sync","target":"若兰","result":"success","detail":"{\"agent\":\"若兰\",\"type\":\"event\",\"structural_weight\":0}","audit_id":"audit_1787195496574_cfb2"}
{"timestamp":"2026-08-20T03:11:36.585Z","action":"memory.add","actor":"daily-sync","target":"若兰","result":"success","detail":"{\"agent\":\"若兰\",\"type\":\"event\",\"structural_weight\":0}","audit_id":"audit_1787195496585_uk7r"}
{"timestamp":"2026-08-20T03:11:36.598Z","action":"memory.add","actor":"daily-sync","target":"若兰","result":"success","detail":"{\"agent\":\"若兰\",\"type\":\"event\",\"structural_weight\":0}","audit_id":"audit_1787195496598_u5q2"}
{"timestamp":"2026-08-20T03:11:36.609Z","action":"memory.add","actor":"daily-sync","target":"若兰","result":"success","detail":"{\"agent\":\"若兰\",\"type\":\"event\",\"structural_weight\":0}","audit_id":"audit_1787195496609_x21u"}
{"timestamp":"2026-08-20T03:11:36.622Z","action":"memory.add","actor":"daily-sync","target":"若兰","result":"success","detail":"{\"agent\":\"若兰\",\"type\":\"event\",\"structural_weight\":0}","audit_id":"audit_1787195496622_58g3"}
{"timestamp":"2026-08-20T03:11:36.638Z","action":"memory.get","actor":"若兰","target":"若兰","result":"success","detail":"{\"agent\":\"若兰\",\"count\":460}","audit_id":"audit_1787195496638_knl7"}
{"timestamp":"2026-08-20T03:11:36.650Z","action":"memory.add","actor":"daily-sync","target":"若兰","result":"success","detail":"{\"agent\":\"若兰\",\"type\":\"event\",\"structural_weight\":0}","audit_id":"audit_1787195496650_yn4z"}
{"timestamp":"2026-08-20T03:11:36.660Z","action":"memory.add","actor":"daily-sync","target":"若兰","result":"success","detail":"{\"agent\":\"若兰\",\"type\":\"event\",\"structural_weight\":0}","audit_id":"audit_1787195496660_ns8d"}
{"timestamp":"2026-08-20T03:11:36.671Z","action":"memory.add","actor":"daily-sync","target":"若兰","result":"success","detail":"{\"agent\":\"若兰\",\"type\":\"event\",\"structural_weight\":0}","audit_id":"audit_1787195496671_fhpg"}
{"timestamp":"2026-08-20T03:11:36.681Z","action":"memory.add","actor":"daily-sync","target":"若兰","result":"success","detail":"{\"agent\":\"若兰\",\"type\":\"event\",\"structural_weight\":0}","audit_id":"audit_1787195496681_pa49"}
{"timestamp":"2026-08-20T03:11:36.692Z","action":"memory.add","actor":"daily-sync","target":"若兰","result":"success","detail":"{\"agent\":\"若兰\",\"type\":\"event\",\"structural_weight\":0}","audit_id":"audit_1787195496692_gni5"}
{"timestamp":"2026-08-20T03:11:36.704Z","action":"memory.add","actor":"daily-sync","target":"若兰","result":"success","detail":"{\"agent\":\"若兰\",\"type\":\"lesson\",\"structural_weight\":0}","audit_id":"audit_1787195496704_ifzy"}
{"timestamp":"2026-08-20T03:11:36.715Z","action":"memory.add","actor":"daily-sync","target":"若兰","result":"success","detail":"{\"agent\":\"若兰\",\"type\":\"event\",\"structural_weight\":0}","audit_id":"audit_1787195496715_urbk"}
{"timestamp":"2026-08-20T03:11:36.726Z","action":"memory.add","actor":"daily-sync","target":"若兰","result":"success","detail":"{\"agent\":\"若兰\",\"type\":\"event\",\"structural_weight\":0}","audit_id":"audit_1787195496726_m7cc"}
{"timestamp":"2026-08-20T03:11:36.738Z","action":"memory.add","actor":"daily-sync","target":"若兰","result":"success","detail":"{\"agent\":\"若兰\",\"type\":\"event\",\"structural_weight\":0}","audit_id":"audit_1787195496738_qvg3"}
{"timestamp":"2026-08-20T03:11:36.748Z","action":"memory.add","actor":"daily-sync","target":"若兰","result":"success","detail":"{\"agent\":\"若兰\",\"type\":\"decision\",\"structural_weight\":0.6}","audit_id":"audit_1787195496748_yu1w"}
{"timestamp":"2026-08-20T03:11:36.770Z","action":"memory.add","actor":"daily-sync","target":"若兰","result":"success","detail":"{\"agent\":\"若兰\",\"type\":\"event\",\"structural_weight\":0}","audit_id":"audit_1787195496770_j02r"}
{"timestamp":"2026-08-20T03:11:36.781Z","action":"memory.add","actor":"daily-sync","target":"若兰","result":"success","detail":"{\"agent\":\"若兰\",\"type\":\"milestone\",\"structural_weight\":0.6}","audit_id":"audit_1787195496781_79zf"}
{"timestamp":"2026-08-20T03:11:36.795Z","action":"memory.add","actor":"daily-sync","target":"若兰","result":"success","detail":"{\"agent\":\"若兰\",\"type\":\"milestone\",\"structural_weight\":0.6}","audit_id":"audit_1787195496795_pb2u"}
{"timestamp":"2026-08-20T03:11:36.807Z","action":"memory.add","actor":"daily-sync","target":"若兰","result":"success","detail":"{\"agent\":\"若兰\",\"type\":\"milestone\",\"structural_weight\":0.6}","audit_id":"audit_1787195496808_uol6"}
{"timestamp":"2026-08-20T03:11:36.820Z","action":"memory.add","actor":"daily-sync","target":"若兰","result":"success","detail":"{\"agent\":\"若兰\",\"type\":\"milestone\",\"structural_weight\":0.6}","audit_id":"audit_1787195496820_j1qq"}
{"timestamp":"2026-08-20T03:11:36.831Z","action":"memory.add","actor":"daily-sync","target":"若兰","result":"success","detail":"{\"agent\":\"若兰\",\"type\":\"milestone\",\"structural_weight\":0.6}","audit_id":"audit_1787195496831_l0hq"}
{"timestamp":"2026-08-20T03:11:36.862Z","action":"memory.add","actor":"daily-sync","target":"若兰","result":"success","detail":"{\"agent\":\"若兰\",\"type\":\"milestone\",\"structural_weight\":0.6}","audit_id":"audit_1787195496862_c1vh"}
{"timestamp":"2026-08-20T03:11:36.877Z","action":"memory.add","actor":"daily-sync","target":"若兰","result":"success","detail":"{\"agent\":\"若兰\",\"type\":\"milestone\",\"structural_weight\":0.6}","audit_id":"audit_1787195496877_gywg"}
{"timestamp":"2026-08-20T03:11:36.892Z","action":"memory.add","actor":"daily-sync","target":"若兰","result":"success","detail":"{\"agent\":\"若兰\",\"type\":\"event\",\"structural_weight\":0}","audit_id":"audit_1787195496892_bxfk"}
{"timestamp":"2026-08-20T03:11:36.911Z","action":"memory.add","actor":"daily-sync","target":"若兰","result":"success","detail":"{\"agent\":\"若兰\",\"type\":\"event\",\"structural_weight\":0}","audit_id":"audit_1787195496911_p24d"}
{"timestamp":"2026-08-20T03:11:36.921Z","action":"memory.add","actor":"daily-sync","target":"若兰","result":"success","detail":"{\"agent\":\"若兰\",\"type\":\"lesson\",\"structural_weight\":0}","audit_id":"audit_1787195496921_r8by"}
{"timestamp":"2026-08-20T03:11:36.932Z","action":"memory.add","actor":"daily-sync","target":"若兰","result":"success","detail":"{\"agent\":\"若兰\",\"type\":\"event\",\"structural_weight\":0}","audit_id":"audit_1787195496932_22hb"}
{"timestamp":"2026-08-20T03:11:36.943Z","action":"memory.add","actor":"daily-sync","target":"若兰","result":"success","detail":"{\"agent\":\"若兰\",\"type\":\"event\",\"structural_weight\":0}","audit_id":"audit_1787195496943_x0ka"}
{"timestamp":"2026-08-20T03:11:36.954Z","action":"memory.add","actor":"daily-sync","target":"若兰","result":"success","detail":"{\"agent\":\"若兰\",\"type\":\"event\",\"structural_weight\":0}","audit_id":"audit_1787195496954_bnqt"}
{"timestamp":"2026-08-20T03:11:36.965Z","action":"memory.add","actor":"daily-sync","target":"若兰","result":"success","detail":"{\"agent\":\"若兰\",\"type\":\"milestone\",\"structural_weight\":0.6}","audit_id":"audit_1787195496965_inpe"}
{"timestamp":"2026-08-20T03:11:36.976Z","action":"memory.add","actor":"daily-sync","target":"若兰","result":"success","detail":"{\"agent\":\"若兰\",\"type\":\"milestone\",\"structural_weight\":0.6}","audit_id":"audit_1787195496976_5lbx"}
{"timestamp":"2026-08-20T03:11:36.987Z","action":"memory.add","actor":"daily-sync","target":"若兰","result":"success","detail":"{\"agent\":\"若兰\",\"type\":\"event\",\"structural_weight\":0}","audit_id":"audit_1787195496987_onaw"}
{"timestamp":"2026-08-20T03:11:36.997Z","action":"memory.add","actor":"daily-sync","target":"若兰","result":"success","detail":"{\"agent\":\"若兰\",\"type\":\"event\",\"structural_weight\":0}","audit_id":"audit_1787195496997_631t"}
{"timestamp":"2026-08-20T03:11:37.020Z","action":"memory.add","actor":"daily-sync","target":"若兰","result":"success","detail":"{\"agent\":\"若兰\",\"type\":\"event\",\"structural_weight\":0}","audit_id":"audit_1787195497020_s3pq"}
{"timestamp":"2026-08-20T03:11:37.036Z","action":"memory.add","actor":"daily-sync","target":"若兰","result":"success","detail":"{\"agent\":\"若兰\",\"type\":\"event\",\"structural_weight\":0}","audit_id":"audit_1787195497036_3xd7"}
{"timestamp":"2026-08-20T03:11:37.047Z","action":"memory.add","actor":"daily-sync","target":"若兰","result":"success","detail":"{\"agent\":\"若兰\",\"type\":\"discovery\",\"structural_weight\":0}","audit_id":"audit_1787195497047_hgiz"}
{"timestamp":"2026-08-20T03:11:37.064Z","action":"memory.add","actor":"daily-sync","target":"若兰","result":"success","detail":"{\"agent\":\"若兰\",\"type\":\"discovery\",\"structural_weight\":0}","audit_id":"audit_1787195497064_wyls"}
{"timestamp":"2026-08-20T03:11:37.077Z","action":"memory.add","actor":"daily-sync","target":"若兰","result":"success","detail":"{\"agent\":\"若兰\",\"type\":\"todo\",\"structural_weight\":0}","audit_id":"audit_1787195497077_oxtb"}
{"timestamp":"2026-08-20T03:11:37.088Z","action":"memory.add","actor":"daily-sync","target":"若兰","result":"success","detail":"{\"agent\":\"若兰\",\"type\":\"event\",\"structural_weight\":0}","audit_id":"audit_1787195497088_4vgg"}
{"timestamp":"2026-08-20T03:11:37.099Z","action":"memory.add","actor":"daily-sync","target":"若兰","result":"success","detail":"{\"agent\":\"若兰\",\"type\":\"event\",\"structural_weight\":0}","audit_id":"audit_1787195497099_asbd"}
{"timestamp":"2026-08-20T03:11:37.109Z","action":"memory.add","actor":"daily-sync","target":"若兰","result":"success","detail":"{\"agent\":\"若兰\",\"type\":\"event\",\"structural_weight\":0}","audit_id":"audit_1787195497109_fwxz"}
{"timestamp":"2026-08-20T03:11:37.124Z","action":"memory.add","actor":"daily-sync","target":"若兰","result":"success","detail":"{\"agent\":\"若兰\",\"type\":\"fix\",\"structural_weight\":0}","audit_id":"audit_1787195497124_b7w5"}
{"timestamp":"2026-08-20T03:11:37.219Z","action":"memory.add","actor":"daily-sync","target":"若兰","result":"success","detail":"{\"agent\":\"若兰\",\"type\":\"event\",\"structural_weight\":0}","audit_id":"audit_1787195497219_bnuo"}
{"timestamp":"2026-08-20T03:11:37.232Z","action":"memory.add","actor":"daily-sync","target":"若兰","result":"success","detail":"{\"agent\":\"若兰\",\"type\":\"milestone\",\"structural_weight\":0.6}","audit_id":"audit_1787195497232_zo7w"}
{"timestamp":"2026-08-20T03:11:37.350Z","action":"memory.add","actor":"daily-sync","target":"若兰","result":"success","detail":"{\"agent\":\"若兰\",\"type\":\"event\",\"structural_weight\":0}","audit_id":"audit_1787195497350_z84c"}
{"timestamp":"2026-08-20T03:11:37.364Z","action":"memory.add","actor":"daily-sync","target":"若兰","result":"success","detail":"{\"agent\":\"若兰\",\"type\":\"discovery\",\"structural_weight\":0}","audit_id":"audit_1787195497364_3lqm"}
{"timestamp":"2026-08-20T03:11:37.375Z","action":"memory.add","actor":"daily-sync","target":"若兰","result":"success","detail":"{\"agent\":\"若兰\",\"type\":\"event\",\"structural_weight\":0}","audit_id":"audit_1787195497375_1zzt"}
{"timestamp":"2026-08-20T03:11:37.390Z","action":"memory.add","actor":"daily-sync","target":"若兰","result":"success","detail":"{\"agent\":\"若兰\",\"type\":\"event\",\"structural_weight\":0}","audit_id":"audit_1787195497390_p17w"}
{"timestamp":"2026-08-20T03:11:37.402Z","action":"memory.add","actor":"daily-sync","target":"若兰","result":"success","detail":"{\"agent\":\"若兰\",\"type\":\"milestone\",\"structural_weight\":0.6}","audit_id":"audit_1787195497402_bj7k"}
{"timestamp":"2026-08-20T03:11:37.418Z","action":"memory.add","actor":"daily-sync","target":"若兰","result":"success","detail":"{\"agent\":\"若兰\",\"type\":\"event\",\"structural_weight\":0}","audit_id":"audit_1787195497418_5ubo"}
{"timestamp":"2026-08-20T03:11:37.430Z","action":"memory.add","actor":"daily-sync","target":"若兰","result":"success","detail":"{\"agent\":\"若兰\",\"type\":\"event\",\"structural_weight\":0}","audit_id":"audit_1787195497430_h109"}
{"timestamp":"2026-08-20T03:11:37.444Z","action":"memory.add","actor":"daily-sync","target":"若兰","result":"success","detail":"{\"agent\":\"若兰\",\"type\":\"event\",\"structural_weight\":0}","audit_id":"audit_1787195497444_x2gu"}
{"timestamp":"2026-08-20T03:11:37.457Z","action":"memory.add","actor":"daily-sync","target":"若兰","result":"success","detail":"{\"agent\":\"若兰\",\"type\":\"event\",\"structural_weight\":0}","audit_id":"audit_1787195497457_wd4x"}
{"timestamp":"2026-08-20T03:11:37.468Z","action":"memory.add","actor":"daily-sync","target":"若兰","result":"success","detail":"{\"agent\":\"若兰\",\"type\":\"event\",\"structural_weight\":0}","audit_id":"audit_1787195497468_ogbf"}
{"timestamp":"2026-08-20T03:11:37.479Z","action":"memory.add","actor":"daily-sync","target":"若兰","result":"success","detail":"{\"agent\":\"若兰\",\"type\":\"event\",\"structural_weight\":0}","audit_id":"audit_1787195497479_8otp"}
{"timestamp":"2026-08-20T03:11:37.494Z","action":"memory.add","actor":"daily-sync","target":"若兰","result":"success","detail":"{\"agent\":\"若兰\",\"type\":\"event\",\"structural_weight\":0}","audit_id":"audit_1787195497494_u3cg"}
{"timestamp":"2026-08-20T03:11:37.509Z","action":"memory.add","actor":"daily-sync","target":"若兰","result":"success","detail":"{\"agent\":\"若兰\",\"type\":\"event\",\"structural_weight\":0}","audit_id":"audit_1787195497509_2g4i"}
{"timestamp":"2026-08-20T03:11:37.526Z","action":"memory.add","actor":"daily-sync","target":"若兰","result":"success","detail":"{\"agent\":\"若兰\",\"type\":\"todo\",\"structural_weight\":0}","audit_id":"audit_1787195497526_b3np"}
{"timestamp":"2026-08-20T03:11:37.540Z","action":"memory.add","actor":"daily-sync","target":"若兰","result":"success","detail":"{\"agent\":\"若兰\",\"type\":\"event\",\"structural_weight\":0}","audit_id":"audit_1787195497540_ecoc"}
{"timestamp":"2026-08-20T03:11:37.552Z","action":"memory.add","actor":"daily-sync","target":"若兰","result":"success","detail":"{\"agent\":\"若兰\",\"type\":\"milestone\",\"structural_weight\":0.6}","audit_id":"audit_1787195497552_r2xi"}
{"timestamp":"2026-08-20T03:11:37.564Z","action":"memory.add","actor":"daily-sync","target":"若兰","result":"success","detail":"{\"agent\":\"若兰\",\"type\":\"milestone\",\"structural_weight\":0.6}","audit_id":"audit_1787195497564_zsqr"}
{"timestamp":"2026-08-20T03:11:37.574Z","action":"memory.add","actor":"daily-sync","target":"若兰","result":"success","detail":"{\"agent\":\"若兰\",\"type\":\"milestone\",\"structural_weight\":0.6}","audit_id":"audit_1787195497574_gv1l"}
{"timestamp":"2026-08-20T03:11:37.585Z","action":"memory.add","actor":"daily-sync","target":"若兰","result":"success","detail":"{\"agent\":\"若兰\",\"type\":\"milestone\",\"structural_weight\":0.6}","audit_id":"audit_1787195497585_g7qc"}
{"timestamp":"2026-08-20T03:11:37.597Z","action":"memory.add","actor":"daily-sync","target":"若兰","result":"success","detail":"{\"agent\":\"若兰\",\"type\":\"milestone\",\"structural_weight\":0.6}","audit_id":"audit_1787195497597_f27r"}
{"timestamp":"2026-08-20T03:11:37.610Z","action":"memory.add","actor":"daily-sync","target":"若兰","result":"success","detail":"{\"agent\":\"若兰\",\"type\":\"milestone\",\"structural_weight\":0.6}","audit_id":"audit_1787195497610_dget"}
{"timestamp":"2026-08-20T03:11:37.622Z","action":"memory.add","actor":"daily-sync","target":"若兰","result":"success","detail":"{\"agent\":\"若兰\",\"type\":\"milestone\",\"structural_weight\":0.6}","audit_id":"audit_1787195497622_ir1g"}
{"timestamp":"2026-08-20T03:11:37.633Z","action":"memory.add","actor":"daily-sync","target":"若兰","result":"success","detail":"{\"agent\":\"若兰\",\"type\":\"milestone\",\"structural_weight\":0.6}","audit_id":"audit_1787195497633_3tnw"}
{"timestamp":"2026-08-20T03:11:37.648Z","action":"memory.add","actor":"daily-sync","target":"若兰","result":"success","detail":"{\"agent\":\"若兰\",\"type\":\"event\",\"structural_weight\":0}","audit_id":"audit_1787195497648_pcc3"}
{"timestamp":"2026-08-20T03:11:37.670Z","action":"memory.add","actor":"daily-sync","target":"若兰","result":"success","detail":"{\"agent\":\"若兰\",\"type\":\"event\",\"structural_weight\":0}","audit_id":"audit_1787195497670_l7fc"}
{"timestamp":"2026-08-20T03:11:37.691Z","action":"memory.get","actor":"若兰","target":"若兰","result":"success","detail":"{\"agent\":\"若兰\",\"count\":524}","audit_id":"audit_1787195497691_2pk8"}
{"timestamp":"2026-08-20T03:11:37.705Z","action":"memory.add","actor":"daily-sync","target":"若兰","result":"success","detail":"{\"agent\":\"若兰\",\"type\":\"event\",\"structural_weight\":0}","audit_id":"audit_1787195497705_xd6s"}
{"timestamp":"2026-08-20T03:11:37.718Z","action":"memory.add","actor":"daily-sync","target":"若兰","result":"success","detail":"{\"agent\":\"若兰\",\"type\":\"event\",\"structural_weight\":0}","audit_id":"audit_1787195497718_g8pa"}
{"timestamp":"2026-08-20T03:11:37.733Z","action":"memory.add","actor":"daily-sync","target":"若兰","result":"success","detail":"{\"agent\":\"若兰\",\"type\":\"event\",\"structural_weight\":0}","audit_id":"audit_1787195497733_ob3n"}
{"timestamp":"2026-08-20T03:11:37.746Z","action":"memory.add","actor":"daily-sync","target":"若兰","result":"success","detail":"{\"agent\":\"若兰\",\"type\":\"event\",\"structural_weight\":0}","audit_id":"audit_1787195497746_his8"}
{"timestamp":"2026-08-20T03:11:37.758Z","action":"memory.add","actor":"daily-sync","target":"若兰","result":"success","detail":"{\"agent\":\"若兰\",\"type\":\"event\",\"structural_weight\":0}","audit_id":"audit_1787195497758_36xa"}
{"timestamp":"2026-08-20T03:11:37.769Z","action":"memory.add","actor":"daily-sync","target":"若兰","result":"success","detail":"{\"agent\":\"若兰\",\"type\":\"event\",\"structural_weight\":0}","audit_id":"audit_1787195497769_gp2s"}
{"timestamp":"2026-08-20T03:11:37.780Z","action":"memory.add","actor":"daily-sync","target":"若兰","result":"success","detail":"{\"agent\":\"若兰\",\"type\":\"event\",\"structural_weight\":0}","audit_id":"audit_1787195497780_bwr3"}
{"timestamp":"2026-08-20T03:11:37.792Z","action":"memory.add","actor":"daily-sync","target":"若兰","result":"success","detail":"{\"agent\":\"若兰\",\"type\":\"event\",\"structural_weight\":0}","audit_id":"audit_1787195497792_neld"}
{"timestamp":"2026-08-20T03:11:37.802Z","action":"memory.add","actor":"daily-sync","target":"若兰","result":"success","detail":"{\"agent\":\"若兰\",\"type\":\"event\",\"structural_weight\":0}","audit_id":"audit_1787195497802_pbv4"}
{"timestamp":"2026-08-20T03:11:37.814Z","action":"memory.add","actor":"daily-sync","target":"若兰","result":"success","detail":"{\"agent\":\"若兰\",\"type\":\"event\",\"structural_weight\":0}","audit_id":"audit_1787195497814_k4iy"}
{"timestamp":"2026-08-20T03:11:37.826Z","action":"memory.add","actor":"daily-sync","target":"若兰","result":"success","detail":"{\"agent\":\"若兰\",\"type\":\"event\",\"structural_weight\":0}","audit_id":"audit_1787195497826_91cd"}
{"timestamp":"2026-08-20T03:11:37.837Z","action":"memory.add","actor":"daily-sync","target":"若兰","result":"success","detail":"{\"agent\":\"若兰\",\"type\":\"event\",\"structural_weight\":0}","audit_id":"audit_1787195497837_rj7j"}
{"timestamp":"2026-08-20T03:11:37.872Z","action":"memory.add","actor":"daily-sync","target":"若兰","result":"success","detail":"{\"agent\":\"若兰\",\"type\":\"event\",\"structural_weight\":0}","audit_id":"audit_1787195497872_bu48"}
{"timestamp":"2026-08-20T03:11:37.885Z","action":"memory.add","actor":"daily-sync","target":"若兰","result":"success","detail":"{\"agent\":\"若兰\",\"type\":\"event\",\"structural_weight\":0}","audit_id":"audit_1787195497885_4ldf"}
{"timestamp":"2026-08-20T03:11:37.897Z","action":"memory.add","actor":"daily-sync","target":"若兰","result":"success","detail":"{\"agent\":\"若兰\",\"type\":\"event\",\"structural_weight\":0}","audit_id":"audit_1787195497897_x635"}
{"timestamp":"2026-08-20T03:11:37.913Z","action":"memory.add","actor":"daily-sync","target":"若兰","result":"success","detail":"{\"agent\":\"若兰\",\"type\":\"milestone\",\"structural_weight\":0.6}","audit_id":"audit_1787195497913_gw3u"}
{"timestamp":"2026-08-20T03:11:37.926Z","action":"memory.add","actor":"daily-sync","target":"若兰","result":"success","detail":"{\"agent\":\"若兰\",\"type\":\"milestone\",\"structural_weight\":0.6}","audit_id":"audit_1787195497926_hsls"}
{"timestamp":"2026-08-20T03:11:37.954Z","action":"memory.add","actor":"daily-sync","target":"若兰","result":"success","detail":"{\"agent\":\"若兰\",\"type\":\"milestone\",\"structural_weight\":0.6}","audit_id":"audit_1787195497954_tarh"}
{"timestamp":"2026-08-20T03:11:37.970Z","action":"memory.add","actor":"daily-sync","target":"若兰","result":"success","detail":"{\"agent\":\"若兰\",\"type\":\"milestone\",\"structural_weight\":0.6}","audit_id":"audit_1787195497970_0xw6"}
{"timestamp":"2026-08-20T03:11:37.986Z","action":"memory.add","actor":"daily-sync","target":"若兰","result":"success","detail":"{\"agent\":\"若兰\",\"type\":\"fix\",\"structural_weight\":0}","audit_id":"audit_1787195497986_dugv"}
{"timestamp":"2026-08-20T03:11:37.999Z","action":"memory.add","actor":"daily-sync","target":"若兰","result":"success","detail":"{\"agent\":\"若兰\",\"type\":\"fix\",\"structural_weight\":0}","audit_id":"audit_1787195497999_vwdq"}
{"timestamp":"2026-08-20T03:11:38.011Z","action":"memory.add","actor":"daily-sync","target":"若兰","result":"success","detail":"{\"agent\":\"若兰\",\"type\":\"discovery\",\"structural_weight\":0}","audit_id":"audit_1787195498011_o9s2"}
{"timestamp":"2026-08-20T03:11:38.023Z","action":"memory.add","actor":"daily-sync","target":"若兰","result":"success","detail":"{\"agent\":\"若兰\",\"type\":\"event\",\"structural_weight\":0}","audit_id":"audit_1787195498023_5kf9"}
{"timestamp":"2026-08-20T03:11:38.038Z","action":"memory.get","actor":"若兰","target":"若兰","result":"success","detail":"{\"agent\":\"若兰\",\"count\":547}","audit_id":"audit_1787195498038_dzaj"}
{"timestamp":"2026-08-20T03:11:38.067Z","action":"memory.add","actor":"daily-sync","target":"若兰","result":"success","detail":"{\"agent\":\"若兰\",\"type\":\"event\",\"structural_weight\":0}","audit_id":"audit_1787195498067_tzsw"}
{"timestamp":"2026-08-20T03:11:38.099Z","action":"memory.add","actor":"daily-sync","target":"若兰","result":"success","detail":"{\"agent\":\"若兰\",\"type\":\"event\",\"structural_weight\":0}","audit_id":"audit_1787195498099_9kpn"}
{"timestamp":"2026-08-20T03:11:38.125Z","action":"memory.add","actor":"daily-sync","target":"若兰","result":"success","detail":"{\"agent\":\"若兰\",\"type\":\"event\",\"structural_weight\":0}","audit_id":"audit_1787195498125_oks7"}
{"timestamp":"2026-08-20T03:11:38.146Z","action":"memory.add","actor":"daily-sync","target":"若兰","result":"success","detail":"{\"agent\":\"若兰\",\"type\":\"event\",\"structural_weight\":0}","audit_id":"audit_1787195498146_fe31"}
{"timestamp":"2026-08-20T03:11:38.175Z","action":"memory.add","actor":"daily-sync","target":"若兰","result":"success","detail":"{\"agent\":\"若兰\",\"type\":\"event\",\"structural_weight\":0}","audit_id":"audit_1787195498175_4lax"}
{"timestamp":"2026-08-20T03:11:38.200Z","action":"memory.add","actor":"daily-sync","target":"若兰","result":"success","detail":"{\"agent\":\"若兰\",\"type\":\"event\",\"structural_weight\":0}","audit_id":"audit_1787195498200_89tk"}
{"timestamp":"2026-08-20T03:11:38.229Z","action":"memory.add","actor":"daily-sync","target":"若兰","result":"success","detail":"{\"agent\":\"若兰\",\"type\":\"event\",\"structural_weight\":0}","audit_id":"audit_1787195498229_f5ei"}
{"timestamp":"2026-08-20T03:11:38.260Z","action":"memory.add","actor":"daily-sync","target":"若兰","result":"success","detail":"{\"agent\":\"若兰\",\"type\":\"event\",\"structural_weight\":0}","audit_id":"audit_1787195498260_rgkn"}
{"timestamp":"2026-08-20T03:11:38.281Z","action":"memory.add","actor":"daily-sync","target":"若兰","result":"success","detail":"{\"agent\":\"若兰\",\"type\":\"event\",\"structural_weight\":0}","audit_id":"audit_1787195498281_lrum"}
{"timestamp":"2026-08-20T03:11:38.315Z","action":"memory.add","actor":"daily-sync","target":"若兰","result":"success","detail":"{\"agent\":\"若兰\",\"type\":\"decision\",\"structural_weight\":0.6}","audit_id":"audit_1787195498315_75nz"}
{"timestamp":"2026-08-20T03:11:38.345Z","action":"memory.add","actor":"daily-sync","target":"若兰","result":"success","detail":"{\"agent\":\"若兰\",\"type\":\"discovery\",\"structural_weight\":0}","audit_id":"audit_1787195498345_8r0e"}
{"timestamp":"2026-08-20T03:11:38.362Z","action":"memory.add","actor":"daily-sync","target":"若兰","result":"success","detail":"{\"agent\":\"若兰\",\"type\":\"event\",\"structural_weight\":0}","audit_id":"audit_1787195498362_2opn"}
{"timestamp":"2026-08-20T03:11:38.380Z","action":"memory.add","actor":"daily-sync","target":"若兰","result":"success","detail":"{\"agent\":\"若兰\",\"type\":\"event\",\"structural_weight\":0}","audit_id":"audit_1787195498380_x9mm"}
{"timestamp":"2026-08-20T03:11:38.409Z","action":"memory.add","actor":"daily-sync","target":"若兰","result":"success","detail":"{\"agent\":\"若兰\",\"type\":\"event\",\"structural_weight\":0}","audit_id":"audit_1787195498409_maf8"}
{"timestamp":"2026-08-20T03:11:38.426Z","action":"memory.add","actor":"daily-sync","target":"若兰","result":"success","detail":"{\"agent\":\"若兰\",\"type\":\"event\",\"structural_weight\":0}","audit_id":"audit_1787195498426_4tvc"}
{"timestamp":"2026-08-20T03:11:38.456Z","action":"memory.add","actor":"daily-sync","target":"若兰","result":"success","detail":"{\"agent\":\"若兰\",\"type\":\"event\",\"structural_weight\":0}","audit_id":"audit_1787195498456_7zny"}
{"timestamp":"2026-08-20T03:11:38.473Z","action":"memory.add","actor":"daily-sync","target":"若兰","result":"success","detail":"{\"agent\":\"若兰\",\"type\":\"event\",\"structural_weight\":0}","audit_id":"audit_1787195498473_tkn0"}
{"timestamp":"2026-08-20T03:11:38.520Z","action":"memory.add","actor":"daily-sync","target":"若兰","result":"success","detail":"{\"agent\":\"若兰\",\"type\":\"event\",\"structural_weight\":0}","audit_id":"audit_1787195498520_pe9y"}
{"timestamp":"2026-08-20T03:11:38.547Z","action":"memory.add","actor":"daily-sync","target":"若兰","result":"success","detail":"{\"agent\":\"若兰\",\"type\":\"event\",\"structural_weight\":0}","audit_id":"audit_1787195498547_9f5w"}
{"timestamp":"2026-08-20T03:11:38.577Z","action":"memory.add","actor":"daily-sync","target":"若兰","result":"success","detail":"{\"agent\":\"若兰\",\"type\":\"event\",\"structural_weight\":0}","audit_id":"audit_1787195498577_4jqy"}
{"timestamp":"2026-08-20T03:11:38.608Z","action":"memory.add","actor":"daily-sync","target":"若兰","result":"success","detail":"{\"agent\":\"若兰\",\"type\":\"event\",\"structural_weight\":0}","audit_id":"audit_1787195498608_103x"}
{"timestamp":"2026-08-20T03:11:38.622Z","action":"memory.add","actor":"daily-sync","target":"若兰","result":"success","detail":"{\"agent\":\"若兰\",\"type\":\"event\",\"structural_weight\":0}","audit_id":"audit_1787195498622_9t6d"}
{"timestamp":"2026-08-20T03:11:38.634Z","action":"memory.add","actor":"daily-sync","target":"若兰","result":"success","detail":"{\"agent\":\"若兰\",\"type\":\"event\",\"structural_weight\":0}","audit_id":"audit_1787195498634_97tt"}
{"timestamp":"2026-08-20T03:11:38.645Z","action":"memory.add","actor":"daily-sync","target":"若兰","result":"success","detail":"{\"agent\":\"若兰\",\"type\":\"event\",\"structural_weight\":0}","audit_id":"audit_1787195498645_8gsf"}
{"timestamp":"2026-08-20T03:11:38.657Z","action":"memory.add","actor":"daily-sync","target":"若兰","result":"success","detail":"{\"agent\":\"若兰\",\"type\":\"event\",\"structural_weight\":0}","audit_id":"audit_1787195498657_4bxr"}
{"timestamp":"2026-08-20T03:11:38.670Z","action":"memory.add","actor":"daily-sync","target":"若兰","result":"success","detail":"{\"agent\":\"若兰\",\"type\":\"milestone\",\"structural_weight\":0.6}","audit_id":"audit_1787195498670_5x37"}
{"timestamp":"2026-08-20T03:11:38.686Z","action":"memory.add","actor":"daily-sync","target":"若兰","result":"success","detail":"{\"agent\":\"若兰\",\"type\":\"milestone\",\"structural_weight\":0.6}","audit_id":"audit_1787195498686_3gt5"}
{"timestamp":"2026-08-20T03:11:38.698Z","action":"memory.add","actor":"daily-sync","target":"若兰","result":"success","detail":"{\"agent\":\"若兰\",\"type\":\"milestone\",\"structural_weight\":0.6}","audit_id":"audit_1787195498698_2wia"}
{"timestamp":"2026-08-20T03:11:38.714Z","action":"memory.add","actor":"daily-sync","target":"若兰","result":"success","detail":"{\"agent\":\"若兰\",\"type\":\"event\",\"structural_weight\":0}","audit_id":"audit_1787195498714_dew4"}
{"timestamp":"2026-08-20T03:11:38.725Z","action":"memory.add","actor":"daily-sync","target":"若兰","result":"success","detail":"{\"agent\":\"若兰\",\"type\":\"milestone\",\"structural_weight\":0.6}","audit_id":"audit_1787195498725_e3ht"}
{"timestamp":"2026-08-20T03:11:38.791Z","action":"memory.add","actor":"daily-sync","target":"若兰","result":"success","detail":"{\"agent\":\"若兰\",\"type\":\"event\",\"structural_weight\":0}","audit_id":"audit_1787195498791_wnjz"}
{"timestamp":"2026-08-20T03:11:38.815Z","action":"memory.add","actor":"daily-sync","target":"若兰","result":"success","detail":"{\"agent\":\"若兰\",\"type\":\"event\",\"structural_weight\":0}","audit_id":"audit_1787195498815_rgma"}
{"timestamp":"2026-08-20T03:11:38.828Z","action":"memory.add","actor":"daily-sync","target":"若兰","result":"success","detail":"{\"agent\":\"若兰\",\"type\":\"milestone\",\"structural_weight\":0.6}","audit_id":"audit_1787195498828_aemx"}
{"timestamp":"2026-08-20T03:11:38.872Z","action":"memory.add","actor":"daily-sync","target":"若兰","result":"success","detail":"{\"agent\":\"若兰\",\"type\":\"milestone\",\"structural_weight\":0.6}","audit_id":"audit_1787195498872_7czz"}
{"timestamp":"2026-08-20T03:11:38.904Z","action":"memory.add","actor":"daily-sync","target":"若兰","result":"success","detail":"{\"agent\":\"若兰\",\"type\":\"event\",\"structural_weight\":0}","audit_id":"audit_1787195498904_11r5"}
{"timestamp":"2026-08-20T03:11:38.924Z","action":"memory.add","actor":"daily-sync","target":"若兰","result":"success","detail":"{\"agent\":\"若兰\",\"type\":\"event\",\"structural_weight\":0}","audit_id":"audit_1787195498924_yq63"}
{"timestamp":"2026-08-20T03:11:38.962Z","action":"memory.add","actor":"daily-sync","target":"若兰","result":"success","detail":"{\"agent\":\"若兰\",\"type\":\"event\",\"structural_weight\":0}","audit_id":"audit_1787195498962_kdpp"}
{"timestamp":"2026-08-20T03:11:39.065Z","action":"memory.add","actor":"daily-sync","target":"若兰","result":"success","detail":"{\"agent\":\"若兰\",\"type\":\"event\",\"structural_weight\":0}","audit_id":"audit_1787195499065_66fs"}
{"timestamp":"2026-08-20T03:11:39.146Z","action":"memory.add","actor":"daily-sync","target":"若兰","result":"success","detail":"{\"agent\":\"若兰\",\"type\":\"event\",\"structural_weight\":0}","audit_id":"audit_1787195499146_6aoe"}
{"timestamp":"2026-08-20T03:11:39.168Z","action":"memory.add","actor":"daily-sync","target":"若兰","result":"success","detail":"{\"agent\":\"若兰\",\"type\":\"event\",\"structural_weight\":0}","audit_id":"audit_1787195499168_6pdy"}
{"timestamp":"2026-08-20T03:11:39.188Z","action":"memory.add","actor":"daily-sync","target":"若兰","result":"success","detail":"{\"agent\":\"若兰\",\"type\":\"event\",\"structural_weight\":0}","audit_id":"audit_1787195499188_o8nt"}
{"timestamp":"2026-08-20T03:11:39.199Z","action":"memory.add","actor":"daily-sync","target":"若兰","result":"success","detail":"{\"agent\":\"若兰\",\"type\":\"milestone\",\"structural_weight\":0.6}","audit_id":"audit_1787195499199_bjkz"}
{"timestamp":"2026-08-20T03:11:39.209Z","action":"memory.add","actor":"daily-sync","target":"若兰","result":"success","detail":"{\"agent\":\"若兰\",\"type\":\"event\",\"structural_weight\":0}","audit_id":"audit_1787195499209_i858"}
{"timestamp":"2026-08-20T03:11:39.221Z","action":"memory.add","actor":"daily-sync","target":"若兰","result":"success","detail":"{\"agent\":\"若兰\",\"type\":\"event\",\"structural_weight\":0}","audit_id":"audit_1787195499221_veg5"}
{"timestamp":"2026-08-20T03:11:39.235Z","action":"memory.add","actor":"daily-sync","target":"若兰","result":"success","detail":"{\"agent\":\"若兰\",\"type\":\"event\",\"structural_weight\":0}","audit_id":"audit_1787195499235_3xxx"}
{"timestamp":"2026-08-20T03:11:39.247Z","action":"memory.add","actor":"daily-sync","target":"若兰","result":"success","detail":"{\"agent\":\"若兰\",\"type\":\"event\",\"structural_weight\":0}","audit_id":"audit_1787195499247_g6kp"}
{"timestamp":"2026-08-20T03:11:39.259Z","action":"memory.add","actor":"daily-sync","target":"若兰","result":"success","detail":"{\"agent\":\"若兰\",\"type\":\"event\",\"structural_weight\":0}","audit_id":"audit_1787195499259_dyzc"}
{"timestamp":"2026-08-20T03:11:39.284Z","action":"memory.add","actor":"daily-sync","target":"若兰","result":"success","detail":"{\"agent\":\"若兰\",\"type\":\"event\",\"structural_weight\":0}","audit_id":"audit_1787195499284_artv"}
{"timestamp":"2026-08-20T03:11:39.296Z","action":"memory.add","actor":"daily-sync","target":"若兰","result":"success","detail":"{\"agent\":\"若兰\",\"type\":\"event\",\"structural_weight\":0}","audit_id":"audit_1787195499296_ywv8"}
{"timestamp":"2026-08-20T03:11:39.311Z","action":"memory.add","actor":"daily-sync","target":"若兰","result":"success","detail":"{\"agent\":\"若兰\",\"type\":\"event\",\"structural_weight\":0}","audit_id":"audit_1787195499311_hr78"}
{"timestamp":"2026-08-20T03:11:39.322Z","action":"memory.add","actor":"daily-sync","target":"若兰","result":"success","detail":"{\"agent\":\"若兰\",\"type\":\"event\",\"structural_weight\":0}","audit_id":"audit_1787195499322_mx2m"}
{"timestamp":"2026-08-20T03:11:39.335Z","action":"memory.add","actor":"daily-sync","target":"若兰","result":"success","detail":"{\"agent\":\"若兰\",\"type\":\"milestone\",\"structural_weight\":0.6}","audit_id":"audit_1787195499335_k6p7"}
{"timestamp":"2026-08-20T03:11:39.362Z","action":"memory.add","actor":"daily-sync","target":"若兰","result":"success","detail":"{\"agent\":\"若兰\",\"type\":\"event\",\"structural_weight\":0}","audit_id":"audit_1787195499362_jdnq"}
{"timestamp":"2026-08-20T03:11:39.374Z","action":"memory.add","actor":"daily-sync","target":"若兰","result":"success","detail":"{\"agent\":\"若兰\",\"type\":\"event\",\"structural_weight\":0}","audit_id":"audit_1787195499374_r1qg"}
{"timestamp":"2026-08-20T03:11:39.389Z","action":"memory.add","actor":"daily-sync","target":"若兰","result":"success","detail":"{\"agent\":\"若兰\",\"type\":\"event\",\"structural_weight\":0}","audit_id":"audit_1787195499389_n24z"}
{"timestamp":"2026-08-20T03:11:39.400Z","action":"memory.add","actor":"daily-sync","target":"若兰","result":"success","detail":"{\"agent\":\"若兰\",\"type\":\"event\",\"structural_weight\":0}","audit_id":"audit_1787195499400_c127"}
{"timestamp":"2026-08-20T03:11:39.415Z","action":"memory.add","actor":"daily-sync","target":"若兰","result":"success","detail":"{\"agent\":\"若兰\",\"type\":\"event\",\"structural_weight\":0}","audit_id":"audit_1787195499415_sy3k"}
{"timestamp":"2026-08-20T03:11:39.427Z","action":"memory.add","actor":"daily-sync","target":"若兰","result":"success","detail":"{\"agent\":\"若兰\",\"type\":\"event\",\"structural_weight\":0}","audit_id":"audit_1787195499427_ebpe"}
{"timestamp":"2026-08-20T03:11:39.442Z","action":"memory.add","actor":"daily-sync","target":"若兰","result":"success","detail":"{\"agent\":\"若兰\",\"type\":\"event\",\"structural_weight\":0}","audit_id":"audit_1787195499442_0p7k"}
{"timestamp":"2026-08-20T03:11:39.455Z","action":"memory.add","actor":"daily-sync","target":"若兰","result":"success","detail":"{\"agent\":\"若兰\",\"type\":\"event\",\"structural_weight\":0}","audit_id":"audit_1787195499455_qf6u"}
{"timestamp":"2026-08-20T03:11:39.468Z","action":"memory.add","actor":"daily-sync","target":"若兰","result":"success","detail":"{\"agent\":\"若兰\",\"type\":\"event\",\"structural_weight\":0}","audit_id":"audit_1787195499468_d9rn"}
{"timestamp":"2026-08-20T03:11:39.480Z","action":"memory.add","actor":"daily-sync","target":"若兰","result":"success","detail":"{\"agent\":\"若兰\",\"type\":\"event\",\"structural_weight\":0}","audit_id":"audit_1787195499480_ihig"}
{"timestamp":"2026-08-20T03:11:39.492Z","action":"memory.add","actor":"daily-sync","target":"若兰","result":"success","detail":"{\"agent\":\"若兰\",\"type\":\"event\",\"structural_weight\":0}","audit_id":"audit_1787195499492_wqnp"}
{"timestamp":"2026-08-20T03:11:39.511Z","action":"memory.add","actor":"daily-sync","target":"若兰","result":"success","detail":"{\"agent\":\"若兰\",\"type\":\"lesson\",\"structural_weight\":0}","audit_id":"audit_1787195499511_3hsc"}
{"timestamp":"2026-08-20T03:11:39.523Z","action":"memory.add","actor":"daily-sync","target":"若兰","result":"success","detail":"{\"agent\":\"若兰\",\"type\":\"event\",\"structural_weight\":0}","audit_id":"audit_1787195499523_acg2"}
{"timestamp":"2026-08-20T03:11:39.536Z","action":"memory.add","actor":"daily-sync","target":"若兰","result":"success","detail":"{\"agent\":\"若兰\",\"type\":\"event\",\"structural_weight\":0}","audit_id":"audit_1787195499536_mhw5"}
{"timestamp":"2026-08-20T03:11:39.552Z","action":"memory.add","actor":"daily-sync","target":"若兰","result":"success","detail":"{\"agent\":\"若兰\",\"type\":\"event\",\"structural_weight\":0}","audit_id":"audit_1787195499552_k1u4"}
{"timestamp":"2026-08-20T03:11:39.568Z","action":"memory.add","actor":"daily-sync","target":"若兰","result":"success","detail":"{\"agent\":\"若兰\",\"type\":\"event\",\"structural_weight\":0}","audit_id":"audit_1787195499568_z36l"}
{"timestamp":"2026-08-20T03:11:39.580Z","action":"memory.add","actor":"daily-sync","target":"若兰","result":"success","detail":"{\"agent\":\"若兰\",\"type\":\"event\",\"structural_weight\":0}","audit_id":"audit_1787195499580_7htl"}
{"timestamp":"2026-08-20T03:11:39.599Z","action":"memory.add","actor":"daily-sync","target":"若兰","result":"success","detail":"{\"agent\":\"若兰\",\"type\":\"event\",\"structural_weight\":0}","audit_id":"audit_1787195499599_p193"}
{"timestamp":"2026-08-20T03:11:39.616Z","action":"memory.add","actor":"daily-sync","target":"若兰","result":"success","detail":"{\"agent\":\"若兰\",\"type\":\"milestone\",\"structural_weight\":0.6}","audit_id":"audit_1787195499616_vzt9"}
{"timestamp":"2026-08-20T03:11:39.636Z","action":"memory.add","actor":"daily-sync","target":"若兰","result":"success","detail":"{\"agent\":\"若兰\",\"type\":\"event\",\"structural_weight\":0}","audit_id":"audit_1787195499636_hf4f"}
{"timestamp":"2026-08-20T03:11:39.649Z","action":"memory.add","actor":"daily-sync","target":"若兰","result":"success","detail":"{\"agent\":\"若兰\",\"type\":\"event\",\"structural_weight\":0}","audit_id":"audit_1787195499649_qzb6"}
{"timestamp":"2026-08-20T03:11:39.660Z","action":"memory.add","actor":"daily-sync","target":"若兰","result":"success","detail":"{\"agent\":\"若兰\",\"type\":\"event\",\"structural_weight\":0}","audit_id":"audit_1787195499660_6nfh"}
{"timestamp":"2026-08-20T03:11:39.673Z","action":"memory.add","actor":"daily-sync","target":"若兰","result":"success","detail":"{\"agent\":\"若兰\",\"type\":\"milestone\",\"structural_weight\":0.6}","audit_id":"audit_1787195499673_thaw"}
{"timestamp":"2026-08-20T03:11:39.685Z","action":"memory.add","actor":"daily-sync","target":"若兰","result":"success","detail":"{\"agent\":\"若兰\",\"type\":\"milestone\",\"structural_weight\":0.6}","audit_id":"audit_1787195499685_zq1h"}
{"timestamp":"2026-08-20T03:11:39.696Z","action":"memory.add","actor":"daily-sync","target":"若兰","result":"success","detail":"{\"agent\":\"若兰\",\"type\":\"milestone\",\"structural_weight\":0.6}","audit_id":"audit_1787195499696_563d"}
{"timestamp":"2026-08-20T03:11:39.711Z","action":"memory.add","actor":"daily-sync","target":"若兰","result":"success","detail":"{\"agent\":\"若兰\",\"type\":\"milestone\",\"structural_weight\":0.6}","audit_id":"audit_1787195499711_bm9m"}
{"timestamp":"2026-08-20T03:11:39.733Z","action":"memory.add","actor":"daily-sync","target":"若兰","result":"success","detail":"{\"agent\":\"若兰\",\"type\":\"milestone\",\"structural_weight\":0.6}","audit_id":"audit_1787195499733_6qqm"}
{"timestamp":"2026-08-20T03:11:39.759Z","action":"memory.add","actor":"daily-sync","target":"若兰","result":"success","detail":"{\"agent\":\"若兰\",\"type\":\"milestone\",\"structural_weight\":0.6}","audit_id":"audit_1787195499759_melb"}
{"timestamp":"2026-08-20T03:11:39.777Z","action":"memory.add","actor":"daily-sync","target":"若兰","result":"success","detail":"{\"agent\":\"若兰\",\"type\":\"milestone\",\"structural_weight\":0.6}","audit_id":"audit_1787195499777_u6qd"}
{"timestamp":"2026-08-20T03:11:39.795Z","action":"memory.add","actor":"daily-sync","target":"若兰","result":"success","detail":"{\"agent\":\"若兰\",\"type\":\"milestone\",\"structural_weight\":0.6}","audit_id":"audit_1787195499795_c4pb"}
{"timestamp":"2026-08-20T03:11:39.816Z","action":"memory.add","actor":"daily-sync","target":"若兰","result":"success","detail":"{\"agent\":\"若兰\",\"type\":\"event\",\"structural_weight\":0}","audit_id":"audit_1787195499816_3tsb"}
{"timestamp":"2026-08-20T03:11:39.838Z","action":"memory.add","actor":"daily-sync","target":"若兰","result":"success","detail":"{\"agent\":\"若兰\",\"type\":\"discovery\",\"structural_weight\":0}","audit_id":"audit_1787195499838_ntsc"}
{"timestamp":"2026-08-20T03:11:39.976Z","action":"memory.add","actor":"daily-sync","target":"若兰","result":"success","detail":"{\"agent\":\"若兰\",\"type\":\"event\",\"structural_weight\":0}","audit_id":"audit_1787195499976_t8hy"}
{"timestamp":"2026-08-20T03:11:40.002Z","action":"memory.add","actor":"daily-sync","target":"若兰","result":"success","detail":"{\"agent\":\"若兰\",\"type\":\"event\",\"structural_weight\":0}","audit_id":"audit_1787195500003_qp2x"}
{"timestamp":"2026-08-20T03:11:40.026Z","action":"memory.add","actor":"daily-sync","target":"若兰","result":"success","detail":"{\"agent\":\"若兰\",\"type\":\"discovery\",\"structural_weight\":0}","audit_id":"audit_1787195500026_3fvm"}
{"timestamp":"2026-08-20T03:11:40.043Z","action":"memory.add","actor":"daily-sync","target":"若兰","result":"success","detail":"{\"agent\":\"若兰\",\"type\":\"todo\",\"structural_weight\":0}","audit_id":"audit_1787195500043_ppsy"}
{"timestamp":"2026-08-20T03:11:40.066Z","action":"memory.add","actor":"daily-sync","target":"若兰","result":"success","detail":"{\"agent\":\"若兰\",\"type\":\"event\",\"structural_weight\":0}","audit_id":"audit_1787195500066_5cjc"}
{"timestamp":"2026-08-20T03:11:40.085Z","action":"memory.add","actor":"daily-sync","target":"若兰","result":"success","detail":"{\"agent\":\"若兰\",\"type\":\"fix\",\"structural_weight\":0}","audit_id":"audit_1787195500085_yz5o"}
{"timestamp":"2026-08-20T03:11:40.114Z","action":"memory.add","actor":"daily-sync","target":"若兰","result":"success","detail":"{\"agent\":\"若兰\",\"type\":\"fix\",\"structural_weight\":0}","audit_id":"audit_1787195500114_hz2d"}
{"timestamp":"2026-08-20T03:11:40.136Z","action":"memory.add","actor":"daily-sync","target":"若兰","result":"success","detail":"{\"agent\":\"若兰\",\"type\":\"event\",\"structural_weight\":0}","audit_id":"audit_1787195500136_btjk"}
{"timestamp":"2026-08-20T03:11:40.161Z","action":"memory.add","actor":"daily-sync","target":"若兰","result":"success","detail":"{\"agent\":\"若兰\",\"type\":\"event\",\"structural_weight\":0}","audit_id":"audit_1787195500161_d921"}
{"timestamp":"2026-08-20T03:11:40.181Z","action":"memory.add","actor":"daily-sync","target":"若兰","result":"success","detail":"{\"agent\":\"若兰\",\"type\":\"fix\",\"structural_weight\":0}","audit_id":"audit_1787195500181_2jql"}
{"timestamp":"2026-08-20T03:11:40.194Z","action":"memory.add","actor":"daily-sync","target":"若兰","result":"success","detail":"{\"agent\":\"若兰\",\"type\":\"decision\",\"structural_weight\":0.6}","audit_id":"audit_1787195500194_cnzq"}
{"timestamp":"2026-08-20T03:11:40.208Z","action":"memory.add","actor":"daily-sync","target":"若兰","result":"success","detail":"{\"agent\":\"若兰\",\"type\":\"discovery\",\"structural_weight\":0}","audit_id":"audit_1787195500208_yonr"}
{"timestamp":"2026-08-20T03:11:40.220Z","action":"memory.add","actor":"daily-sync","target":"若兰","result":"success","detail":"{\"agent\":\"若兰\",\"type\":\"event\",\"structural_weight\":0}","audit_id":"audit_1787195500220_ehm8"}
{"timestamp":"2026-08-20T03:11:40.232Z","action":"memory.add","actor":"daily-sync","target":"若兰","result":"success","detail":"{\"agent\":\"若兰\",\"type\":\"event\",\"structural_weight\":0}","audit_id":"audit_1787195500232_zqrd"}
{"timestamp":"2026-08-20T03:11:40.248Z","action":"memory.add","actor":"daily-sync","target":"若兰","result":"success","detail":"{\"agent\":\"若兰\",\"type\":\"discovery\",\"structural_weight\":0}","audit_id":"audit_1787195500248_nsue"}
{"timestamp":"2026-08-20T03:11:40.260Z","action":"memory.add","actor":"daily-sync","target":"若兰","result":"success","detail":"{\"agent\":\"若兰\",\"type\":\"event\",\"structural_weight\":0}","audit_id":"audit_1787195500260_br1x"}
{"timestamp":"2026-08-20T03:11:40.276Z","action":"memory.add","actor":"daily-sync","target":"若兰","result":"success","detail":"{\"agent\":\"若兰\",\"type\":\"event\",\"structural_weight\":0}","audit_id":"audit_1787195500276_y95m"}
{"timestamp":"2026-08-20T03:11:40.287Z","action":"memory.add","actor":"daily-sync","target":"若兰","result":"success","detail":"{\"agent\":\"若兰\",\"type\":\"event\",\"structural_weight\":0}","audit_id":"audit_1787195500287_2wfn"}
{"timestamp":"2026-08-20T03:11:40.310Z","action":"memory.add","actor":"daily-sync","target":"若兰","result":"success","detail":"{\"agent\":\"若兰\",\"type\":\"fix\",\"structural_weight\":0}","audit_id":"audit_1787195500310_f2n7"}
{"timestamp":"2026-08-20T03:11:40.326Z","action":"memory.add","actor":"daily-sync","target":"若兰","result":"success","detail":"{\"agent\":\"若兰\",\"type\":\"event\",\"structural_weight\":0}","audit_id":"audit_1787195500326_dio6"}
{"timestamp":"2026-08-20T03:11:40.346Z","action":"memory.add","actor":"daily-sync","target":"若兰","result":"success","detail":"{\"agent\":\"若兰\",\"type\":\"event\",\"structural_weight\":0}","audit_id":"audit_1787195500346_lwki"}
{"timestamp":"2026-08-20T03:11:40.360Z","action":"memory.add","actor":"daily-sync","target":"若兰","result":"success","detail":"{\"agent\":\"若兰\",\"type\":\"event\",\"structural_weight\":0}","audit_id":"audit_1787195500360_shes"}
{"timestamp":"2026-08-20T03:11:40.373Z","action":"memory.add","actor":"daily-sync","target":"若兰","result":"success","detail":"{\"agent\":\"若兰\",\"type\":\"event\",\"structural_weight\":0}","audit_id":"audit_1787195500373_201l"}
{"timestamp":"2026-08-20T03:11:40.385Z","action":"memory.add","actor":"daily-sync","target":"若兰","result":"success","detail":"{\"agent\":\"若兰\",\"type\":\"event\",\"structural_weight\":0}","audit_id":"audit_1787195500385_dm5c"}
{"timestamp":"2026-08-20T03:11:40.400Z","action":"memory.get","actor":"若兰","target":"若兰","result":"success","detail":"{\"agent\":\"若兰\",\"count\":655}","audit_id":"audit_1787195500400_sjq2"}
{"timestamp":"2026-08-20T03:11:40.411Z","action":"memory.add","actor":"daily-sync","target":"若兰","result":"success","detail":"{\"agent\":\"若兰\",\"type\":\"event\",\"structural_weight\":0}","audit_id":"audit_1787195500411_1gyg"}
{"timestamp":"2026-08-20T03:11:40.427Z","action":"memory.add","actor":"daily-sync","target":"若兰","result":"success","detail":"{\"agent\":\"若兰\",\"type\":\"event\",\"structural_weight\":0}","audit_id":"audit_1787195500427_zjyv"}
{"timestamp":"2026-08-20T03:11:40.441Z","action":"memory.add","actor":"daily-sync","target":"若兰","result":"success","detail":"{\"agent\":\"若兰\",\"type\":\"event\",\"structural_weight\":0}","audit_id":"audit_1787195500441_kd4r"}
{"timestamp":"2026-08-20T03:11:40.452Z","action":"memory.add","actor":"daily-sync","target":"若兰","result":"success","detail":"{\"agent\":\"若兰\",\"type\":\"event\",\"structural_weight\":0}","audit_id":"audit_1787195500452_nv07"}
{"timestamp":"2026-08-20T03:11:40.466Z","action":"memory.add","actor":"daily-sync","target":"若兰","result":"success","detail":"{\"agent\":\"若兰\",\"type\":\"discovery\",\"structural_weight\":0}","audit_id":"audit_1787195500466_byap"}
{"timestamp":"2026-08-20T03:11:40.480Z","action":"memory.add","actor":"daily-sync","target":"若兰","result":"success","detail":"{\"agent\":\"若兰\",\"type\":\"event\",\"structural_weight\":0}","audit_id":"audit_1787195500480_7h5m"}
{"timestamp":"2026-08-20T03:11:40.495Z","action":"memory.add","actor":"daily-sync","target":"若兰","result":"success","detail":"{\"agent\":\"若兰\",\"type\":\"event\",\"structural_weight\":0}","audit_id":"audit_1787195500495_zf4l"}
{"timestamp":"2026-08-20T03:11:40.507Z","action":"memory.add","actor":"daily-sync","target":"若兰","result":"success","detail":"{\"agent\":\"若兰\",\"type\":\"event\",\"structural_weight\":0}","audit_id":"audit_1787195500507_qe1h"}
{"timestamp":"2026-08-20T03:11:40.517Z","action":"memory.add","actor":"daily-sync","target":"若兰","result":"success","detail":"{\"agent\":\"若兰\",\"type\":\"event\",\"structural_weight\":0}","audit_id":"audit_1787195500517_ozm9"}
{"timestamp":"2026-08-20T03:11:40.531Z","action":"memory.add","actor":"daily-sync","target":"若兰","result":"success","detail":"{\"agent\":\"若兰\",\"type\":\"event\",\"structural_weight\":0}","audit_id":"audit_1787195500531_9ivo"}
{"timestamp":"2026-08-20T03:11:40.544Z","action":"memory.add","actor":"daily-sync","target":"若兰","result":"success","detail":"{\"agent\":\"若兰\",\"type\":\"event\",\"structural_weight\":0}","audit_id":"audit_1787195500544_5ssy"}
{"timestamp":"2026-08-20T03:11:40.558Z","action":"memory.add","actor":"daily-sync","target":"若兰","result":"success","detail":"{\"agent\":\"若兰\",\"type\":\"event\",\"structural_weight\":0}","audit_id":"audit_1787195500558_ll8j"}
{"timestamp":"2026-08-20T03:11:40.571Z","action":"memory.add","actor":"daily-sync","target":"若兰","result":"success","detail":"{\"agent\":\"若兰\",\"type\":\"event\",\"structural_weight\":0}","audit_id":"audit_1787195500571_vgfv"}
{"timestamp":"2026-08-20T03:11:40.583Z","action":"memory.add","actor":"daily-sync","target":"若兰","result":"success","detail":"{\"agent\":\"若兰\",\"type\":\"event\",\"structural_weight\":0}","audit_id":"audit_1787195500583_lsp6"}
{"timestamp":"2026-08-20T03:11:40.597Z","action":"memory.add","actor":"daily-sync","target":"若兰","result":"success","detail":"{\"agent\":\"若兰\",\"type\":\"event\",\"structural_weight\":0}","audit_id":"audit_1787195500597_9df8"}
{"timestamp":"2026-08-20T03:11:40.611Z","action":"memory.add","actor":"daily-sync","target":"若兰","result":"success","detail":"{\"agent\":\"若兰\",\"type\":\"event\",\"structural_weight\":0}","audit_id":"audit_1787195500611_88kd"}
{"timestamp":"2026-08-20T03:11:40.624Z","action":"memory.add","actor":"daily-sync","target":"若兰","result":"success","detail":"{\"agent\":\"若兰\",\"type\":\"milestone\",\"structural_weight\":0.6}","audit_id":"audit_1787195500624_32ul"}
{"timestamp":"2026-08-20T03:11:40.635Z","action":"memory.add","actor":"daily-sync","target":"若兰","result":"success","detail":"{\"agent\":\"若兰\",\"type\":\"milestone\",\"structural_weight\":0.6}","audit_id":"audit_1787195500635_k5mx"}
{"timestamp":"2026-08-20T03:11:40.645Z","action":"memory.add","actor":"daily-sync","target":"若兰","result":"success","detail":"{\"agent\":\"若兰\",\"type\":\"milestone\",\"structural_weight\":0.6}","audit_id":"audit_1787195500645_or7h"}
{"timestamp":"2026-08-20T03:11:40.658Z","action":"memory.add","actor":"daily-sync","target":"若兰","result":"success","detail":"{\"agent\":\"若兰\",\"type\":\"milestone\",\"structural_weight\":0.6}","audit_id":"audit_1787195500658_ms67"}
{"timestamp":"2026-08-20T03:11:40.672Z","action":"memory.add","actor":"daily-sync","target":"若兰","result":"success","detail":"{\"agent\":\"若兰\",\"type\":\"milestone\",\"structural_weight\":0.6}","audit_id":"audit_1787195500672_rxl9"}
{"timestamp":"2026-08-20T03:11:40.683Z","action":"memory.add","actor":"daily-sync","target":"若兰","result":"success","detail":"{\"agent\":\"若兰\",\"type\":\"event\",\"structural_weight\":0}","audit_id":"audit_1787195500683_3pas"}
{"timestamp":"2026-08-20T03:11:40.693Z","action":"memory.add","actor":"daily-sync","target":"若兰","result":"success","detail":"{\"agent\":\"若兰\",\"type\":\"event\",\"structural_weight\":0}","audit_id":"audit_1787195500693_d7w7"}
{"timestamp":"2026-08-20T03:11:40.704Z","action":"memory.add","actor":"daily-sync","target":"若兰","result":"success","detail":"{\"agent\":\"若兰\",\"type\":\"event\",\"structural_weight\":0}","audit_id":"audit_1787195500704_fid4"}
{"timestamp":"2026-08-20T03:11:40.719Z","action":"memory.add","actor":"daily-sync","target":"若兰","result":"success","detail":"{\"agent\":\"若兰\",\"type\":\"event\",\"structural_weight\":0}","audit_id":"audit_1787195500719_gv15"}
{"timestamp":"2026-08-20T03:11:40.733Z","action":"memory.add","actor":"daily-sync","target":"若兰","result":"success","detail":"{\"agent\":\"若兰\",\"type\":\"milestone\",\"structural_weight\":0.6}","audit_id":"audit_1787195500733_2d72"}
{"timestamp":"2026-08-20T03:11:40.752Z","action":"memory.add","actor":"daily-sync","target":"若兰","result":"success","detail":"{\"agent\":\"若兰\",\"type\":\"milestone\",\"structural_weight\":0.6}","audit_id":"audit_1787195500752_095n"}
{"timestamp":"2026-08-20T03:11:40.769Z","action":"memory.add","actor":"daily-sync","target":"若兰","result":"success","detail":"{\"agent\":\"若兰\",\"type\":\"event\",\"structural_weight\":0}","audit_id":"audit_1787195500769_us1t"}
{"timestamp":"2026-08-20T03:11:40.789Z","action":"memory.add","actor":"daily-sync","target":"若兰","result":"success","detail":"{\"agent\":\"若兰\",\"type\":\"milestone\",\"structural_weight\":0.6}","audit_id":"audit_1787195500789_lw6a"}
{"timestamp":"2026-08-20T03:11:40.801Z","action":"memory.add","actor":"daily-sync","target":"若兰","result":"success","detail":"{\"agent\":\"若兰\",\"type\":\"decision\",\"structural_weight\":0.6}","audit_id":"audit_1787195500801_x9k9"}
{"timestamp":"2026-08-20T03:11:40.823Z","action":"memory.add","actor":"daily-sync","target":"若兰","result":"success","detail":"{\"agent\":\"若兰\",\"type\":\"milestone\",\"structural_weight\":0.6}","audit_id":"audit_1787195500823_5hd7"}
{"timestamp":"2026-08-20T03:11:40.844Z","action":"memory.add","actor":"daily-sync","target":"若兰","result":"success","detail":"{\"agent\":\"若兰\",\"type\":\"event\",\"structural_weight\":0}","audit_id":"audit_1787195500844_54v2"}
{"timestamp":"2026-08-20T03:11:40.857Z","action":"memory.add","actor":"daily-sync","target":"若兰","result":"success","detail":"{\"agent\":\"若兰\",\"type\":\"event\",\"structural_weight\":0}","audit_id":"audit_1787195500857_w62q"}
{"timestamp":"2026-08-20T03:11:40.870Z","action":"memory.add","actor":"daily-sync","target":"若兰","result":"success","detail":"{\"agent\":\"若兰\",\"type\":\"milestone\",\"structural_weight\":0.6}","audit_id":"audit_1787195500870_uci4"}
{"timestamp":"2026-08-20T03:11:40.883Z","action":"memory.add","actor":"daily-sync","target":"若兰","result":"success","detail":"{\"agent\":\"若兰\",\"type\":\"event\",\"structural_weight\":0}","audit_id":"audit_1787195500883_eq67"}
{"timestamp":"2026-08-20T03:11:40.896Z","action":"memory.add","actor":"daily-sync","target":"若兰","result":"success","detail":"{\"agent\":\"若兰\",\"type\":\"event\",\"structural_weight\":0}","audit_id":"audit_1787195500896_g6cr"}
{"timestamp":"2026-08-20T03:11:40.920Z","action":"memory.add","actor":"daily-sync","target":"若兰","result":"success","detail":"{\"agent\":\"若兰\",\"type\":\"event\",\"structural_weight\":0}","audit_id":"audit_1787195500920_qitp"}
{"timestamp":"2026-08-20T03:11:40.940Z","action":"memory.add","actor":"daily-sync","target":"若兰","result":"success","detail":"{\"agent\":\"若兰\",\"type\":\"event\",\"structural_weight\":0}","audit_id":"audit_1787195500940_z8f9"}
{"timestamp":"2026-08-20T03:11:40.956Z","action":"memory.add","actor":"daily-sync","target":"若兰","result":"success","detail":"{\"agent\":\"若兰\",\"type\":\"discovery\",\"structural_weight\":0}","audit_id":"audit_1787195500956_9dod"}
{"timestamp":"2026-08-20T03:11:40.971Z","action":"memory.add","actor":"daily-sync","target":"若兰","result":"success","detail":"{\"agent\":\"若兰\",\"type\":\"event\",\"structural_weight\":0}","audit_id":"audit_1787195500971_wj8r"}
{"timestamp":"2026-08-20T03:11:40.983Z","action":"memory.add","actor":"daily-sync","target":"若兰","result":"success","detail":"{\"agent\":\"若兰\",\"type\":\"event\",\"structural_weight\":0}","audit_id":"audit_1787195500983_w98k"}
{"timestamp":"2026-08-20T03:11:40.995Z","action":"memory.add","actor":"daily-sync","target":"若兰","result":"success","detail":"{\"agent\":\"若兰\",\"type\":\"event\",\"structural_weight\":0}","audit_id":"audit_1787195500995_scob"}
{"timestamp":"2026-08-20T03:11:41.009Z","action":"memory.add","actor":"daily-sync","target":"若兰","result":"success","detail":"{\"agent\":\"若兰\",\"type\":\"event\",\"structural_weight\":0}","audit_id":"audit_1787195501009_q61s"}
{"timestamp":"2026-08-20T03:11:41.025Z","action":"memory.add","actor":"daily-sync","target":"若兰","result":"success","detail":"{\"agent\":\"若兰\",\"type\":\"event\",\"structural_weight\":0}","audit_id":"audit_1787195501025_pr3l"}
{"timestamp":"2026-08-20T03:11:41.039Z","action":"memory.add","actor":"daily-sync","target":"若兰","result":"success","detail":"{\"agent\":\"若兰\",\"type\":\"event\",\"structural_weight\":0}","audit_id":"audit_1787195501039_q4x5"}
{"timestamp":"2026-08-20T03:11:41.051Z","action":"memory.add","actor":"daily-sync","target":"若兰","result":"success","detail":"{\"agent\":\"若兰\",\"type\":\"event\",\"structural_weight\":0}","audit_id":"audit_1787195501051_zu6u"}
{"timestamp":"2026-08-20T03:11:41.067Z","action":"memory.add","actor":"daily-sync","target":"若兰","result":"success","detail":"{\"agent\":\"若兰\",\"type\":\"event\",\"structural_weight\":0}","audit_id":"audit_1787195501067_sqk3"}
{"timestamp":"2026-08-20T03:11:41.083Z","action":"memory.add","actor":"daily-sync","target":"若兰","result":"success","detail":"{\"agent\":\"若兰\",\"type\":\"event\",\"structural_weight\":0}","audit_id":"audit_1787195501083_hlp3"}
{"timestamp":"2026-08-20T03:11:41.096Z","action":"memory.add","actor":"daily-sync","target":"若兰","result":"success","detail":"{\"agent\":\"若兰\",\"type\":\"lesson\",\"structural_weight\":0}","audit_id":"audit_1787195501096_6qyf"}
{"timestamp":"2026-08-20T03:11:41.109Z","action":"memory.add","actor":"daily-sync","target":"若兰","result":"success","detail":"{\"agent\":\"若兰\",\"type\":\"lesson\",\"structural_weight\":0}","audit_id":"audit_1787195501109_jxze"}
{"timestamp":"2026-08-20T03:11:41.132Z","action":"memory.add","actor":"daily-sync","target":"若兰","result":"success","detail":"{\"agent\":\"若兰\",\"type\":\"fix\",\"structural_weight\":0}","audit_id":"audit_1787195501132_nzch"}
{"timestamp":"2026-08-20T03:11:41.145Z","action":"memory.add","actor":"daily-sync","target":"若兰","result":"success","detail":"{\"agent\":\"若兰\",\"type\":\"event\",\"structural_weight\":0}","audit_id":"audit_1787195501145_tbmb"}
{"timestamp":"2026-08-20T03:11:41.160Z","action":"memory.add","actor":"daily-sync","target":"若兰","result":"success","detail":"{\"agent\":\"若兰\",\"type\":\"decision\",\"structural_weight\":0.6}","audit_id":"audit_1787195501160_c5y9"}
{"timestamp":"2026-08-20T03:11:41.178Z","action":"memory.add","actor":"daily-sync","target":"若兰","result":"success","detail":"{\"agent\":\"若兰\",\"type\":\"event\",\"structural_weight\":0}","audit_id":"audit_1787195501178_x3g9"}
{"timestamp":"2026-08-20T03:11:41.198Z","action":"memory.add","actor":"daily-sync","target":"若兰","result":"success","detail":"{\"agent\":\"若兰\",\"type\":\"event\",\"structural_weight\":0}","audit_id":"audit_1787195501198_9d3d"}
{"timestamp":"2026-08-20T03:11:41.212Z","action":"memory.add","actor":"daily-sync","target":"若兰","result":"success","detail":"{\"agent\":\"若兰\",\"type\":\"event\",\"structural_weight\":0}","audit_id":"audit_1787195501212_jhxp"}
{"timestamp":"2026-08-20T03:11:41.351Z","action":"memory.add","actor":"daily-sync","target":"若兰","result":"success","detail":"{\"agent\":\"若兰\",\"type\":\"decision\",\"structural_weight\":0.6}","audit_id":"audit_1787195501351_nh12"}
{"timestamp":"2026-08-20T03:11:41.370Z","action":"memory.add","actor":"daily-sync","target":"若兰","result":"success","detail":"{\"agent\":\"若兰\",\"type\":\"event\",\"structural_weight\":0}","audit_id":"audit_1787195501370_24xh"}
{"timestamp":"2026-08-20T03:11:41.382Z","action":"memory.add","actor":"daily-sync","target":"若兰","result":"success","detail":"{\"agent\":\"若兰\",\"type\":\"todo\",\"structural_weight\":0}","audit_id":"audit_1787195501382_kjct"}
{"timestamp":"2026-08-20T03:11:41.396Z","action":"memory.add","actor":"daily-sync","target":"若兰","result":"success","detail":"{\"agent\":\"若兰\",\"type\":\"event\",\"structural_weight\":0}","audit_id":"audit_1787195501396_idgq"}
{"timestamp":"2026-08-20T03:11:41.414Z","action":"memory.add","actor":"daily-sync","target":"若兰","result":"success","detail":"{\"agent\":\"若兰\",\"type\":\"event\",\"structural_weight\":0}","audit_id":"audit_1787195501414_kgfk"}
{"timestamp":"2026-08-20T03:11:41.430Z","action":"memory.add","actor":"daily-sync","target":"若兰","result":"success","detail":"{\"agent\":\"若兰\",\"type\":\"fix\",\"structural_weight\":0}","audit_id":"audit_1787195501430_b50a"}
{"timestamp":"2026-08-20T03:11:41.449Z","action":"memory.add","actor":"daily-sync","target":"若兰","result":"success","detail":"{\"agent\":\"若兰\",\"type\":\"event\",\"structural_weight\":0}","audit_id":"audit_1787195501449_lef8"}
{"timestamp":"2026-08-20T03:11:41.466Z","action":"memory.add","actor":"daily-sync","target":"若兰","result":"success","detail":"{\"agent\":\"若兰\",\"type\":\"lesson\",\"structural_weight\":0}","audit_id":"audit_1787195501466_gqh0"}
{"timestamp":"2026-08-20T03:11:41.482Z","action":"memory.add","actor":"daily-sync","target":"若兰","result":"success","detail":"{\"agent\":\"若兰\",\"type\":\"event\",\"structural_weight\":0}","audit_id":"audit_1787195501482_30oo"}
{"timestamp":"2026-08-20T03:11:41.500Z","action":"memory.add","actor":"daily-sync","target":"若兰","result":"success","detail":"{\"agent\":\"若兰\",\"type\":\"event\",\"structural_weight\":0}","audit_id":"audit_1787195501500_fdsa"}
{"timestamp":"2026-08-20T03:11:41.513Z","action":"memory.add","actor":"daily-sync","target":"若兰","result":"success","detail":"{\"agent\":\"若兰\",\"type\":\"event\",\"structural_weight\":0}","audit_id":"audit_1787195501513_ui06"}
{"timestamp":"2026-08-20T03:11:41.527Z","action":"memory.add","actor":"daily-sync","target":"若兰","result":"success","detail":"{\"agent\":\"若兰\",\"type\":\"event\",\"structural_weight\":0}","audit_id":"audit_1787195501527_mq59"}
{"timestamp":"2026-08-20T03:11:41.540Z","action":"memory.add","actor":"daily-sync","target":"若兰","result":"success","detail":"{\"agent\":\"若兰\",\"type\":\"event\",\"structural_weight\":0}","audit_id":"audit_1787195501540_7kwi"}
{"timestamp":"2026-08-20T03:11:41.554Z","action":"memory.add","actor":"daily-sync","target":"若兰","result":"success","detail":"{\"agent\":\"若兰\",\"type\":\"event\",\"structural_weight\":0}","audit_id":"audit_1787195501554_338s"}
{"timestamp":"2026-08-20T03:11:41.569Z","action":"memory.add","actor":"daily-sync","target":"若兰","result":"success","detail":"{\"agent\":\"若兰\",\"type\":\"event\",\"structural_weight\":0}","audit_id":"audit_1787195501569_e7lq"}
{"timestamp":"2026-08-20T03:11:41.601Z","action":"memory.add","actor":"daily-sync","target":"若兰","result":"success","detail":"{\"agent\":\"若兰\",\"type\":\"event\",\"structural_weight\":0}","audit_id":"audit_1787195501601_rabv"}
{"timestamp":"2026-08-20T03:11:41.622Z","action":"memory.add","actor":"daily-sync","target":"若兰","result":"success","detail":"{\"agent\":\"若兰\",\"type\":\"event\",\"structural_weight\":0}","audit_id":"audit_1787195501622_vsru"}
{"timestamp":"2026-08-20T03:11:41.656Z","action":"memory.add","actor":"daily-sync","target":"若兰","result":"success","detail":"{\"agent\":\"若兰\",\"type\":\"event\",\"structural_weight\":0}","audit_id":"audit_1787195501656_qty4"}
{"timestamp":"2026-08-20T03:11:41.675Z","action":"memory.add","actor":"daily-sync","target":"若兰","result":"success","detail":"{\"agent\":\"若兰\",\"type\":\"event\",\"structural_weight\":0}","audit_id":"audit_1787195501675_0oge"}
{"timestamp":"2026-08-20T03:11:41.694Z","action":"memory.add","actor":"daily-sync","target":"若兰","result":"success","detail":"{\"agent\":\"若兰\",\"type\":\"event\",\"structural_weight\":0}","audit_id":"audit_1787195501694_9xr0"}
{"timestamp":"2026-08-20T03:11:41.711Z","action":"memory.add","actor":"daily-sync","target":"若兰","result":"success","detail":"{\"agent\":\"若兰\",\"type\":\"event\",\"structural_weight\":0}","audit_id":"audit_1787195501711_cob2"}
{"timestamp":"2026-08-20T03:11:41.726Z","action":"memory.add","actor":"daily-sync","target":"若兰","result":"success","detail":"{\"agent\":\"若兰\",\"type\":\"event\",\"structural_weight\":0}","audit_id":"audit_1787195501726_kps6"}
{"timestamp":"2026-08-20T03:11:41.742Z","action":"memory.get","actor":"若兰","target":"若兰","result":"success","detail":"{\"agent\":\"若兰\",\"count\":733}","audit_id":"audit_1787195501742_y6uf"}
{"timestamp":"2026-08-20T03:11:41.757Z","action":"memory.add","actor":"daily-sync","target":"若兰","result":"success","detail":"{\"agent\":\"若兰\",\"type\":\"event\",\"structural_weight\":0}","audit_id":"audit_1787195501757_3gob"}
{"timestamp":"2026-08-20T03:11:41.776Z","action":"memory.add","actor":"daily-sync","target":"若兰","result":"success","detail":"{\"agent\":\"若兰\",\"type\":\"event\",\"structural_weight\":0}","audit_id":"audit_1787195501776_j2vh"}
{"timestamp":"2026-08-20T03:11:41.793Z","action":"memory.add","actor":"daily-sync","target":"若兰","result":"success","detail":"{\"agent\":\"若兰\",\"type\":\"event\",\"structural_weight\":0}","audit_id":"audit_1787195501793_4sb5"}
{"timestamp":"2026-08-20T03:11:41.808Z","action":"memory.add","actor":"daily-sync","target":"若兰","result":"success","detail":"{\"agent\":\"若兰\",\"type\":\"event\",\"structural_weight\":0}","audit_id":"audit_1787195501808_fwtz"}
{"timestamp":"2026-08-20T03:11:41.821Z","action":"memory.add","actor":"daily-sync","target":"若兰","result":"success","detail":"{\"agent\":\"若兰\",\"type\":\"event\",\"structural_weight\":0}","audit_id":"audit_1787195501821_xkcw"}
{"timestamp":"2026-08-20T03:11:41.838Z","action":"memory.add","actor":"daily-sync","target":"若兰","result":"success","detail":"{\"agent\":\"若兰\",\"type\":\"event\",\"structural_weight\":0}","audit_id":"audit_1787195501838_k0yh"}
{"timestamp":"2026-08-20T03:11:41.853Z","action":"memory.add","actor":"daily-sync","target":"若兰","result":"success","detail":"{\"agent\":\"若兰\",\"type\":\"event\",\"structural_weight\":0}","audit_id":"audit_1787195501853_y4wo"}
{"timestamp":"2026-08-20T03:11:41.874Z","action":"memory.add","actor":"daily-sync","target":"若兰","result":"success","detail":"{\"agent\":\"若兰\",\"type\":\"event\",\"structural_weight\":0}","audit_id":"audit_1787195501874_w07s"}
{"timestamp":"2026-08-20T03:11:41.895Z","action":"memory.add","actor":"daily-sync","target":"若兰","result":"success","detail":"{\"agent\":\"若兰\",\"type\":\"event\",\"structural_weight\":0}","audit_id":"audit_1787195501895_cfc1"}
{"timestamp":"2026-08-20T03:11:41.907Z","action":"memory.add","actor":"daily-sync","target":"若兰","result":"success","detail":"{\"agent\":\"若兰\",\"type\":\"event\",\"structural_weight\":0}","audit_id":"audit_1787195501907_2wcm"}
{"timestamp":"2026-08-20T03:11:41.938Z","action":"memory.add","actor":"daily-sync","target":"若兰","result":"success","detail":"{\"agent\":\"若兰\",\"type\":\"event\",\"structural_weight\":0}","audit_id":"audit_1787195501938_l65o"}
{"timestamp":"2026-08-20T03:11:41.953Z","action":"memory.add","actor":"daily-sync","target":"若兰","result":"success","detail":"{\"agent\":\"若兰\",\"type\":\"event\",\"structural_weight\":0}","audit_id":"audit_1787195501953_b1hz"}
{"timestamp":"2026-08-20T03:11:41.967Z","action":"memory.add","actor":"daily-sync","target":"若兰","result":"success","detail":"{\"agent\":\"若兰\",\"type\":\"event\",\"structural_weight\":0}","audit_id":"audit_1787195501967_covr"}
{"timestamp":"2026-08-20T03:11:41.982Z","action":"memory.add","actor":"daily-sync","target":"若兰","result":"success","detail":"{\"agent\":\"若兰\",\"type\":\"event\",\"structural_weight\":0}","audit_id":"audit_1787195501982_zz7x"}
{"timestamp":"2026-08-20T03:11:41.996Z","action":"memory.add","actor":"daily-sync","target":"若兰","result":"success","detail":"{\"agent\":\"若兰\",\"type\":\"event\",\"structural_weight\":0}","audit_id":"audit_1787195501996_k4y1"}
{"timestamp":"2026-08-20T03:11:42.008Z","action":"memory.add","actor":"daily-sync","target":"若兰","result":"success","detail":"{\"agent\":\"若兰\",\"type\":\"event\",\"structural_weight\":0}","audit_id":"audit_1787195502008_7o3v"}
{"timestamp":"2026-08-20T03:11:42.023Z","action":"memory.add","actor":"daily-sync","target":"若兰","result":"success","detail":"{\"agent\":\"若兰\",\"type\":\"event\",\"structural_weight\":0}","audit_id":"audit_1787195502023_h7gx"}
{"timestamp":"2026-08-20T03:11:42.037Z","action":"memory.add","actor":"daily-sync","target":"若兰","result":"success","detail":"{\"agent\":\"若兰\",\"type\":\"event\",\"structural_weight\":0}","audit_id":"audit_1787195502037_g36h"}
{"timestamp":"2026-08-20T03:11:42.049Z","action":"memory.add","actor":"daily-sync","target":"若兰","result":"success","detail":"{\"agent\":\"若兰\",\"type\":\"event\",\"structural_weight\":0}","audit_id":"audit_1787195502049_ob4b"}
{"timestamp":"2026-08-20T03:11:42.066Z","action":"memory.add","actor":"daily-sync","target":"若兰","result":"success","detail":"{\"agent\":\"若兰\",\"type\":\"milestone\",\"structural_weight\":0.6}","audit_id":"audit_1787195502066_bknr"}
{"timestamp":"2026-08-20T03:11:42.082Z","action":"memory.add","actor":"daily-sync","target":"若兰","result":"success","detail":"{\"agent\":\"若兰\",\"type\":\"fix\",\"structural_weight\":0}","audit_id":"audit_1787195502082_x4yf"}
{"timestamp":"2026-08-20T03:11:42.096Z","action":"memory.add","actor":"daily-sync","target":"若兰","result":"success","detail":"{\"agent\":\"若兰\",\"type\":\"discovery\",\"structural_weight\":0}","audit_id":"audit_1787195502096_sixh"}
{"timestamp":"2026-08-20T03:11:42.112Z","action":"memory.add","actor":"daily-sync","target":"若兰","result":"success","detail":"{\"agent\":\"若兰\",\"type\":\"event\",\"structural_weight\":0}","audit_id":"audit_1787195502112_1o1e"}
{"timestamp":"2026-08-20T03:11:42.125Z","action":"memory.add","actor":"daily-sync","target":"若兰","result":"success","detail":"{\"agent\":\"若兰\",\"type\":\"event\",\"structural_weight\":0}","audit_id":"audit_1787195502125_lgv3"}
{"timestamp":"2026-08-20T03:11:42.139Z","action":"memory.add","actor":"daily-sync","target":"若兰","result":"success","detail":"{\"agent\":\"若兰\",\"type\":\"event\",\"structural_weight\":0}","audit_id":"audit_1787195502139_839u"}
{"timestamp":"2026-08-20T03:11:42.155Z","action":"memory.add","actor":"daily-sync","target":"若兰","result":"success","detail":"{\"agent\":\"若兰\",\"type\":\"event\",\"structural_weight\":0}","audit_id":"audit_1787195502155_nh3z"}
{"timestamp":"2026-08-20T03:11:42.169Z","action":"memory.add","actor":"daily-sync","target":"若兰","result":"success","detail":"{\"agent\":\"若兰\",\"type\":\"event\",\"structural_weight\":0}","audit_id":"audit_1787195502169_0ynq"}
{"timestamp":"2026-08-20T03:11:42.190Z","action":"memory.add","actor":"daily-sync","target":"若兰","result":"success","detail":"{\"agent\":\"若兰\",\"type\":\"event\",\"structural_weight\":0}","audit_id":"audit_1787195502190_eygw"}
{"timestamp":"2026-08-20T03:11:42.202Z","action":"memory.add","actor":"daily-sync","target":"若兰","result":"success","detail":"{\"agent\":\"若兰\",\"type\":\"milestone\",\"structural_weight\":0.6}","audit_id":"audit_1787195502202_y5xa"}
{"timestamp":"2026-08-20T03:11:42.220Z","action":"memory.add","actor":"daily-sync","target":"若兰","result":"success","detail":"{\"agent\":\"若兰\",\"type\":\"milestone\",\"structural_weight\":0.6}","audit_id":"audit_1787195502220_0zqs"}
{"timestamp":"2026-08-20T03:11:42.235Z","action":"memory.add","actor":"daily-sync","target":"若兰","result":"success","detail":"{\"agent\":\"若兰\",\"type\":\"event\",\"structural_weight\":0}","audit_id":"audit_1787195502235_qpd8"}
{"timestamp":"2026-08-20T03:11:42.249Z","action":"memory.add","actor":"daily-sync","target":"若兰","result":"success","detail":"{\"agent\":\"若兰\",\"type\":\"event\",\"structural_weight\":0}","audit_id":"audit_1787195502249_hq1p"}
{"timestamp":"2026-08-20T03:11:42.262Z","action":"memory.add","actor":"daily-sync","target":"若兰","result":"success","detail":"{\"agent\":\"若兰\",\"type\":\"event\",\"structural_weight\":0}","audit_id":"audit_1787195502262_voll"}
{"timestamp":"2026-08-20T03:11:42.276Z","action":"memory.add","actor":"daily-sync","target":"若兰","result":"success","detail":"{\"agent\":\"若兰\",\"type\":\"milestone\",\"structural_weight\":0.6}","audit_id":"audit_1787195502276_8ee7"}
{"timestamp":"2026-08-20T03:11:42.292Z","action":"memory.add","actor":"daily-sync","target":"若兰","result":"success","detail":"{\"agent\":\"若兰\",\"type\":\"milestone\",\"structural_weight\":0.6}","audit_id":"audit_1787195502292_i4oz"}
{"timestamp":"2026-08-20T03:11:42.308Z","action":"memory.add","actor":"daily-sync","target":"若兰","result":"success","detail":"{\"agent\":\"若兰\",\"type\":\"milestone\",\"structural_weight\":0.6}","audit_id":"audit_1787195502308_36se"}
{"timestamp":"2026-08-20T03:11:42.329Z","action":"memory.add","actor":"daily-sync","target":"若兰","result":"success","detail":"{\"agent\":\"若兰\",\"type\":\"event\",\"structural_weight\":0}","audit_id":"audit_1787195502329_uud2"}
{"timestamp":"2026-08-20T03:11:42.354Z","action":"memory.add","actor":"daily-sync","target":"若兰","result":"success","detail":"{\"agent\":\"若兰\",\"type\":\"event\",\"structural_weight\":0}","audit_id":"audit_1787195502354_j52j"}
{"timestamp":"2026-08-20T03:11:42.387Z","action":"memory.add","actor":"daily-sync","target":"若兰","result":"success","detail":"{\"agent\":\"若兰\",\"type\":\"event\",\"structural_weight\":0}","audit_id":"audit_1787195502387_0naw"}
{"timestamp":"2026-08-20T03:11:42.420Z","action":"memory.add","actor":"daily-sync","target":"若兰","result":"success","detail":"{\"agent\":\"若兰\",\"type\":\"event\",\"structural_weight\":0}","audit_id":"audit_1787195502420_4gss"}
{"timestamp":"2026-08-20T03:11:42.447Z","action":"memory.add","actor":"daily-sync","target":"若兰","result":"success","detail":"{\"agent\":\"若兰\",\"type\":\"event\",\"structural_weight\":0}","audit_id":"audit_1787195502447_cqi7"}
{"timestamp":"2026-08-20T03:11:42.472Z","action":"memory.add","actor":"daily-sync","target":"若兰","result":"success","detail":"{\"agent\":\"若兰\",\"type\":\"event\",\"structural_weight\":0}","audit_id":"audit_1787195502472_t84k"}
{"timestamp":"2026-08-20T03:11:42.498Z","action":"memory.add","actor":"daily-sync","target":"若兰","result":"success","detail":"{\"agent\":\"若兰\",\"type\":\"fix\",\"structural_weight\":0}","audit_id":"audit_1787195502498_om8t"}
{"timestamp":"2026-08-20T03:11:42.519Z","action":"memory.add","actor":"daily-sync","target":"若兰","result":"success","detail":"{\"agent\":\"若兰\",\"type\":\"event\",\"structural_weight\":0}","audit_id":"audit_1787195502519_d8vj"}
{"timestamp":"2026-08-20T03:11:42.545Z","action":"memory.add","actor":"daily-sync","target":"若兰","result":"success","detail":"{\"agent\":\"若兰\",\"type\":\"milestone\",\"structural_weight\":0.6}","audit_id":"audit_1787195502545_v7fk"}
{"timestamp":"2026-08-20T03:11:42.563Z","action":"memory.add","actor":"daily-sync","target":"若兰","result":"success","detail":"{\"agent\":\"若兰\",\"type\":\"event\",\"structural_weight\":0}","audit_id":"audit_1787195502563_g5d8"}
{"timestamp":"2026-08-20T03:11:42.658Z","action":"memory.add","actor":"daily-sync","target":"若兰","result":"success","detail":"{\"agent\":\"若兰\",\"type\":\"milestone\",\"structural_weight\":0.6}","audit_id":"audit_1787195502658_9f9b"}
{"timestamp":"2026-08-20T03:11:42.671Z","action":"memory.add","actor":"daily-sync","target":"若兰","result":"success","detail":"{\"agent\":\"若兰\",\"type\":\"discovery\",\"structural_weight\":0}","audit_id":"audit_1787195502671_7gsf"}
{"timestamp":"2026-08-20T03:11:42.684Z","action":"memory.add","actor":"daily-sync","target":"若兰","result":"success","detail":"{\"agent\":\"若兰\",\"type\":\"event\",\"structural_weight\":0}","audit_id":"audit_1787195502684_dqh0"}
{"timestamp":"2026-08-20T03:11:42.704Z","action":"memory.add","actor":"daily-sync","target":"若兰","result":"success","detail":"{\"agent\":\"若兰\",\"type\":\"decision\",\"structural_weight\":0.6}","audit_id":"audit_1787195502704_abkr"}
{"timestamp":"2026-08-20T03:11:42.721Z","action":"memory.add","actor":"daily-sync","target":"若兰","result":"success","detail":"{\"agent\":\"若兰\",\"type\":\"event\",\"structural_weight\":0}","audit_id":"audit_1787195502721_0qp0"}
{"timestamp":"2026-08-20T03:11:42.733Z","action":"memory.add","actor":"daily-sync","target":"若兰","result":"success","detail":"{\"agent\":\"若兰\",\"type\":\"fix\",\"structural_weight\":0}","audit_id":"audit_1787195502733_jap6"}
{"timestamp":"2026-08-20T03:11:42.747Z","action":"memory.add","actor":"daily-sync","target":"若兰","result":"success","detail":"{\"agent\":\"若兰\",\"type\":\"event\",\"structural_weight\":0}","audit_id":"audit_1787195502747_q8t2"}
{"timestamp":"2026-08-20T03:11:42.761Z","action":"memory.add","actor":"daily-sync","target":"若兰","result":"success","detail":"{\"agent\":\"若兰\",\"type\":\"event\",\"structural_weight\":0}","audit_id":"audit_1787195502761_50l6"}
{"timestamp":"2026-08-20T03:11:42.779Z","action":"memory.add","actor":"daily-sync","target":"若兰","result":"success","detail":"{\"agent\":\"若兰\",\"type\":\"fix\",\"structural_weight\":0}","audit_id":"audit_1787195502779_u6k7"}
{"timestamp":"2026-08-20T03:11:42.793Z","action":"memory.add","actor":"daily-sync","target":"若兰","result":"success","detail":"{\"agent\":\"若兰\",\"type\":\"event\",\"structural_weight\":0}","audit_id":"audit_1787195502793_ajk2"}
{"timestamp":"2026-08-20T03:11:42.806Z","action":"memory.add","actor":"daily-sync","target":"若兰","result":"success","detail":"{\"agent\":\"若兰\",\"type\":\"todo\",\"structural_weight\":0}","audit_id":"audit_1787195502806_3tux"}
{"timestamp":"2026-08-20T03:11:42.846Z","action":"memory.add","actor":"daily-sync","target":"若兰","result":"success","detail":"{\"agent\":\"若兰\",\"type\":\"event\",\"structural_weight\":0}","audit_id":"audit_1787195502846_3jjl"}
{"timestamp":"2026-08-20T03:11:42.865Z","action":"memory.add","actor":"daily-sync","target":"若兰","result":"success","detail":"{\"agent\":\"若兰\",\"type\":\"event\",\"structural_weight\":0}","audit_id":"audit_1787195502865_69e7"}
{"timestamp":"2026-08-20T03:11:42.888Z","action":"memory.add","actor":"daily-sync","target":"若兰","result":"success","detail":"{\"agent\":\"若兰\",\"type\":\"event\",\"structural_weight\":0}","audit_id":"audit_1787195502888_enm9"}
{"timestamp":"2026-08-20T03:11:42.899Z","action":"memory.add","actor":"daily-sync","target":"若兰","result":"success","detail":"{\"agent\":\"若兰\",\"type\":\"milestone\",\"structural_weight\":0.6}","audit_id":"audit_1787195502899_0n9b"}
{"timestamp":"2026-08-20T03:11:42.912Z","action":"memory.add","actor":"daily-sync","target":"若兰","result":"success","detail":"{\"agent\":\"若兰\",\"type\":\"event\",\"structural_weight\":0}","audit_id":"audit_1787195502912_jpkn"}
{"timestamp":"2026-08-20T03:11:42.923Z","action":"memory.add","actor":"daily-sync","target":"若兰","result":"success","detail":"{\"agent\":\"若兰\",\"type\":\"event\",\"structural_weight\":0}","audit_id":"audit_1787195502923_3hxb"}
{"timestamp":"2026-08-20T03:11:42.947Z","action":"memory.add","actor":"daily-sync","target":"若兰","result":"success","detail":"{\"agent\":\"若兰\",\"type\":\"event\",\"structural_weight\":0}","audit_id":"audit_1787195502947_r7a3"}
{"timestamp":"2026-08-20T03:11:42.960Z","action":"memory.add","actor":"daily-sync","target":"若兰","result":"success","detail":"{\"agent\":\"若兰\",\"type\":\"event\",\"structural_weight\":0}","audit_id":"audit_1787195502960_nkjq"}
{"timestamp":"2026-08-20T03:11:42.975Z","action":"memory.add","actor":"daily-sync","target":"若兰","result":"success","detail":"{\"agent\":\"若兰\",\"type\":\"event\",\"structural_weight\":0}","audit_id":"audit_1787195502975_4lhp"}
{"timestamp":"2026-08-20T03:11:42.988Z","action":"memory.add","actor":"daily-sync","target":"若兰","result":"success","detail":"{\"agent\":\"若兰\",\"type\":\"event\",\"structural_weight\":0}","audit_id":"audit_1787195502988_4c2f"}
{"timestamp":"2026-08-20T03:11:42.999Z","action":"memory.add","actor":"daily-sync","target":"若兰","result":"success","detail":"{\"agent\":\"若兰\",\"type\":\"event\",\"structural_weight\":0}","audit_id":"audit_1787195502999_8yrp"}
{"timestamp":"2026-08-20T03:11:43.012Z","action":"memory.add","actor":"daily-sync","target":"若兰","result":"success","detail":"{\"agent\":\"若兰\",\"type\":\"event\",\"structural_weight\":0}","audit_id":"audit_1787195503012_7s1t"}
{"timestamp":"2026-08-20T03:11:43.031Z","action":"memory.get","actor":"若兰","target":"若兰","result":"success","detail":"{\"agent\":\"若兰\",\"count\":802}","audit_id":"audit_1787195503031_rgcv"}
{"timestamp":"2026-08-20T03:11:43.063Z","action":"memory.add","actor":"daily-sync","target":"若兰","result":"success","detail":"{\"agent\":\"若兰\",\"type\":\"event\",\"structural_weight\":0}","audit_id":"audit_1787195503063_awls"}
{"timestamp":"2026-08-20T03:11:43.077Z","action":"memory.add","actor":"daily-sync","target":"若兰","result":"success","detail":"{\"agent\":\"若兰\",\"type\":\"event\",\"structural_weight\":0}","audit_id":"audit_1787195503077_r84o"}
{"timestamp":"2026-08-20T03:11:43.090Z","action":"memory.add","actor":"daily-sync","target":"若兰","result":"success","detail":"{\"agent\":\"若兰\",\"type\":\"event\",\"structural_weight\":0}","audit_id":"audit_1787195503090_xarf"}
{"timestamp":"2026-08-20T03:11:43.106Z","action":"memory.add","actor":"daily-sync","target":"若兰","result":"success","detail":"{\"agent\":\"若兰\",\"type\":\"event\",\"structural_weight\":0}","audit_id":"audit_1787195503106_lvmo"}
{"timestamp":"2026-08-20T03:11:43.198Z","action":"memory.add","actor":"daily-sync","target":"若兰","result":"success","detail":"{\"agent\":\"若兰\",\"type\":\"event\",\"structural_weight\":0}","audit_id":"audit_1787195503198_l0ny"}
{"timestamp":"2026-08-20T03:11:43.239Z","action":"memory.add","actor":"daily-sync","target":"若兰","result":"success","detail":"{\"agent\":\"若兰\",\"type\":\"event\",\"structural_weight\":0}","audit_id":"audit_1787195503239_vun4"}
{"timestamp":"2026-08-20T03:11:43.403Z","action":"memory.add","actor":"daily-sync","target":"若兰","result":"success","detail":"{\"agent\":\"若兰\",\"type\":\"event\",\"structural_weight\":0}","audit_id":"audit_1787195503403_luu9"}
{"timestamp":"2026-08-20T03:11:43.425Z","action":"memory.add","actor":"daily-sync","target":"若兰","result":"success","detail":"{\"agent\":\"若兰\",\"type\":\"event\",\"structural_weight\":0}","audit_id":"audit_1787195503425_vote"}
{"timestamp":"2026-08-20T03:11:43.437Z","action":"memory.add","actor":"daily-sync","target":"若兰","result":"success","detail":"{\"agent\":\"若兰\",\"type\":\"event\",\"structural_weight\":0}","audit_id":"audit_1787195503437_uze4"}
{"timestamp":"2026-08-20T03:11:43.450Z","action":"memory.add","actor":"daily-sync","target":"若兰","result":"success","detail":"{\"agent\":\"若兰\",\"type\":\"event\",\"structural_weight\":0}","audit_id":"audit_1787195503450_opbj"}
{"timestamp":"2026-08-20T03:11:43.467Z","action":"memory.add","actor":"daily-sync","target":"若兰","result":"success","detail":"{\"agent\":\"若兰\",\"type\":\"event\",\"structural_weight\":0}","audit_id":"audit_1787195503467_e95t"}
{"timestamp":"2026-08-20T03:11:43.478Z","action":"memory.add","actor":"daily-sync","target":"若兰","result":"success","detail":"{\"agent\":\"若兰\",\"type\":\"event\",\"structural_weight\":0}","audit_id":"audit_1787195503478_kv37"}
{"timestamp":"2026-08-20T03:11:43.493Z","action":"memory.add","actor":"daily-sync","target":"若兰","result":"success","detail":"{\"agent\":\"若兰\",\"type\":\"discovery\",\"structural_weight\":0}","audit_id":"audit_1787195503493_i2xj"}
{"timestamp":"2026-08-20T03:11:43.506Z","action":"memory.add","actor":"daily-sync","target":"若兰","result":"success","detail":"{\"agent\":\"若兰\",\"type\":\"milestone\",\"structural_weight\":0.6}","audit_id":"audit_1787195503506_h5gd"}
{"timestamp":"2026-08-20T03:11:43.519Z","action":"memory.add","actor":"daily-sync","target":"若兰","result":"success","detail":"{\"agent\":\"若兰\",\"type\":\"event\",\"structural_weight\":0}","audit_id":"audit_1787195503519_5l03"}
{"timestamp":"2026-08-20T03:11:43.540Z","action":"memory.add","actor":"daily-sync","target":"若兰","result":"success","detail":"{\"agent\":\"若兰\",\"type\":\"event\",\"structural_weight\":0}","audit_id":"audit_1787195503540_iq8j"}
{"timestamp":"2026-08-20T03:11:43.557Z","action":"memory.add","actor":"daily-sync","target":"若兰","result":"success","detail":"{\"agent\":\"若兰\",\"type\":\"event\",\"structural_weight\":0}","audit_id":"audit_1787195503557_jh6n"}
{"timestamp":"2026-08-20T03:11:43.571Z","action":"memory.add","actor":"daily-sync","target":"若兰","result":"success","detail":"{\"agent\":\"若兰\",\"type\":\"event\",\"structural_weight\":0}","audit_id":"audit_1787195503571_st94"}
{"timestamp":"2026-08-20T03:11:43.592Z","action":"memory.add","actor":"daily-sync","target":"若兰","result":"success","detail":"{\"agent\":\"若兰\",\"type\":\"milestone\",\"structural_weight\":0.6}","audit_id":"audit_1787195503592_dfnb"}
{"timestamp":"2026-08-20T03:11:43.606Z","action":"memory.add","actor":"daily-sync","target":"若兰","result":"success","detail":"{\"agent\":\"若兰\",\"type\":\"event\",\"structural_weight\":0}","audit_id":"audit_1787195503606_qm7m"}
{"timestamp":"2026-08-20T03:11:43.621Z","action":"memory.add","actor":"daily-sync","target":"若兰","result":"success","detail":"{\"agent\":\"若兰\",\"type\":\"event\",\"structural_weight\":0}","audit_id":"audit_1787195503621_3qzu"}
{"timestamp":"2026-08-20T03:11:43.639Z","action":"memory.add","actor":"daily-sync","target":"若兰","result":"success","detail":"{\"agent\":\"若兰\",\"type\":\"event\",\"structural_weight\":0}","audit_id":"audit_1787195503639_l3tp"}
{"timestamp":"2026-08-20T03:11:43.653Z","action":"memory.add","actor":"daily-sync","target":"若兰","result":"success","detail":"{\"agent\":\"若兰\",\"type\":\"milestone\",\"structural_weight\":0.6}","audit_id":"audit_1787195503653_xtkj"}
{"timestamp":"2026-08-20T03:11:43.666Z","action":"memory.add","actor":"daily-sync","target":"若兰","result":"success","detail":"{\"agent\":\"若兰\",\"type\":\"event\",\"structural_weight\":0}","audit_id":"audit_1787195503666_i8zu"}
{"timestamp":"2026-08-20T03:11:43.686Z","action":"memory.add","actor":"daily-sync","target":"若兰","result":"success","detail":"{\"agent\":\"若兰\",\"type\":\"event\",\"structural_weight\":0}","audit_id":"audit_1787195503686_cm72"}
{"timestamp":"2026-08-20T03:11:43.699Z","action":"memory.add","actor":"daily-sync","target":"若兰","result":"success","detail":"{\"agent\":\"若兰\",\"type\":\"event\",\"structural_weight\":0}","audit_id":"audit_1787195503699_mx37"}
{"timestamp":"2026-08-20T03:11:43.713Z","action":"memory.add","actor":"daily-sync","target":"若兰","result":"success","detail":"{\"agent\":\"若兰\",\"type\":\"event\",\"structural_weight\":0}","audit_id":"audit_1787195503713_5oso"}
{"timestamp":"2026-08-20T03:11:43.730Z","action":"memory.add","actor":"daily-sync","target":"若兰","result":"success","detail":"{\"agent\":\"若兰\",\"type\":\"event\",\"structural_weight\":0}","audit_id":"audit_1787195503730_ip7w"}
{"timestamp":"2026-08-20T03:11:43.747Z","action":"memory.add","actor":"daily-sync","target":"若兰","result":"success","detail":"{\"agent\":\"若兰\",\"type\":\"event\",\"structural_weight\":0}","audit_id":"audit_1787195503747_ohcw"}
{"timestamp":"2026-08-20T03:11:43.762Z","action":"memory.add","actor":"daily-sync","target":"若兰","result":"success","detail":"{\"agent\":\"若兰\",\"type\":\"event\",\"structural_weight\":0}","audit_id":"audit_1787195503762_raif"}
{"timestamp":"2026-08-20T03:11:43.779Z","action":"memory.add","actor":"daily-sync","target":"若兰","result":"success","detail":"{\"agent\":\"若兰\",\"type\":\"event\",\"structural_weight\":0}","audit_id":"audit_1787195503779_u6kf"}
{"timestamp":"2026-08-20T03:11:43.798Z","action":"memory.add","actor":"daily-sync","target":"若兰","result":"success","detail":"{\"agent\":\"若兰\",\"type\":\"milestone\",\"structural_weight\":0.6}","audit_id":"audit_1787195503798_5v2b"}
{"timestamp":"2026-08-20T03:11:43.819Z","action":"memory.add","actor":"daily-sync","target":"若兰","result":"success","detail":"{\"agent\":\"若兰\",\"type\":\"event\",\"structural_weight\":0}","audit_id":"audit_1787195503819_gwzd"}
{"timestamp":"2026-08-20T03:11:43.854Z","action":"memory.add","actor":"daily-sync","target":"若兰","result":"success","detail":"{\"agent\":\"若兰\",\"type\":\"event\",\"structural_weight\":0}","audit_id":"audit_1787195503854_f9ff"}
{"timestamp":"2026-08-20T03:11:43.867Z","action":"memory.add","actor":"daily-sync","target":"若兰","result":"success","detail":"{\"agent\":\"若兰\",\"type\":\"discovery\",\"structural_weight\":0}","audit_id":"audit_1787195503867_hyt3"}
{"timestamp":"2026-08-20T03:11:43.882Z","action":"memory.add","actor":"daily-sync","target":"若兰","result":"success","detail":"{\"agent\":\"若兰\",\"type\":\"event\",\"structural_weight\":0}","audit_id":"audit_1787195503882_c9b7"}
{"timestamp":"2026-08-20T03:11:43.901Z","action":"memory.add","actor":"daily-sync","target":"若兰","result":"success","detail":"{\"agent\":\"若兰\",\"type\":\"event\",\"structural_weight\":0}","audit_id":"audit_1787195503901_ryi8"}
{"timestamp":"2026-08-20T03:11:43.916Z","action":"memory.add","actor":"daily-sync","target":"若兰","result":"success","detail":"{\"agent\":\"若兰\",\"type\":\"event\",\"structural_weight\":0}","audit_id":"audit_1787195503916_u71u"}
{"timestamp":"2026-08-20T03:11:43.934Z","action":"memory.add","actor":"daily-sync","target":"若兰","result":"success","detail":"{\"agent\":\"若兰\",\"type\":\"discovery\",\"structural_weight\":0}","audit_id":"audit_1787195503934_ouer"}
{"timestamp":"2026-08-20T03:11:44.107Z","action":"memory.add","actor":"daily-sync","target":"若兰","result":"success","detail":"{\"agent\":\"若兰\",\"type\":\"todo\",\"structural_weight\":0}","audit_id":"audit_1787195504107_a4to"}
{"timestamp":"2026-08-20T03:11:44.133Z","action":"memory.add","actor":"daily-sync","target":"若兰","result":"success","detail":"{\"agent\":\"若兰\",\"type\":\"event\",\"structural_weight\":0}","audit_id":"audit_1787195504133_bfjo"}
{"timestamp":"2026-08-20T03:11:44.150Z","action":"memory.add","actor":"daily-sync","target":"若兰","result":"success","detail":"{\"agent\":\"若兰\",\"type\":\"event\",\"structural_weight\":0}","audit_id":"audit_1787195504150_xqtg"}
{"timestamp":"2026-08-20T03:11:44.184Z","action":"memory.add","actor":"daily-sync","target":"若兰","result":"success","detail":"{\"agent\":\"若兰\",\"type\":\"fix\",\"structural_weight\":0}","audit_id":"audit_1787195504184_21gp"}
{"timestamp":"2026-08-20T03:11:44.200Z","action":"memory.add","actor":"daily-sync","target":"若兰","result":"success","detail":"{\"agent\":\"若兰\",\"type\":\"decision\",\"structural_weight\":0.6}","audit_id":"audit_1787195504200_pzz3"}
{"timestamp":"2026-08-20T03:11:44.221Z","action":"memory.add","actor":"daily-sync","target":"若兰","result":"success","detail":"{\"agent\":\"若兰\",\"type\":\"fix\",\"structural_weight\":0}","audit_id":"audit_1787195504221_d1az"}
{"timestamp":"2026-08-20T03:11:44.244Z","action":"memory.add","actor":"daily-sync","target":"若兰","result":"success","detail":"{\"agent\":\"若兰\",\"type\":\"todo\",\"structural_weight\":0}","audit_id":"audit_1787195504244_djsd"}
{"timestamp":"2026-08-20T03:11:44.266Z","action":"memory.add","actor":"daily-sync","target":"若兰","result":"success","detail":"{\"agent\":\"若兰\",\"type\":\"event\",\"structural_weight\":0}","audit_id":"audit_1787195504266_glkp"}
{"timestamp":"2026-08-20T03:11:44.282Z","action":"memory.add","actor":"daily-sync","target":"若兰","result":"success","detail":"{\"agent\":\"若兰\",\"type\":\"fix\",\"structural_weight\":0}","audit_id":"audit_1787195504282_2sh6"}
{"timestamp":"2026-08-20T03:11:44.301Z","action":"memory.add","actor":"daily-sync","target":"若兰","result":"success","detail":"{\"agent\":\"若兰\",\"type\":\"event\",\"structural_weight\":0}","audit_id":"audit_1787195504301_wqqb"}
{"timestamp":"2026-08-20T03:11:44.316Z","action":"memory.add","actor":"daily-sync","target":"若兰","result":"success","detail":"{\"agent\":\"若兰\",\"type\":\"event\",\"structural_weight\":0}","audit_id":"audit_1787195504316_y33i"}
{"timestamp":"2026-08-20T03:11:44.342Z","action":"memory.add","actor":"daily-sync","target":"若兰","result":"success","detail":"{\"agent\":\"若兰\",\"type\":\"event\",\"structural_weight\":0}","audit_id":"audit_1787195504342_nfw7"}
{"timestamp":"2026-08-20T03:11:44.360Z","action":"memory.add","actor":"daily-sync","target":"若兰","result":"success","detail":"{\"agent\":\"若兰\",\"type\":\"milestone\",\"structural_weight\":0.6}","audit_id":"audit_1787195504360_b1u0"}
{"timestamp":"2026-08-20T03:11:44.377Z","action":"memory.add","actor":"daily-sync","target":"若兰","result":"success","detail":"{\"agent\":\"若兰\",\"type\":\"milestone\",\"structural_weight\":0.6}","audit_id":"audit_1787195504377_bhes"}
{"timestamp":"2026-08-20T03:11:44.391Z","action":"memory.add","actor":"daily-sync","target":"若兰","result":"success","detail":"{\"agent\":\"若兰\",\"type\":\"milestone\",\"structural_weight\":0.6}","audit_id":"audit_1787195504391_adt4"}
{"timestamp":"2026-08-20T03:11:44.407Z","action":"memory.add","actor":"daily-sync","target":"若兰","result":"success","detail":"{\"agent\":\"若兰\",\"type\":\"fix\",\"structural_weight\":0}","audit_id":"audit_1787195504407_ircb"}
{"timestamp":"2026-08-20T03:11:44.427Z","action":"memory.add","actor":"daily-sync","target":"若兰","result":"success","detail":"{\"agent\":\"若兰\",\"type\":\"event\",\"structural_weight\":0}","audit_id":"audit_1787195504427_racp"}
{"timestamp":"2026-08-20T03:11:44.446Z","action":"memory.add","actor":"daily-sync","target":"若兰","result":"success","detail":"{\"agent\":\"若兰\",\"type\":\"event\",\"structural_weight\":0}","audit_id":"audit_1787195504446_lbji"}
{"timestamp":"2026-08-20T03:11:44.484Z","action":"memory.add","actor":"daily-sync","target":"若兰","result":"success","detail":"{\"agent\":\"若兰\",\"type\":\"event\",\"structural_weight\":0}","audit_id":"audit_1787195504484_fdvf"}
{"timestamp":"2026-08-20T03:11:44.513Z","action":"memory.add","actor":"daily-sync","target":"若兰","result":"success","detail":"{\"agent\":\"若兰\",\"type\":\"event\",\"structural_weight\":0}","audit_id":"audit_1787195504513_dojg"}
{"timestamp":"2026-08-20T03:11:44.538Z","action":"memory.add","actor":"daily-sync","target":"若兰","result":"success","detail":"{\"agent\":\"若兰\",\"type\":\"event\",\"structural_weight\":0}","audit_id":"audit_1787195504539_z60x"}
{"timestamp":"2026-08-20T03:11:44.563Z","action":"memory.add","actor":"daily-sync","target":"若兰","result":"success","detail":"{\"agent\":\"若兰\",\"type\":\"event\",\"structural_weight\":0}","audit_id":"audit_1787195504563_ktwb"}
{"timestamp":"2026-08-20T03:11:44.582Z","action":"memory.add","actor":"daily-sync","target":"若兰","result":"success","detail":"{\"agent\":\"若兰\",\"type\":\"event\",\"structural_weight\":0}","audit_id":"audit_1787195504582_t4u2"}
{"timestamp":"2026-08-20T03:11:44.607Z","action":"memory.add","actor":"daily-sync","target":"若兰","result":"success","detail":"{\"agent\":\"若兰\",\"type\":\"event\",\"structural_weight\":0}","audit_id":"audit_1787195504607_21pn"}
{"timestamp":"2026-08-20T03:11:44.627Z","action":"memory.add","actor":"daily-sync","target":"若兰","result":"success","detail":"{\"agent\":\"若兰\",\"type\":\"event\",\"structural_weight\":0}","audit_id":"audit_1787195504627_o4ij"}
{"timestamp":"2026-08-20T03:11:44.647Z","action":"memory.add","actor":"daily-sync","target":"若兰","result":"success","detail":"{\"agent\":\"若兰\",\"type\":\"event\",\"structural_weight\":0}","audit_id":"audit_1787195504647_iuuf"}
{"timestamp":"2026-08-20T03:11:44.672Z","action":"memory.add","actor":"daily-sync","target":"若兰","result":"success","detail":"{\"agent\":\"若兰\",\"type\":\"event\",\"structural_weight\":0}","audit_id":"audit_1787195504672_srde"}
{"timestamp":"2026-08-20T03:11:44.705Z","action":"memory.add","actor":"daily-sync","target":"若兰","result":"success","detail":"{\"agent\":\"若兰\",\"type\":\"event\",\"structural_weight\":0}","audit_id":"audit_1787195504705_mnrb"}
{"timestamp":"2026-08-20T03:11:44.728Z","action":"memory.add","actor":"daily-sync","target":"若兰","result":"success","detail":"{\"agent\":\"若兰\",\"type\":\"event\",\"structural_weight\":0}","audit_id":"audit_1787195504728_oiyj"}
{"timestamp":"2026-08-20T03:11:44.761Z","action":"memory.get","actor":"若兰","target":"若兰","result":"success","detail":"{\"agent\":\"若兰\",\"count\":870}","audit_id":"audit_1787195504761_3yqt"}
{"timestamp":"2026-08-20T03:11:44.787Z","action":"memory.add","actor":"daily-sync","target":"若兰","result":"success","detail":"{\"agent\":\"若兰\",\"type\":\"event\",\"structural_weight\":0}","audit_id":"audit_1787195504787_k2pk"}
{"timestamp":"2026-08-20T03:11:44.812Z","action":"memory.add","actor":"daily-sync","target":"若兰","result":"success","detail":"{\"agent\":\"若兰\",\"type\":\"event\",\"structural_weight\":0}","audit_id":"audit_1787195504812_0bmf"}
{"timestamp":"2026-08-20T03:11:44.832Z","action":"memory.add","actor":"daily-sync","target":"若兰","result":"success","detail":"{\"agent\":\"若兰\",\"type\":\"event\",\"structural_weight\":0}","audit_id":"audit_1787195504832_l1il"}
{"timestamp":"2026-08-20T03:11:44.850Z","action":"memory.add","actor":"daily-sync","target":"若兰","result":"success","detail":"{\"agent\":\"若兰\",\"type\":\"event\",\"structural_weight\":0}","audit_id":"audit_1787195504850_6nof"}
{"timestamp":"2026-08-20T03:11:44.874Z","action":"memory.add","actor":"daily-sync","target":"若兰","result":"success","detail":"{\"agent\":\"若兰\",\"type\":\"event\",\"structural_weight\":0}","audit_id":"audit_1787195504874_8208"}
{"timestamp":"2026-08-20T03:11:44.900Z","action":"memory.add","actor":"daily-sync","target":"若兰","result":"success","detail":"{\"agent\":\"若兰\",\"type\":\"discovery\",\"structural_weight\":0}","audit_id":"audit_1787195504900_m6lr"}
{"timestamp":"2026-08-20T03:11:44.917Z","action":"memory.add","actor":"daily-sync","target":"若兰","result":"success","detail":"{\"agent\":\"若兰\",\"type\":\"event\",\"structural_weight\":0}","audit_id":"audit_1787195504917_8gs4"}
{"timestamp":"2026-08-20T03:11:44.934Z","action":"memory.add","actor":"daily-sync","target":"若兰","result":"success","detail":"{\"agent\":\"若兰\",\"type\":\"event\",\"structural_weight\":0}","audit_id":"audit_1787195504934_nedo"}
{"timestamp":"2026-08-20T03:11:44.962Z","action":"memory.add","actor":"daily-sync","target":"若兰","result":"success","detail":"{\"agent\":\"若兰\",\"type\":\"discovery\",\"structural_weight\":0}","audit_id":"audit_1787195504962_cuw0"}
{"timestamp":"2026-08-20T03:11:44.978Z","action":"memory.add","actor":"daily-sync","target":"若兰","result":"success","detail":"{\"agent\":\"若兰\",\"type\":\"event\",\"structural_weight\":0}","audit_id":"audit_1787195504978_esrk"}
{"timestamp":"2026-08-20T03:11:44.994Z","action":"memory.add","actor":"daily-sync","target":"若兰","result":"success","detail":"{\"agent\":\"若兰\",\"type\":\"event\",\"structural_weight\":0}","audit_id":"audit_1787195504994_y3lc"}
{"timestamp":"2026-08-20T03:11:45.010Z","action":"memory.add","actor":"daily-sync","target":"若兰","result":"success","detail":"{\"agent\":\"若兰\",\"type\":\"milestone\",\"structural_weight\":0.6}","audit_id":"audit_1787195505010_stqw"}
{"timestamp":"2026-08-20T03:11:45.028Z","action":"memory.add","actor":"daily-sync","target":"若兰","result":"success","detail":"{\"agent\":\"若兰\",\"type\":\"event\",\"structural_weight\":0}","audit_id":"audit_1787195505028_l4a9"}
{"timestamp":"2026-08-20T03:11:45.045Z","action":"memory.add","actor":"daily-sync","target":"若兰","result":"success","detail":"{\"agent\":\"若兰\",\"type\":\"lesson\",\"structural_weight\":0}","audit_id":"audit_1787195505045_3am3"}
{"timestamp":"2026-08-20T03:11:45.061Z","action":"memory.add","actor":"daily-sync","target":"若兰","result":"success","detail":"{\"agent\":\"若兰\",\"type\":\"event\",\"structural_weight\":0}","audit_id":"audit_1787195505061_w1y1"}
{"timestamp":"2026-08-20T03:11:45.076Z","action":"memory.add","actor":"daily-sync","target":"若兰","result":"success","detail":"{\"agent\":\"若兰\",\"type\":\"event\",\"structural_weight\":0}","audit_id":"audit_1787195505076_ypdp"}
{"timestamp":"2026-08-20T03:11:45.094Z","action":"memory.add","actor":"daily-sync","target":"若兰","result":"success","detail":"{\"agent\":\"若兰\",\"type\":\"fix\",\"structural_weight\":0}","audit_id":"audit_1787195505094_uw56"}
{"timestamp":"2026-08-20T03:11:45.109Z","action":"memory.add","actor":"daily-sync","target":"若兰","result":"success","detail":"{\"agent\":\"若兰\",\"type\":\"discovery\",\"structural_weight\":0}","audit_id":"audit_1787195505109_nr33"}
{"timestamp":"2026-08-20T03:11:45.124Z","action":"memory.add","actor":"daily-sync","target":"若兰","result":"success","detail":"{\"agent\":\"若兰\",\"type\":\"event\",\"structural_weight\":0}","audit_id":"audit_1787195505124_1x91"}
{"timestamp":"2026-08-20T03:11:45.147Z","action":"memory.add","actor":"daily-sync","target":"若兰","result":"success","detail":"{\"agent\":\"若兰\",\"type\":\"event\",\"structural_weight\":0}","audit_id":"audit_1787195505147_oggu"}
{"timestamp":"2026-08-20T03:11:45.170Z","action":"memory.add","actor":"daily-sync","target":"若兰","result":"success","detail":"{\"agent\":\"若兰\",\"type\":\"event\",\"structural_weight\":0}","audit_id":"audit_1787195505170_eo95"}
{"timestamp":"2026-08-20T03:11:45.183Z","action":"memory.add","actor":"daily-sync","target":"若兰","result":"success","detail":"{\"agent\":\"若兰\",\"type\":\"event\",\"structural_weight\":0}","audit_id":"audit_1787195505183_e0ci"}
{"timestamp":"2026-08-20T03:11:45.196Z","action":"memory.add","actor":"daily-sync","target":"若兰","result":"success","detail":"{\"agent\":\"若兰\",\"type\":\"event\",\"structural_weight\":0}","audit_id":"audit_1787195505196_knqp"}
{"timestamp":"2026-08-20T03:11:45.212Z","action":"memory.add","actor":"daily-sync","target":"若兰","result":"success","detail":"{\"agent\":\"若兰\",\"type\":\"event\",\"structural_weight\":0}","audit_id":"audit_1787195505212_7f9g"}
{"timestamp":"2026-08-20T03:11:45.224Z","action":"memory.add","actor":"daily-sync","target":"若兰","result":"success","detail":"{\"agent\":\"若兰\",\"type\":\"event\",\"structural_weight\":0}","audit_id":"audit_1787195505224_zhsu"}
{"timestamp":"2026-08-20T03:11:45.246Z","action":"memory.get","actor":"若兰","target":"若兰","result":"success","detail":"{\"agent\":\"若兰\",\"count\":895}","audit_id":"audit_1787195505246_td2j"}
{"timestamp":"2026-08-20T03:11:45.264Z","action":"memory.add","actor":"daily-sync","target":"若兰","result":"success","detail":"{\"agent\":\"若兰\",\"type\":\"event\",\"structural_weight\":0}","audit_id":"audit_1787195505264_n5wh"}
{"timestamp":"2026-08-20T03:11:45.282Z","action":"memory.add","actor":"daily-sync","target":"若兰","result":"success","detail":"{\"agent\":\"若兰\",\"type\":\"event\",\"structural_weight\":0}","audit_id":"audit_1787195505282_5h92"}
{"timestamp":"2026-08-20T03:11:45.296Z","action":"memory.add","actor":"daily-sync","target":"若兰","result":"success","detail":"{\"agent\":\"若兰\",\"type\":\"lesson\",\"structural_weight\":0}","audit_id":"audit_1787195505296_yfjw"}
{"timestamp":"2026-08-20T03:11:45.567Z","action":"memory.add","actor":"daily-sync","target":"若兰","result":"success","detail":"{\"agent\":\"若兰\",\"type\":\"event\",\"structural_weight\":0}","audit_id":"audit_1787195505567_hjvh"}
{"timestamp":"2026-08-20T03:11:45.589Z","action":"memory.add","actor":"daily-sync","target":"若兰","result":"success","detail":"{\"agent\":\"若兰\",\"type\":\"event\",\"structural_weight\":0}","audit_id":"audit_1787195505589_hcy1"}
{"timestamp":"2026-08-20T03:11:45.623Z","action":"memory.add","actor":"daily-sync","target":"若兰","result":"success","detail":"{\"agent\":\"若兰\",\"type\":\"event\",\"structural_weight\":0}","audit_id":"audit_1787195505623_r46j"}
{"timestamp":"2026-08-20T03:11:45.644Z","action":"memory.add","actor":"daily-sync","target":"若兰","result":"success","detail":"{\"agent\":\"若兰\",\"type\":\"event\",\"structural_weight\":0}","audit_id":"audit_1787195505644_wrqh"}
{"timestamp":"2026-08-20T03:11:45.673Z","action":"memory.add","actor":"daily-sync","target":"若兰","result":"success","detail":"{\"agent\":\"若兰\",\"type\":\"event\",\"structural_weight\":0}","audit_id":"audit_1787195505673_uyc1"}
{"timestamp":"2026-08-20T03:11:45.698Z","action":"memory.add","actor":"daily-sync","target":"若兰","result":"success","detail":"{\"agent\":\"若兰\",\"type\":\"event\",\"structural_weight\":0}","audit_id":"audit_1787195505698_tone"}
{"timestamp":"2026-08-20T03:11:45.723Z","action":"memory.add","actor":"daily-sync","target":"若兰","result":"success","detail":"{\"agent\":\"若兰\",\"type\":\"event\",\"structural_weight\":0}","audit_id":"audit_1787195505723_hcoy"}
{"timestamp":"2026-08-20T03:11:45.745Z","action":"memory.add","actor":"daily-sync","target":"若兰","result":"success","detail":"{\"agent\":\"若兰\",\"type\":\"event\",\"structural_weight\":0}","audit_id":"audit_1787195505745_l5q1"}
{"timestamp":"2026-08-20T03:11:45.764Z","action":"memory.add","actor":"daily-sync","target":"若兰","result":"success","detail":"{\"agent\":\"若兰\",\"type\":\"fix\",\"structural_weight\":0}","audit_id":"audit_1787195505764_356h"}
{"timestamp":"2026-08-20T03:11:45.779Z","action":"memory.add","actor":"daily-sync","target":"若兰","result":"success","detail":"{\"agent\":\"若兰\",\"type\":\"event\",\"structural_weight\":0}","audit_id":"audit_1787195505779_ph9p"}
{"timestamp":"2026-08-20T03:11:45.793Z","action":"memory.add","actor":"daily-sync","target":"若兰","result":"success","detail":"{\"agent\":\"若兰\",\"type\":\"event\",\"structural_weight\":0}","audit_id":"audit_1787195505793_95jv"}
{"timestamp":"2026-08-20T03:11:45.812Z","action":"memory.add","actor":"daily-sync","target":"若兰","result":"success","detail":"{\"agent\":\"若兰\",\"type\":\"event\",\"structural_weight\":0}","audit_id":"audit_1787195505812_hg9f"}
{"timestamp":"2026-08-20T03:11:45.835Z","action":"memory.add","actor":"daily-sync","target":"若兰","result":"success","detail":"{\"agent\":\"若兰\",\"type\":\"discovery\",\"structural_weight\":0}","audit_id":"audit_1787195505835_cgbc"}
{"timestamp":"2026-08-20T03:11:45.854Z","action":"memory.add","actor":"daily-sync","target":"若兰","result":"success","detail":"{\"agent\":\"若兰\",\"type\":\"event\",\"structural_weight\":0}","audit_id":"audit_1787195505854_u3v4"}
{"timestamp":"2026-08-20T03:11:45.868Z","action":"memory.add","actor":"daily-sync","target":"若兰","result":"success","detail":"{\"agent\":\"若兰\",\"type\":\"event\",\"structural_weight\":0}","audit_id":"audit_1787195505868_l8kk"}
{"timestamp":"2026-08-20T03:11:45.882Z","action":"memory.add","actor":"daily-sync","target":"若兰","result":"success","detail":"{\"agent\":\"若兰\",\"type\":\"event\",\"structural_weight\":0}","audit_id":"audit_1787195505882_nj5v"}
{"timestamp":"2026-08-20T03:11:45.897Z","action":"memory.add","actor":"daily-sync","target":"若兰","result":"success","detail":"{\"agent\":\"若兰\",\"type\":\"discovery\",\"structural_weight\":0}","audit_id":"audit_1787195505897_brkq"}
{"timestamp":"2026-08-20T03:11:45.914Z","action":"memory.add","actor":"daily-sync","target":"若兰","result":"success","detail":"{\"agent\":\"若兰\",\"type\":\"event\",\"structural_weight\":0}","audit_id":"audit_1787195505914_1fvr"}
{"timestamp":"2026-08-20T03:11:45.928Z","action":"memory.add","actor":"daily-sync","target":"若兰","result":"success","detail":"{\"agent\":\"若兰\",\"type\":\"event\",\"structural_weight\":0}","audit_id":"audit_1787195505928_5dlb"}
{"timestamp":"2026-08-20T03:11:45.942Z","action":"memory.add","actor":"daily-sync","target":"若兰","result":"success","detail":"{\"agent\":\"若兰\",\"type\":\"event\",\"structural_weight\":0}","audit_id":"audit_1787195505942_smc7"}
{"timestamp":"2026-08-20T03:11:45.958Z","action":"memory.add","actor":"daily-sync","target":"若兰","result":"success","detail":"{\"agent\":\"若兰\",\"type\":\"event\",\"structural_weight\":0}","audit_id":"audit_1787195505958_h6cq"}
{"timestamp":"2026-08-20T03:11:45.992Z","action":"memory.add","actor":"daily-sync","target":"若兰","result":"success","detail":"{\"agent\":\"若兰\",\"type\":\"event\",\"structural_weight\":0}","audit_id":"audit_1787195505992_8q2i"}
{"timestamp":"2026-08-20T03:11:46.006Z","action":"memory.add","actor":"daily-sync","target":"若兰","result":"success","detail":"{\"agent\":\"若兰\",\"type\":\"event\",\"structural_weight\":0}","audit_id":"audit_1787195506006_ptrt"}
{"timestamp":"2026-08-20T03:11:46.021Z","action":"memory.add","actor":"daily-sync","target":"若兰","result":"success","detail":"{\"agent\":\"若兰\",\"type\":\"event\",\"structural_weight\":0}","audit_id":"audit_1787195506021_h41k"}
{"timestamp":"2026-08-20T03:11:46.040Z","action":"memory.add","actor":"daily-sync","target":"若兰","result":"success","detail":"{\"agent\":\"若兰\",\"type\":\"discovery\",\"structural_weight\":0}","audit_id":"audit_1787195506040_s0rv"}
{"timestamp":"2026-08-20T03:11:46.057Z","action":"memory.add","actor":"daily-sync","target":"若兰","result":"success","detail":"{\"agent\":\"若兰\",\"type\":\"discovery\",\"structural_weight\":0}","audit_id":"audit_1787195506057_lzzp"}
{"timestamp":"2026-08-20T03:11:46.075Z","action":"memory.add","actor":"daily-sync","target":"若兰","result":"success","detail":"{\"agent\":\"若兰\",\"type\":\"discovery\",\"structural_weight\":0}","audit_id":"audit_1787195506075_7g4b"}
{"timestamp":"2026-08-20T03:11:46.089Z","action":"memory.add","actor":"daily-sync","target":"若兰","result":"success","detail":"{\"agent\":\"若兰\",\"type\":\"event\",\"structural_weight\":0}","audit_id":"audit_1787195506089_nlq8"}
{"timestamp":"2026-08-20T03:11:46.104Z","action":"memory.add","actor":"daily-sync","target":"若兰","result":"success","detail":"{\"agent\":\"若兰\",\"type\":\"event\",\"structural_weight\":0}","audit_id":"audit_1787195506104_5tg0"}
{"timestamp":"2026-08-20T03:11:46.122Z","action":"memory.add","actor":"daily-sync","target":"若兰","result":"success","detail":"{\"agent\":\"若兰\",\"type\":\"event\",\"structural_weight\":0}","audit_id":"audit_1787195506122_zcco"}
{"timestamp":"2026-08-20T03:11:46.146Z","action":"memory.add","actor":"daily-sync","target":"若兰","result":"success","detail":"{\"agent\":\"若兰\",\"type\":\"event\",\"structural_weight\":0}","audit_id":"audit_1787195506146_ph6a"}
{"timestamp":"2026-08-20T03:11:46.160Z","action":"memory.add","actor":"daily-sync","target":"若兰","result":"success","detail":"{\"agent\":\"若兰\",\"type\":\"event\",\"structural_weight\":0}","audit_id":"audit_1787195506160_sch4"}
{"timestamp":"2026-08-20T03:11:46.175Z","action":"memory.add","actor":"daily-sync","target":"若兰","result":"success","detail":"{\"agent\":\"若兰\",\"type\":\"todo\",\"structural_weight\":0}","audit_id":"audit_1787195506175_d0np"}
{"timestamp":"2026-08-20T03:11:46.194Z","action":"memory.add","actor":"daily-sync","target":"若兰","result":"success","detail":"{\"agent\":\"若兰\",\"type\":\"event\",\"structural_weight\":0}","audit_id":"audit_1787195506194_xfpx"}
{"timestamp":"2026-08-20T03:11:46.207Z","action":"memory.add","actor":"daily-sync","target":"若兰","result":"success","detail":"{\"agent\":\"若兰\",\"type\":\"event\",\"structural_weight\":0}","audit_id":"audit_1787195506207_p6fb"}
{"timestamp":"2026-08-20T03:11:46.221Z","action":"memory.add","actor":"daily-sync","target":"若兰","result":"success","detail":"{\"agent\":\"若兰\",\"type\":\"milestone\",\"structural_weight\":0.6}","audit_id":"audit_1787195506221_ypnn"}
{"timestamp":"2026-08-20T03:11:46.263Z","action":"memory.add","actor":"daily-sync","target":"若兰","result":"success","detail":"{\"agent\":\"若兰\",\"type\":\"milestone\",\"structural_weight\":0.6}","audit_id":"audit_1787195506263_zk0p"}
{"timestamp":"2026-08-20T03:11:46.283Z","action":"memory.add","actor":"daily-sync","target":"若兰","result":"success","detail":"{\"agent\":\"若兰\",\"type\":\"event\",\"structural_weight\":0}","audit_id":"audit_1787195506283_g6r1"}
{"timestamp":"2026-08-20T03:11:46.305Z","action":"memory.add","actor":"daily-sync","target":"若兰","result":"success","detail":"{\"agent\":\"若兰\",\"type\":\"milestone\",\"structural_weight\":0.6}","audit_id":"audit_1787195506305_x714"}
{"timestamp":"2026-08-20T03:11:46.327Z","action":"memory.add","actor":"daily-sync","target":"若兰","result":"success","detail":"{\"agent\":\"若兰\",\"type\":\"event\",\"structural_weight\":0}","audit_id":"audit_1787195506327_4o7u"}
{"timestamp":"2026-08-20T03:11:46.343Z","action":"memory.add","actor":"daily-sync","target":"若兰","result":"success","detail":"{\"agent\":\"若兰\",\"type\":\"event\",\"structural_weight\":0}","audit_id":"audit_1787195506343_y1w2"}
{"timestamp":"2026-08-20T03:11:46.358Z","action":"memory.add","actor":"daily-sync","target":"若兰","result":"success","detail":"{\"agent\":\"若兰\",\"type\":\"discovery\",\"structural_weight\":0}","audit_id":"audit_1787195506358_fne0"}
{"timestamp":"2026-08-20T03:11:46.373Z","action":"memory.add","actor":"daily-sync","target":"若兰","result":"success","detail":"{\"agent\":\"若兰\",\"type\":\"fix\",\"structural_weight\":0}","audit_id":"audit_1787195506373_x0t7"}
{"timestamp":"2026-08-20T03:11:46.389Z","action":"memory.add","actor":"daily-sync","target":"若兰","result":"success","detail":"{\"agent\":\"若兰\",\"type\":\"fix\",\"structural_weight\":0}","audit_id":"audit_1787195506389_as4o"}
{"timestamp":"2026-08-20T03:11:46.408Z","action":"memory.add","actor":"daily-sync","target":"若兰","result":"success","detail":"{\"agent\":\"若兰\",\"type\":\"lesson\",\"structural_weight\":0}","audit_id":"audit_1787195506408_lq8i"}
{"timestamp":"2026-08-20T03:11:46.424Z","action":"memory.add","actor":"daily-sync","target":"若兰","result":"success","detail":"{\"agent\":\"若兰\",\"type\":\"fix\",\"structural_weight\":0}","audit_id":"audit_1787195506424_a7dw"}
{"timestamp":"2026-08-20T03:11:46.447Z","action":"memory.add","actor":"daily-sync","target":"若兰","result":"success","detail":"{\"agent\":\"若兰\",\"type\":\"event\",\"structural_weight\":0}","audit_id":"audit_1787195506447_r2mh"}
{"timestamp":"2026-08-20T03:11:46.463Z","action":"memory.add","actor":"daily-sync","target":"若兰","result":"success","detail":"{\"agent\":\"若兰\",\"type\":\"todo\",\"structural_weight\":0}","audit_id":"audit_1787195506463_ord5"}
{"timestamp":"2026-08-20T03:11:46.478Z","action":"memory.add","actor":"daily-sync","target":"若兰","result":"success","detail":"{\"agent\":\"若兰\",\"type\":\"decision\",\"structural_weight\":0.6}","audit_id":"audit_1787195506478_iybk"}
{"timestamp":"2026-08-20T03:11:46.496Z","action":"memory.add","actor":"daily-sync","target":"若兰","result":"success","detail":"{\"agent\":\"若兰\",\"type\":\"decision\",\"structural_weight\":0.6}","audit_id":"audit_1787195506496_e0vd"}
{"timestamp":"2026-08-20T03:11:46.517Z","action":"memory.add","actor":"daily-sync","target":"若兰","result":"success","detail":"{\"agent\":\"若兰\",\"type\":\"todo\",\"structural_weight\":0}","audit_id":"audit_1787195506517_6i26"}
{"timestamp":"2026-08-20T03:11:46.532Z","action":"memory.add","actor":"daily-sync","target":"若兰","result":"success","detail":"{\"agent\":\"若兰\",\"type\":\"discovery\",\"structural_weight\":0}","audit_id":"audit_1787195506532_grfe"}
{"timestamp":"2026-08-20T03:11:46.549Z","action":"memory.add","actor":"daily-sync","target":"若兰","result":"success","detail":"{\"agent\":\"若兰\",\"type\":\"event\",\"structural_weight\":0}","audit_id":"audit_1787195506549_npkw"}
{"timestamp":"2026-08-20T03:11:46.570Z","action":"memory.add","actor":"daily-sync","target":"若兰","result":"success","detail":"{\"agent\":\"若兰\",\"type\":\"todo\",\"structural_weight\":0}","audit_id":"audit_1787195506570_93wt"}
{"timestamp":"2026-08-20T03:11:46.589Z","action":"memory.add","actor":"daily-sync","target":"若兰","result":"success","detail":"{\"agent\":\"若兰\",\"type\":\"event\",\"structural_weight\":0}","audit_id":"audit_1787195506589_q1en"}
{"timestamp":"2026-08-20T03:11:46.606Z","action":"memory.add","actor":"daily-sync","target":"若兰","result":"success","detail":"{\"agent\":\"若兰\",\"type\":\"event\",\"structural_weight\":0}","audit_id":"audit_1787195506606_k59x"}
{"timestamp":"2026-08-20T03:11:46.627Z","action":"memory.add","actor":"daily-sync","target":"若兰","result":"success","detail":"{\"agent\":\"若兰\",\"type\":\"discovery\",\"structural_weight\":0}","audit_id":"audit_1787195506627_f5uc"}
{"timestamp":"2026-08-20T03:11:46.646Z","action":"memory.add","actor":"daily-sync","target":"若兰","result":"success","detail":"{\"agent\":\"若兰\",\"type\":\"lesson\",\"structural_weight\":0}","audit_id":"audit_1787195506646_0zar"}
{"timestamp":"2026-08-20T03:11:46.666Z","action":"memory.add","actor":"daily-sync","target":"若兰","result":"success","detail":"{\"agent\":\"若兰\",\"type\":\"discovery\",\"structural_weight\":0}","audit_id":"audit_1787195506666_rzqe"}
{"timestamp":"2026-08-20T03:11:46.777Z","action":"memory.add","actor":"daily-sync","target":"若兰","result":"success","detail":"{\"agent\":\"若兰\",\"type\":\"milestone\",\"structural_weight\":0.6}","audit_id":"audit_1787195506777_kxuy"}
{"timestamp":"2026-08-20T03:11:46.795Z","action":"memory.add","actor":"daily-sync","target":"若兰","result":"success","detail":"{\"agent\":\"若兰\",\"type\":\"event\",\"structural_weight\":0}","audit_id":"audit_1787195506795_p0ce"}
{"timestamp":"2026-08-20T03:11:46.809Z","action":"memory.add","actor":"daily-sync","target":"若兰","result":"success","detail":"{\"agent\":\"若兰\",\"type\":\"event\",\"structural_weight\":0}","audit_id":"audit_1787195506809_qe7c"}
{"timestamp":"2026-08-20T03:11:46.831Z","action":"memory.add","actor":"daily-sync","target":"若兰","result":"success","detail":"{\"agent\":\"若兰\",\"type\":\"milestone\",\"structural_weight\":0.6}","audit_id":"audit_1787195506831_nv0q"}
{"timestamp":"2026-08-20T03:11:46.848Z","action":"memory.add","actor":"daily-sync","target":"若兰","result":"success","detail":"{\"agent\":\"若兰\",\"type\":\"discovery\",\"structural_weight\":0}","audit_id":"audit_1787195506848_ld44"}
{"timestamp":"2026-08-20T03:11:46.873Z","action":"memory.add","actor":"daily-sync","target":"若兰","result":"success","detail":"{\"agent\":\"若兰\",\"type\":\"todo\",\"structural_weight\":0}","audit_id":"audit_1787195506873_cm5t"}
{"timestamp":"2026-08-20T03:11:46.893Z","action":"memory.add","actor":"daily-sync","target":"若兰","result":"success","detail":"{\"agent\":\"若兰\",\"type\":\"event\",\"structural_weight\":0}","audit_id":"audit_1787195506893_8qxj"}
{"timestamp":"2026-08-20T03:11:46.918Z","action":"memory.add","actor":"daily-sync","target":"若兰","result":"success","detail":"{\"agent\":\"若兰\",\"type\":\"event\",\"structural_weight\":0}","audit_id":"audit_1787195506918_wjtb"}
{"timestamp":"2026-08-20T03:11:46.949Z","action":"memory.add","actor":"daily-sync","target":"若兰","result":"success","detail":"{\"agent\":\"若兰\",\"type\":\"discovery\",\"structural_weight\":0}","audit_id":"audit_1787195506949_qesq"}
{"timestamp":"2026-08-20T03:11:46.964Z","action":"memory.add","actor":"daily-sync","target":"若兰","result":"success","detail":"{\"agent\":\"若兰\",\"type\":\"discovery\",\"structural_weight\":0}","audit_id":"audit_1787195506964_ble7"}
{"timestamp":"2026-08-20T03:11:46.978Z","action":"memory.add","actor":"daily-sync","target":"若兰","result":"success","detail":"{\"agent\":\"若兰\",\"type\":\"discovery\",\"structural_weight\":0}","audit_id":"audit_1787195506978_v8s7"}
{"timestamp":"2026-08-20T03:11:46.994Z","action":"memory.add","actor":"daily-sync","target":"若兰","result":"success","detail":"{\"agent\":\"若兰\",\"type\":\"discovery\",\"structural_weight\":0}","audit_id":"audit_1787195506994_ssg0"}
{"timestamp":"2026-08-20T03:11:47.012Z","action":"memory.add","actor":"daily-sync","target":"若兰","result":"success","detail":"{\"agent\":\"若兰\",\"type\":\"event\",\"structural_weight\":0}","audit_id":"audit_1787195507012_9ajn"}
{"timestamp":"2026-08-20T03:11:47.030Z","action":"memory.add","actor":"daily-sync","target":"若兰","result":"success","detail":"{\"agent\":\"若兰\",\"type\":\"event\",\"structural_weight\":0}","audit_id":"audit_1787195507030_gggy"}
{"timestamp":"2026-08-20T03:11:47.049Z","action":"memory.add","actor":"daily-sync","target":"若兰","result":"success","detail":"{\"agent\":\"若兰\",\"type\":\"event\",\"structural_weight\":0}","audit_id":"audit_1787195507049_hd4q"}
{"timestamp":"2026-08-20T03:11:47.065Z","action":"memory.add","actor":"daily-sync","target":"若兰","result":"success","detail":"{\"agent\":\"若兰\",\"type\":\"discovery\",\"structural_weight\":0}","audit_id":"audit_1787195507065_twiu"}
{"timestamp":"2026-08-20T03:11:47.080Z","action":"memory.add","actor":"daily-sync","target":"若兰","result":"success","detail":"{\"agent\":\"若兰\",\"type\":\"discovery\",\"structural_weight\":0}","audit_id":"audit_1787195507080_3s80"}
{"timestamp":"2026-08-20T03:11:47.097Z","action":"memory.add","actor":"daily-sync","target":"若兰","result":"success","detail":"{\"agent\":\"若兰\",\"type\":\"event\",\"structural_weight\":0}","audit_id":"audit_1787195507097_a4s5"}
{"timestamp":"2026-08-20T03:11:47.116Z","action":"memory.add","actor":"daily-sync","target":"若兰","result":"success","detail":"{\"agent\":\"若兰\",\"type\":\"event\",\"structural_weight\":0}","audit_id":"audit_1787195507116_epbq"}
{"timestamp":"2026-08-20T03:11:47.139Z","action":"memory.add","actor":"daily-sync","target":"若兰","result":"success","detail":"{\"agent\":\"若兰\",\"type\":\"event\",\"structural_weight\":0}","audit_id":"audit_1787195507139_uurz"}
{"timestamp":"2026-08-20T03:11:47.155Z","action":"memory.add","actor":"daily-sync","target":"若兰","result":"success","detail":"{\"agent\":\"若兰\",\"type\":\"event\",\"structural_weight\":0}","audit_id":"audit_1787195507155_2o77"}
{"timestamp":"2026-08-20T03:11:47.173Z","action":"memory.add","actor":"daily-sync","target":"若兰","result":"success","detail":"{\"agent\":\"若兰\",\"type\":\"discovery\",\"structural_weight\":0}","audit_id":"audit_1787195507173_ttyj"}
{"timestamp":"2026-08-20T03:11:47.190Z","action":"memory.add","actor":"daily-sync","target":"若兰","result":"success","detail":"{\"agent\":\"若兰\",\"type\":\"event\",\"structural_weight\":0}","audit_id":"audit_1787195507190_xz0k"}
{"timestamp":"2026-08-20T03:11:47.208Z","action":"memory.add","actor":"daily-sync","target":"若兰","result":"success","detail":"{\"agent\":\"若兰\",\"type\":\"event\",\"structural_weight\":0}","audit_id":"audit_1787195507208_r7se"}
{"timestamp":"2026-08-20T03:11:47.226Z","action":"memory.add","actor":"daily-sync","target":"若兰","result":"success","detail":"{\"agent\":\"若兰\",\"type\":\"event\",\"structural_weight\":0}","audit_id":"audit_1787195507226_gtmi"}
{"timestamp":"2026-08-20T03:11:47.252Z","action":"memory.get","actor":"若兰","target":"若兰","result":"success","detail":"{\"agent\":\"若兰\",\"count\":982}","audit_id":"audit_1787195507252_fw8b"}
{"timestamp":"2026-08-20T03:11:47.280Z","action":"memory.add","actor":"daily-sync","target":"若兰","result":"success","detail":"{\"agent\":\"若兰\",\"type\":\"discovery\",\"structural_weight\":0}","audit_id":"audit_1787195507280_wm7f"}
{"timestamp":"2026-08-20T03:11:47.296Z","action":"memory.add","actor":"daily-sync","target":"若兰","result":"success","detail":"{\"agent\":\"若兰\",\"type\":\"milestone\",\"structural_weight\":0.6}","audit_id":"audit_1787195507296_20en"}
{"timestamp":"2026-08-20T03:11:47.317Z","action":"memory.add","actor":"daily-sync","target":"若兰","result":"success","detail":"{\"agent\":\"若兰\",\"type\":\"event\",\"structural_weight\":0}","audit_id":"audit_1787195507317_edyz"}
{"timestamp":"2026-08-20T03:11:47.345Z","action":"memory.add","actor":"daily-sync","target":"若兰","result":"success","detail":"{\"agent\":\"若兰\",\"type\":\"event\",\"structural_weight\":0}","audit_id":"audit_1787195507346_s5tm"}
{"timestamp":"2026-08-20T03:11:47.370Z","action":"memory.add","actor":"daily-sync","target":"若兰","result":"success","detail":"{\"agent\":\"若兰\",\"type\":\"event\",\"structural_weight\":0}","audit_id":"audit_1787195507370_ffkg"}
{"timestamp":"2026-08-20T03:11:47.388Z","action":"memory.add","actor":"daily-sync","target":"若兰","result":"success","detail":"{\"agent\":\"若兰\",\"type\":\"event\",\"structural_weight\":0}","audit_id":"audit_1787195507388_52jb"}
{"timestamp":"2026-08-20T03:11:47.440Z","action":"memory.add","actor":"daily-sync","target":"若兰","result":"success","detail":"{\"agent\":\"若兰\",\"type\":\"event\",\"structural_weight\":0}","audit_id":"audit_1787195507440_jvs4"}
{"timestamp":"2026-08-20T03:11:47.485Z","action":"memory.add","actor":"daily-sync","target":"若兰","result":"success","detail":"{\"agent\":\"若兰\",\"type\":\"event\",\"structural_weight\":0}","audit_id":"audit_1787195507485_obb4"}
{"timestamp":"2026-08-20T03:11:47.524Z","action":"memory.add","actor":"daily-sync","target":"若兰","result":"success","detail":"{\"agent\":\"若兰\",\"type\":\"event\",\"structural_weight\":0}","audit_id":"audit_1787195507524_bx3f"}
{"timestamp":"2026-08-20T03:11:47.683Z","action":"memory.add","actor":"daily-sync","target":"若兰","result":"success","detail":"{\"agent\":\"若兰\",\"type\":\"event\",\"structural_weight\":0}","audit_id":"audit_1787195507683_znzf"}
{"timestamp":"2026-08-20T03:11:47.724Z","action":"memory.add","actor":"daily-sync","target":"若兰","result":"success","detail":"{\"agent\":\"若兰\",\"type\":\"event\",\"structural_weight\":0}","audit_id":"audit_1787195507724_bx0v"}
{"timestamp":"2026-08-20T03:11:47.739Z","action":"memory.add","actor":"daily-sync","target":"若兰","result":"success","detail":"{\"agent\":\"若兰\",\"type\":\"event\",\"structural_weight\":0}","audit_id":"audit_1787195507739_c1v9"}
{"timestamp":"2026-08-20T03:11:47.754Z","action":"memory.add","actor":"daily-sync","target":"若兰","result":"success","detail":"{\"agent\":\"若兰\",\"type\":\"event\",\"structural_weight\":0}","audit_id":"audit_1787195507754_hiv0"}
{"timestamp":"2026-08-20T03:11:47.775Z","action":"memory.add","actor":"daily-sync","target":"若兰","result":"success","detail":"{\"agent\":\"若兰\",\"type\":\"event\",\"structural_weight\":0}","audit_id":"audit_1787195507775_atnp"}
{"timestamp":"2026-08-20T03:11:47.791Z","action":"memory.add","actor":"daily-sync","target":"若兰","result":"success","detail":"{\"agent\":\"若兰\",\"type\":\"event\",\"structural_weight\":0}","audit_id":"audit_1787195507791_7q61"}
{"timestamp":"2026-08-20T03:11:47.805Z","action":"memory.add","actor":"daily-sync","target":"若兰","result":"success","detail":"{\"agent\":\"若兰\",\"type\":\"event\",\"structural_weight\":0}","audit_id":"audit_1787195507805_56sj"}
{"timestamp":"2026-08-20T03:11:47.823Z","action":"memory.add","actor":"daily-sync","target":"若兰","result":"success","detail":"{\"agent\":\"若兰\",\"type\":\"fix\",\"structural_weight\":0}","audit_id":"audit_1787195507823_a27s"}
{"timestamp":"2026-08-20T03:11:47.854Z","action":"memory.add","actor":"daily-sync","target":"若兰","result":"success","detail":"{\"agent\":\"若兰\",\"type\":\"event\",\"structural_weight\":0}","audit_id":"audit_1787195507854_k4s8"}
{"timestamp":"2026-08-20T03:11:47.869Z","action":"memory.add","actor":"daily-sync","target":"若兰","result":"success","detail":"{\"agent\":\"若兰\",\"type\":\"event\",\"structural_weight\":0}","audit_id":"audit_1787195507869_nvgi"}
{"timestamp":"2026-08-20T03:11:47.888Z","action":"memory.add","actor":"daily-sync","target":"若兰","result":"success","detail":"{\"agent\":\"若兰\",\"type\":\"fix\",\"structural_weight\":0}","audit_id":"audit_1787195507889_cpy2"}
{"timestamp":"2026-08-20T03:11:47.912Z","action":"memory.add","actor":"daily-sync","target":"若兰","result":"success","detail":"{\"agent\":\"若兰\",\"type\":\"event\",\"structural_weight\":0}","audit_id":"audit_1787195507912_0zhz"}
{"timestamp":"2026-08-20T03:11:47.934Z","action":"memory.add","actor":"daily-sync","target":"若兰","result":"success","detail":"{\"agent\":\"若兰\",\"type\":\"fix\",\"structural_weight\":0}","audit_id":"audit_1787195507934_oatw"}
{"timestamp":"2026-08-20T03:11:47.955Z","action":"memory.add","actor":"daily-sync","target":"若兰","result":"success","detail":"{\"agent\":\"若兰\",\"type\":\"event\",\"structural_weight\":0}","audit_id":"audit_1787195507955_dhct"}
{"timestamp":"2026-08-20T03:11:47.983Z","action":"memory.add","actor":"daily-sync","target":"若兰","result":"success","detail":"{\"agent\":\"若兰\",\"type\":\"event\",\"structural_weight\":0}","audit_id":"audit_1787195507983_pmdo"}
{"timestamp":"2026-08-20T03:11:48.003Z","action":"memory.add","actor":"daily-sync","target":"若兰","result":"success","detail":"{\"agent\":\"若兰\",\"type\":\"milestone\",\"structural_weight\":0.6}","audit_id":"audit_1787195508003_p360"}
{"timestamp":"2026-08-20T03:11:48.029Z","action":"memory.add","actor":"daily-sync","target":"若兰","result":"success","detail":"{\"agent\":\"若兰\",\"type\":\"milestone\",\"structural_weight\":0.6}","audit_id":"audit_1787195508029_q6n7"}
{"timestamp":"2026-08-20T03:11:48.172Z","action":"memory.add","actor":"daily-sync","target":"若兰","result":"success","detail":"{\"agent\":\"若兰\",\"type\":\"milestone\",\"structural_weight\":0.6}","audit_id":"audit_1787195508172_6y26"}
{"timestamp":"2026-08-20T03:11:48.191Z","action":"memory.add","actor":"daily-sync","target":"若兰","result":"success","detail":"{\"agent\":\"若兰\",\"type\":\"milestone\",\"structural_weight\":0.6}","audit_id":"audit_1787195508191_zov1"}
{"timestamp":"2026-08-20T03:11:48.207Z","action":"memory.add","actor":"daily-sync","target":"若兰","result":"success","detail":"{\"agent\":\"若兰\",\"type\":\"event\",\"structural_weight\":0}","audit_id":"audit_1787195508207_anvv"}
{"timestamp":"2026-08-20T03:11:48.221Z","action":"memory.add","actor":"daily-sync","target":"若兰","result":"success","detail":"{\"agent\":\"若兰\",\"type\":\"event\",\"structural_weight\":0}","audit_id":"audit_1787195508221_d71x"}
{"timestamp":"2026-08-20T03:11:48.237Z","action":"memory.add","actor":"daily-sync","target":"若兰","result":"success","detail":"{\"agent\":\"若兰\",\"type\":\"event\",\"structural_weight\":0}","audit_id":"audit_1787195508237_juou"}
{"timestamp":"2026-08-20T03:11:48.252Z","action":"memory.add","actor":"daily-sync","target":"若兰","result":"success","detail":"{\"agent\":\"若兰\",\"type\":\"event\",\"structural_weight\":0}","audit_id":"audit_1787195508252_sxeo"}
{"timestamp":"2026-08-20T03:11:48.280Z","action":"memory.add","actor":"daily-sync","target":"若兰","result":"success","detail":"{\"agent\":\"若兰\",\"type\":\"milestone\",\"structural_weight\":0.6}","audit_id":"audit_1787195508280_6qe2"}
{"timestamp":"2026-08-20T03:11:48.297Z","action":"memory.add","actor":"daily-sync","target":"若兰","result":"success","detail":"{\"agent\":\"若兰\",\"type\":\"event\",\"structural_weight\":0}","audit_id":"audit_1787195508297_hzoa"}
{"timestamp":"2026-08-20T03:11:48.316Z","action":"memory.add","actor":"daily-sync","target":"若兰","result":"success","detail":"{\"agent\":\"若兰\",\"type\":\"event\",\"structural_weight\":0}","audit_id":"audit_1787195508317_jkbj"}
{"timestamp":"2026-08-20T03:11:48.335Z","action":"memory.add","actor":"daily-sync","target":"若兰","result":"success","detail":"{\"agent\":\"若兰\",\"type\":\"event\",\"structural_weight\":0}","audit_id":"audit_1787195508335_xac0"}
{"timestamp":"2026-08-20T03:11:48.351Z","action":"memory.add","actor":"daily-sync","target":"若兰","result":"success","detail":"{\"agent\":\"若兰\",\"type\":\"event\",\"structural_weight\":0}","audit_id":"audit_1787195508352_mblt"}
{"timestamp":"2026-08-20T03:11:48.366Z","action":"memory.add","actor":"daily-sync","target":"若兰","result":"success","detail":"{\"agent\":\"若兰\",\"type\":\"event\",\"structural_weight\":0}","audit_id":"audit_1787195508366_atv0"}
{"timestamp":"2026-08-20T03:11:48.383Z","action":"memory.add","actor":"daily-sync","target":"若兰","result":"success","detail":"{\"agent\":\"若兰\",\"type\":\"event\",\"structural_weight\":0}","audit_id":"audit_1787195508383_52dd"}
{"timestamp":"2026-08-20T03:11:48.398Z","action":"memory.add","actor":"daily-sync","target":"若兰","result":"success","detail":"{\"agent\":\"若兰\",\"type\":\"event\",\"structural_weight\":0}","audit_id":"audit_1787195508398_30kb"}
{"timestamp":"2026-08-20T03:11:48.413Z","action":"memory.add","actor":"daily-sync","target":"若兰","result":"success","detail":"{\"agent\":\"若兰\",\"type\":\"event\",\"structural_weight\":0}","audit_id":"audit_1787195508414_djok"}
{"timestamp":"2026-08-20T03:11:48.429Z","action":"memory.add","actor":"daily-sync","target":"若兰","result":"success","detail":"{\"agent\":\"若兰\",\"type\":\"event\",\"structural_weight\":0}","audit_id":"audit_1787195508429_7sfk"}
{"timestamp":"2026-08-20T03:11:48.445Z","action":"memory.add","actor":"daily-sync","target":"若兰","result":"success","detail":"{\"agent\":\"若兰\",\"type\":\"event\",\"structural_weight\":0}","audit_id":"audit_1787195508445_y4f2"}
{"timestamp":"2026-08-20T03:11:48.461Z","action":"memory.add","actor":"daily-sync","target":"若兰","result":"success","detail":"{\"agent\":\"若兰\",\"type\":\"event\",\"structural_weight\":0}","audit_id":"audit_1787195508461_9cxq"}
{"timestamp":"2026-08-20T03:11:48.477Z","action":"memory.add","actor":"daily-sync","target":"若兰","result":"success","detail":"{\"agent\":\"若兰\",\"type\":\"event\",\"structural_weight\":0}","audit_id":"audit_1787195508477_nsbu"}
{"timestamp":"2026-08-20T03:11:48.494Z","action":"memory.add","actor":"daily-sync","target":"若兰","result":"success","detail":"{\"agent\":\"若兰\",\"type\":\"event\",\"structural_weight\":0}","audit_id":"audit_1787195508494_q107"}
{"timestamp":"2026-08-20T03:11:48.509Z","action":"memory.add","actor":"daily-sync","target":"若兰","result":"success","detail":"{\"agent\":\"若兰\",\"type\":\"event\",\"structural_weight\":0}","audit_id":"audit_1787195508509_7o85"}
{"timestamp":"2026-08-20T03:11:48.524Z","action":"memory.add","actor":"daily-sync","target":"若兰","result":"success","detail":"{\"agent\":\"若兰\",\"type\":\"event\",\"structural_weight\":0}","audit_id":"audit_1787195508524_y17k"}
{"timestamp":"2026-08-20T03:11:48.540Z","action":"memory.add","actor":"daily-sync","target":"若兰","result":"success","detail":"{\"agent\":\"若兰\",\"type\":\"event\",\"structural_weight\":0}","audit_id":"audit_1787195508540_p6ts"}
{"timestamp":"2026-08-20T03:11:48.555Z","action":"memory.add","actor":"daily-sync","target":"若兰","result":"success","detail":"{\"agent\":\"若兰\",\"type\":\"event\",\"structural_weight\":0}","audit_id":"audit_1787195508555_d2oa"}
{"timestamp":"2026-08-20T03:11:48.571Z","action":"memory.add","actor":"daily-sync","target":"若兰","result":"success","detail":"{\"agent\":\"若兰\",\"type\":\"event\",\"structural_weight\":0}","audit_id":"audit_1787195508571_zexq"}
{"timestamp":"2026-08-20T03:11:48.587Z","action":"memory.add","actor":"daily-sync","target":"若兰","result":"success","detail":"{\"agent\":\"若兰\",\"type\":\"milestone\",\"structural_weight\":0.6}","audit_id":"audit_1787195508587_23dd"}
{"timestamp":"2026-08-20T03:11:48.602Z","action":"memory.add","actor":"daily-sync","target":"若兰","result":"success","detail":"{\"agent\":\"若兰\",\"type\":\"event\",\"structural_weight\":0}","audit_id":"audit_1787195508602_uhf5"}
{"timestamp":"2026-08-20T03:11:48.618Z","action":"memory.add","actor":"daily-sync","target":"若兰","result":"success","detail":"{\"agent\":\"若兰\",\"type\":\"event\",\"structural_weight\":0}","audit_id":"audit_1787195508618_3b4b"}
{"timestamp":"2026-08-20T03:11:48.633Z","action":"memory.add","actor":"daily-sync","target":"若兰","result":"success","detail":"{\"agent\":\"若兰\",\"type\":\"event\",\"structural_weight\":0}","audit_id":"audit_1787195508633_p9w9"}
{"timestamp":"2026-08-20T03:11:48.650Z","action":"memory.add","actor":"daily-sync","target":"若兰","result":"success","detail":"{\"agent\":\"若兰\",\"type\":\"event\",\"structural_weight\":0}","audit_id":"audit_1787195508650_x217"}
{"timestamp":"2026-08-20T03:11:48.667Z","action":"memory.add","actor":"daily-sync","target":"若兰","result":"success","detail":"{\"agent\":\"若兰\",\"type\":\"event\",\"structural_weight\":0}","audit_id":"audit_1787195508667_fp56"}
{"timestamp":"2026-08-20T03:11:48.682Z","action":"memory.add","actor":"daily-sync","target":"若兰","result":"success","detail":"{\"agent\":\"若兰\",\"type\":\"event\",\"structural_weight\":0}","audit_id":"audit_1787195508682_mau7"}
{"timestamp":"2026-08-20T03:11:48.697Z","action":"memory.add","actor":"daily-sync","target":"若兰","result":"success","detail":"{\"agent\":\"若兰\",\"type\":\"event\",\"structural_weight\":0}","audit_id":"audit_1787195508697_g2ou"}
{"timestamp":"2026-08-20T03:11:48.716Z","action":"memory.add","actor":"daily-sync","target":"若兰","result":"success","detail":"{\"agent\":\"若兰\",\"type\":\"event\",\"structural_weight\":0}","audit_id":"audit_1787195508716_pa4f"}
{"timestamp":"2026-08-20T03:11:48.737Z","action":"memory.add","actor":"daily-sync","target":"若兰","result":"success","detail":"{\"agent\":\"若兰\",\"type\":\"event\",\"structural_weight\":0}","audit_id":"audit_1787195508737_elp7"}
{"timestamp":"2026-08-20T03:11:48.752Z","action":"memory.add","actor":"daily-sync","target":"若兰","result":"success","detail":"{\"agent\":\"若兰\",\"type\":\"event\",\"structural_weight\":0}","audit_id":"audit_1787195508752_dxhn"}
{"timestamp":"2026-08-20T03:11:48.771Z","action":"memory.add","actor":"daily-sync","target":"若兰","result":"success","detail":"{\"agent\":\"若兰\",\"type\":\"todo\",\"structural_weight\":0}","audit_id":"audit_1787195508771_muf8"}
{"timestamp":"2026-08-20T03:11:48.787Z","action":"memory.add","actor":"daily-sync","target":"若兰","result":"success","detail":"{\"agent\":\"若兰\",\"type\":\"event\",\"structural_weight\":0}","audit_id":"audit_1787195508788_2zi5"}
{"timestamp":"2026-08-20T03:11:48.806Z","action":"memory.add","actor":"daily-sync","target":"若兰","result":"success","detail":"{\"agent\":\"若兰\",\"type\":\"event\",\"structural_weight\":0}","audit_id":"audit_1787195508806_476b"}
{"timestamp":"2026-08-20T03:11:48.823Z","action":"memory.add","actor":"daily-sync","target":"若兰","result":"success","detail":"{\"agent\":\"若兰\",\"type\":\"todo\",\"structural_weight\":0}","audit_id":"audit_1787195508823_rbak"}
{"timestamp":"2026-08-20T03:11:48.847Z","action":"memory.add","actor":"daily-sync","target":"若兰","result":"success","detail":"{\"agent\":\"若兰\",\"type\":\"event\",\"structural_weight\":0}","audit_id":"audit_1787195508847_z7au"}
{"timestamp":"2026-08-20T03:11:48.865Z","action":"memory.add","actor":"daily-sync","target":"若兰","result":"success","detail":"{\"agent\":\"若兰\",\"type\":\"event\",\"structural_weight\":0}","audit_id":"audit_1787195508865_bet1"}
{"timestamp":"2026-08-20T03:11:48.887Z","action":"memory.add","actor":"daily-sync","target":"若兰","result":"success","detail":"{\"agent\":\"若兰\",\"type\":\"event\",\"structural_weight\":0}","audit_id":"audit_1787195508887_cl0k"}
{"timestamp":"2026-08-20T03:11:48.903Z","action":"memory.add","actor":"daily-sync","target":"若兰","result":"success","detail":"{\"agent\":\"若兰\",\"type\":\"event\",\"structural_weight\":0}","audit_id":"audit_1787195508903_11a8"}
{"timestamp":"2026-08-20T03:11:48.924Z","action":"memory.add","actor":"daily-sync","target":"若兰","result":"success","detail":"{\"agent\":\"若兰\",\"type\":\"event\",\"structural_weight\":0}","audit_id":"audit_1787195508924_avm5"}
{"timestamp":"2026-08-20T03:11:48.946Z","action":"memory.add","actor":"daily-sync","target":"若兰","result":"success","detail":"{\"agent\":\"若兰\",\"type\":\"fix\",\"structural_weight\":0}","audit_id":"audit_1787195508946_f5d8"}
{"timestamp":"2026-08-20T03:11:48.973Z","action":"memory.add","actor":"daily-sync","target":"若兰","result":"success","detail":"{\"agent\":\"若兰\",\"type\":\"event\",\"structural_weight\":0}","audit_id":"audit_1787195508973_wxnk"}
{"timestamp":"2026-08-20T03:11:48.993Z","action":"memory.add","actor":"daily-sync","target":"若兰","result":"success","detail":"{\"agent\":\"若兰\",\"type\":\"discovery\",\"structural_weight\":0}","audit_id":"audit_1787195508993_lw2u"}
{"timestamp":"2026-08-20T03:11:49.011Z","action":"memory.add","actor":"daily-sync","target":"若兰","result":"success","detail":"{\"agent\":\"若兰\",\"type\":\"event\",\"structural_weight\":0}","audit_id":"audit_1787195509011_92xe"}
{"timestamp":"2026-08-20T03:11:49.034Z","action":"memory.add","actor":"daily-sync","target":"若兰","result":"success","detail":"{\"agent\":\"若兰\",\"type\":\"discovery\",\"structural_weight\":0}","audit_id":"audit_1787195509034_bf5p"}
{"timestamp":"2026-08-20T03:11:49.050Z","action":"memory.add","actor":"daily-sync","target":"若兰","result":"success","detail":"{\"agent\":\"若兰\",\"type\":\"event\",\"structural_weight\":0}","audit_id":"audit_1787195509050_bmcu"}
{"timestamp":"2026-08-20T03:11:49.071Z","action":"memory.add","actor":"daily-sync","target":"若兰","result":"success","detail":"{\"agent\":\"若兰\",\"type\":\"fix\",\"structural_weight\":0}","audit_id":"audit_1787195509071_alkh"}
{"timestamp":"2026-08-20T03:11:49.086Z","action":"memory.add","actor":"daily-sync","target":"若兰","result":"success","detail":"{\"agent\":\"若兰\",\"type\":\"event\",\"structural_weight\":0}","audit_id":"audit_1787195509086_uqew"}
{"timestamp":"2026-08-20T03:11:49.102Z","action":"memory.add","actor":"daily-sync","target":"若兰","result":"success","detail":"{\"agent\":\"若兰\",\"type\":\"discovery\",\"structural_weight\":0}","audit_id":"audit_1787195509102_elyj"}
{"timestamp":"2026-08-20T03:11:49.126Z","action":"memory.add","actor":"daily-sync","target":"若兰","result":"success","detail":"{\"agent\":\"若兰\",\"type\":\"fix\",\"structural_weight\":0}","audit_id":"audit_1787195509126_tjnm"}
{"timestamp":"2026-08-20T03:11:49.155Z","action":"memory.add","actor":"daily-sync","target":"若兰","result":"success","detail":"{\"agent\":\"若兰\",\"type\":\"event\",\"structural_weight\":0}","audit_id":"audit_1787195509155_j4r4"}
{"timestamp":"2026-08-20T03:11:49.182Z","action":"memory.add","actor":"daily-sync","target":"若兰","result":"success","detail":"{\"agent\":\"若兰\",\"type\":\"event\",\"structural_weight\":0}","audit_id":"audit_1787195509182_prh1"}
{"timestamp":"2026-08-20T03:11:49.197Z","action":"memory.add","actor":"daily-sync","target":"若兰","result":"success","detail":"{\"agent\":\"若兰\",\"type\":\"event\",\"structural_weight\":0}","audit_id":"audit_1787195509197_2yoo"}
{"timestamp":"2026-08-20T03:11:49.216Z","action":"memory.add","actor":"daily-sync","target":"若兰","result":"success","detail":"{\"agent\":\"若兰\",\"type\":\"fix\",\"structural_weight\":0}","audit_id":"audit_1787195509216_6ie0"}
{"timestamp":"2026-08-20T03:11:49.235Z","action":"memory.add","actor":"daily-sync","target":"若兰","result":"success","detail":"{\"agent\":\"若兰\",\"type\":\"todo\",\"structural_weight\":0}","audit_id":"audit_1787195509235_4f61"}
{"timestamp":"2026-08-20T03:11:49.254Z","action":"memory.add","actor":"daily-sync","target":"若兰","result":"success","detail":"{\"agent\":\"若兰\",\"type\":\"event\",\"structural_weight\":0}","audit_id":"audit_1787195509254_e7u4"}
{"timestamp":"2026-08-20T03:11:49.273Z","action":"memory.add","actor":"daily-sync","target":"若兰","result":"success","detail":"{\"agent\":\"若兰\",\"type\":\"event\",\"structural_weight\":0}","audit_id":"audit_1787195509273_s53f"}
{"timestamp":"2026-08-20T03:11:49.287Z","action":"memory.add","actor":"daily-sync","target":"若兰","result":"success","detail":"{\"agent\":\"若兰\",\"type\":\"event\",\"structural_weight\":0}","audit_id":"audit_1787195509287_bevy"}
{"timestamp":"2026-08-20T03:11:49.305Z","action":"memory.add","actor":"daily-sync","target":"若兰","result":"success","detail":"{\"agent\":\"若兰\",\"type\":\"event\",\"structural_weight\":0}","audit_id":"audit_1787195509305_gy42"}
{"timestamp":"2026-08-20T03:11:49.324Z","action":"memory.add","actor":"daily-sync","target":"若兰","result":"success","detail":"{\"agent\":\"若兰\",\"type\":\"event\",\"structural_weight\":0}","audit_id":"audit_1787195509324_pv3j"}
{"timestamp":"2026-08-20T03:11:49.351Z","action":"memory.add","actor":"daily-sync","target":"若兰","result":"success","detail":"{\"agent\":\"若兰\",\"type\":\"event\",\"structural_weight\":0}","audit_id":"audit_1787195509351_q6wo"}
{"timestamp":"2026-08-20T03:11:49.366Z","action":"memory.add","actor":"daily-sync","target":"若兰","result":"success","detail":"{\"agent\":\"若兰\",\"type\":\"fix\",\"structural_weight\":0}","audit_id":"audit_1787195509366_i0g2"}
{"timestamp":"2026-08-20T03:11:49.386Z","action":"memory.add","actor":"daily-sync","target":"若兰","result":"success","detail":"{\"agent\":\"若兰\",\"type\":\"event\",\"structural_weight\":0}","audit_id":"audit_1787195509386_615z"}
{"timestamp":"2026-08-20T03:11:49.509Z","action":"memory.add","actor":"daily-sync","target":"若兰","result":"success","detail":"{\"agent\":\"若兰\",\"type\":\"event\",\"structural_weight\":0}","audit_id":"audit_1787195509509_uv06"}
{"timestamp":"2026-08-20T03:11:49.528Z","action":"memory.add","actor":"daily-sync","target":"若兰","result":"success","detail":"{\"agent\":\"若兰\",\"type\":\"event\",\"structural_weight\":0}","audit_id":"audit_1787195509528_1qk5"}
{"timestamp":"2026-08-20T03:11:49.548Z","action":"memory.add","actor":"daily-sync","target":"若兰","result":"success","detail":"{\"agent\":\"若兰\",\"type\":\"decision\",\"structural_weight\":0.6}","audit_id":"audit_1787195509548_tub8"}
{"timestamp":"2026-08-20T03:11:49.566Z","action":"memory.add","actor":"daily-sync","target":"若兰","result":"success","detail":"{\"agent\":\"若兰\",\"type\":\"discovery\",\"structural_weight\":0}","audit_id":"audit_1787195509566_1u02"}
{"timestamp":"2026-08-20T03:11:49.581Z","action":"memory.add","actor":"daily-sync","target":"若兰","result":"success","detail":"{\"agent\":\"若兰\",\"type\":\"event\",\"structural_weight\":0}","audit_id":"audit_1787195509581_u6kp"}
{"timestamp":"2026-08-20T03:11:49.596Z","action":"memory.add","actor":"daily-sync","target":"若兰","result":"success","detail":"{\"agent\":\"若兰\",\"type\":\"fix\",\"structural_weight\":0}","audit_id":"audit_1787195509596_26uj"}
{"timestamp":"2026-08-20T03:11:49.622Z","action":"memory.add","actor":"daily-sync","target":"若兰","result":"success","detail":"{\"agent\":\"若兰\",\"type\":\"event\",\"structural_weight\":0}","audit_id":"audit_1787195509622_p5w2"}
{"timestamp":"2026-08-20T03:11:49.636Z","action":"memory.add","actor":"daily-sync","target":"若兰","result":"success","detail":"{\"agent\":\"若兰\",\"type\":\"event\",\"structural_weight\":0}","audit_id":"audit_1787195509636_ei9e"}
{"timestamp":"2026-08-20T03:11:49.654Z","action":"memory.add","actor":"daily-sync","target":"若兰","result":"success","detail":"{\"agent\":\"若兰\",\"type\":\"event\",\"structural_weight\":0}","audit_id":"audit_1787195509654_b59q"}
{"timestamp":"2026-08-20T03:11:49.668Z","action":"memory.add","actor":"daily-sync","target":"若兰","result":"success","detail":"{\"agent\":\"若兰\",\"type\":\"event\",\"structural_weight\":0}","audit_id":"audit_1787195509668_dbyq"}
{"timestamp":"2026-08-20T03:11:49.686Z","action":"memory.add","actor":"daily-sync","target":"若兰","result":"success","detail":"{\"agent\":\"若兰\",\"type\":\"discovery\",\"structural_weight\":0}","audit_id":"audit_1787195509686_e3bz"}
{"timestamp":"2026-08-20T03:11:49.709Z","action":"memory.add","actor":"daily-sync","target":"若兰","result":"success","detail":"{\"agent\":\"若兰\",\"type\":\"event\",\"structural_weight\":0}","audit_id":"audit_1787195509709_u16k"}
{"timestamp":"2026-08-20T03:11:49.723Z","action":"memory.add","actor":"daily-sync","target":"若兰","result":"success","detail":"{\"agent\":\"若兰\",\"type\":\"event\",\"structural_weight\":0}","audit_id":"audit_1787195509723_v07s"}
{"timestamp":"2026-08-20T03:11:49.738Z","action":"memory.add","actor":"daily-sync","target":"若兰","result":"success","detail":"{\"agent\":\"若兰\",\"type\":\"fix\",\"structural_weight\":0}","audit_id":"audit_1787195509738_z2qx"}
{"timestamp":"2026-08-20T03:11:49.752Z","action":"memory.add","actor":"daily-sync","target":"若兰","result":"success","detail":"{\"agent\":\"若兰\",\"type\":\"event\",\"structural_weight\":0}","audit_id":"audit_1787195509752_jyfk"}
{"timestamp":"2026-08-20T03:11:49.781Z","action":"memory.add","actor":"daily-sync","target":"若兰","result":"success","detail":"{\"agent\":\"若兰\",\"type\":\"event\",\"structural_weight\":0}","audit_id":"audit_1787195509781_vh92"}
{"timestamp":"2026-08-20T03:11:49.799Z","action":"memory.add","actor":"daily-sync","target":"若兰","result":"success","detail":"{\"agent\":\"若兰\",\"type\":\"event\",\"structural_weight\":0}","audit_id":"audit_1787195509799_btv7"}
{"timestamp":"2026-08-20T03:11:49.812Z","action":"memory.add","actor":"daily-sync","target":"若兰","result":"success","detail":"{\"agent\":\"若兰\",\"type\":\"event\",\"structural_weight\":0}","audit_id":"audit_1787195509812_re3i"}
{"timestamp":"2026-08-20T03:11:49.828Z","action":"memory.add","actor":"daily-sync","target":"若兰","result":"success","detail":"{\"agent\":\"若兰\",\"type\":\"event\",\"structural_weight\":0}","audit_id":"audit_1787195509828_rjug"}
{"timestamp":"2026-08-20T03:11:49.845Z","action":"memory.add","actor":"daily-sync","target":"若兰","result":"success","detail":"{\"agent\":\"若兰\",\"type\":\"event\",\"structural_weight\":0}","audit_id":"audit_1787195509845_o61s"}
{"timestamp":"2026-08-20T03:11:49.866Z","action":"memory.get","actor":"若兰","target":"若兰","result":"success","detail":"{\"agent\":\"若兰\",\"count\":1096}","audit_id":"audit_1787195509866_g1nk"}
{"timestamp":"2026-08-20T03:11:49.884Z","action":"memory.add","actor":"daily-sync","target":"若兰","result":"success","detail":"{\"agent\":\"若兰\",\"type\":\"decision\",\"structural_weight\":0.6}","audit_id":"audit_1787195509884_01w6"}
{"timestamp":"2026-08-20T03:11:49.899Z","action":"memory.add","actor":"daily-sync","target":"若兰","result":"success","detail":"{\"agent\":\"若兰\",\"type\":\"event\",\"structural_weight\":0}","audit_id":"audit_1787195509899_2pt1"}
{"timestamp":"2026-08-20T03:11:49.912Z","action":"memory.add","actor":"daily-sync","target":"若兰","result":"success","detail":"{\"agent\":\"若兰\",\"type\":\"milestone\",\"structural_weight\":0.6}","audit_id":"audit_1787195509912_5stq"}
{"timestamp":"2026-08-20T03:11:49.924Z","action":"memory.add","actor":"daily-sync","target":"若兰","result":"success","detail":"{\"agent\":\"若兰\",\"type\":\"milestone\",\"structural_weight\":0.6}","audit_id":"audit_1787195509924_bx20"}
{"timestamp":"2026-08-20T03:11:49.938Z","action":"memory.add","actor":"daily-sync","target":"若兰","result":"success","detail":"{\"agent\":\"若兰\",\"type\":\"milestone\",\"structural_weight\":0.6}","audit_id":"audit_1787195509938_c6x2"}
{"timestamp":"2026-08-20T03:11:49.956Z","action":"memory.add","actor":"daily-sync","target":"若兰","result":"success","detail":"{\"agent\":\"若兰\",\"type\":\"milestone\",\"structural_weight\":0.6}","audit_id":"audit_1787195509956_4gq1"}
{"timestamp":"2026-08-20T03:11:49.976Z","action":"memory.add","actor":"daily-sync","target":"若兰","result":"success","detail":"{\"agent\":\"若兰\",\"type\":\"todo\",\"structural_weight\":0}","audit_id":"audit_1787195509976_m75u"}
{"timestamp":"2026-08-20T03:11:50.004Z","action":"memory.add","actor":"daily-sync","target":"若兰","result":"success","detail":"{\"agent\":\"若兰\",\"type\":\"milestone\",\"structural_weight\":0.6}","audit_id":"audit_1787195510004_j6ad"}
{"timestamp":"2026-08-20T03:11:50.027Z","action":"memory.add","actor":"daily-sync","target":"若兰","result":"success","detail":"{\"agent\":\"若兰\",\"type\":\"event\",\"structural_weight\":0}","audit_id":"audit_1787195510027_9y35"}
{"timestamp":"2026-08-20T03:11:50.056Z","action":"memory.add","actor":"daily-sync","target":"若兰","result":"success","detail":"{\"agent\":\"若兰\",\"type\":\"event\",\"structural_weight\":0}","audit_id":"audit_1787195510056_p2ww"}
{"timestamp":"2026-08-20T03:11:50.080Z","action":"memory.add","actor":"daily-sync","target":"若兰","result":"success","detail":"{\"agent\":\"若兰\",\"type\":\"event\",\"structural_weight\":0}","audit_id":"audit_1787195510080_zcy8"}
{"timestamp":"2026-08-20T03:11:50.096Z","action":"memory.add","actor":"daily-sync","target":"若兰","result":"success","detail":"{\"agent\":\"若兰\",\"type\":\"event\",\"structural_weight\":0}","audit_id":"audit_1787195510096_rdeg"}
{"timestamp":"2026-08-20T03:11:50.110Z","action":"memory.add","actor":"daily-sync","target":"若兰","result":"success","detail":"{\"agent\":\"若兰\",\"type\":\"event\",\"structural_weight\":0}","audit_id":"audit_1787195510110_3thl"}
{"timestamp":"2026-08-20T03:11:50.125Z","action":"memory.add","actor":"daily-sync","target":"若兰","result":"success","detail":"{\"agent\":\"若兰\",\"type\":\"milestone\",\"structural_weight\":0.6}","audit_id":"audit_1787195510125_cdb6"}
{"timestamp":"2026-08-20T03:11:50.150Z","action":"memory.add","actor":"daily-sync","target":"若兰","result":"success","detail":"{\"agent\":\"若兰\",\"type\":\"todo\",\"structural_weight\":0}","audit_id":"audit_1787195510150_ay7k"}
{"timestamp":"2026-08-20T03:11:50.164Z","action":"memory.add","actor":"daily-sync","target":"若兰","result":"success","detail":"{\"agent\":\"若兰\",\"type\":\"event\",\"structural_weight\":0}","audit_id":"audit_1787195510164_zpfh"}
{"timestamp":"2026-08-20T03:11:50.187Z","action":"memory.add","actor":"daily-sync","target":"若兰","result":"success","detail":"{\"agent\":\"若兰\",\"type\":\"milestone\",\"structural_weight\":0.6}","audit_id":"audit_1787195510187_9yvq"}
{"timestamp":"2026-08-20T03:11:50.206Z","action":"memory.add","actor":"daily-sync","target":"若兰","result":"success","detail":"{\"agent\":\"若兰\",\"type\":\"event\",\"structural_weight\":0}","audit_id":"audit_1787195510206_mzcn"}
{"timestamp":"2026-08-20T03:11:50.223Z","action":"memory.add","actor":"daily-sync","target":"若兰","result":"success","detail":"{\"agent\":\"若兰\",\"type\":\"event\",\"structural_weight\":0}","audit_id":"audit_1787195510223_5a28"}
{"timestamp":"2026-08-20T03:11:50.238Z","action":"memory.add","actor":"daily-sync","target":"若兰","result":"success","detail":"{\"agent\":\"若兰\",\"type\":\"event\",\"structural_weight\":0}","audit_id":"audit_1787195510238_nib3"}
{"timestamp":"2026-08-20T03:11:50.255Z","action":"memory.add","actor":"daily-sync","target":"若兰","result":"success","detail":"{\"agent\":\"若兰\",\"type\":\"event\",\"structural_weight\":0}","audit_id":"audit_1787195510255_wn9g"}
{"timestamp":"2026-08-20T03:11:50.281Z","action":"memory.add","actor":"daily-sync","target":"若兰","result":"success","detail":"{\"agent\":\"若兰\",\"type\":\"event\",\"structural_weight\":0}","audit_id":"audit_1787195510281_raaq"}
{"timestamp":"2026-08-20T03:11:50.299Z","action":"memory.add","actor":"daily-sync","target":"若兰","result":"success","detail":"{\"agent\":\"若兰\",\"type\":\"event\",\"structural_weight\":0}","audit_id":"audit_1787195510299_rkdf"}
{"timestamp":"2026-08-20T03:11:50.329Z","action":"memory.add","actor":"daily-sync","target":"若兰","result":"success","detail":"{\"agent\":\"若兰\",\"type\":\"event\",\"structural_weight\":0}","audit_id":"audit_1787195510329_pwoh"}
{"timestamp":"2026-08-20T03:11:50.357Z","action":"memory.add","actor":"daily-sync","target":"若兰","result":"success","detail":"{\"agent\":\"若兰\",\"type\":\"event\",\"structural_weight\":0}","audit_id":"audit_1787195510357_ikix"}
{"timestamp":"2026-08-20T03:11:50.380Z","action":"memory.add","actor":"daily-sync","target":"若兰","result":"success","detail":"{\"agent\":\"若兰\",\"type\":\"event\",\"structural_weight\":0}","audit_id":"audit_1787195510380_2o63"}
{"timestamp":"2026-08-20T03:11:50.398Z","action":"memory.add","actor":"daily-sync","target":"若兰","result":"success","detail":"{\"agent\":\"若兰\",\"type\":\"fix\",\"structural_weight\":0}","audit_id":"audit_1787195510398_f3pa"}
{"timestamp":"2026-08-20T03:11:50.416Z","action":"memory.add","actor":"daily-sync","target":"若兰","result":"success","detail":"{\"agent\":\"若兰\",\"type\":\"event\",\"structural_weight\":0}","audit_id":"audit_1787195510416_3m6q"}
{"timestamp":"2026-08-20T03:11:50.438Z","action":"memory.add","actor":"daily-sync","target":"若兰","result":"success","detail":"{\"agent\":\"若兰\",\"type\":\"event\",\"structural_weight\":0}","audit_id":"audit_1787195510438_xcuy"}
{"timestamp":"2026-08-20T03:11:50.463Z","action":"memory.add","actor":"daily-sync","target":"若兰","result":"success","detail":"{\"agent\":\"若兰\",\"type\":\"event\",\"structural_weight\":0}","audit_id":"audit_1787195510463_eqjk"}
{"timestamp":"2026-08-20T03:11:50.496Z","action":"memory.add","actor":"daily-sync","target":"若兰","result":"success","detail":"{\"agent\":\"若兰\",\"type\":\"event\",\"structural_weight\":0}","audit_id":"audit_1787195510496_tsr8"}
{"timestamp":"2026-08-20T03:11:50.520Z","action":"memory.add","actor":"daily-sync","target":"若兰","result":"success","detail":"{\"agent\":\"若兰\",\"type\":\"event\",\"structural_weight\":0}","audit_id":"audit_1787195510520_r57j"}
{"timestamp":"2026-08-20T03:11:50.545Z","action":"memory.add","actor":"daily-sync","target":"若兰","result":"success","detail":"{\"agent\":\"若兰\",\"type\":\"event\",\"structural_weight\":0}","audit_id":"audit_1787195510545_9fmt"}
{"timestamp":"2026-08-20T03:11:50.572Z","action":"memory.add","actor":"daily-sync","target":"若兰","result":"success","detail":"{\"agent\":\"若兰\",\"type\":\"event\",\"structural_weight\":0}","audit_id":"audit_1787195510572_ur30"}
{"timestamp":"2026-08-20T03:11:50.620Z","action":"memory.add","actor":"daily-sync","target":"若兰","result":"success","detail":"{\"agent\":\"若兰\",\"type\":\"event\",\"structural_weight\":0}","audit_id":"audit_1787195510620_jsyv"}
{"timestamp":"2026-08-20T03:11:50.645Z","action":"memory.add","actor":"daily-sync","target":"若兰","result":"success","detail":"{\"agent\":\"若兰\",\"type\":\"event\",\"structural_weight\":0}","audit_id":"audit_1787195510645_us3u"}
{"timestamp":"2026-08-20T03:11:50.658Z","action":"memory.add","actor":"daily-sync","target":"若兰","result":"success","detail":"{\"agent\":\"若兰\",\"type\":\"event\",\"structural_weight\":0}","audit_id":"audit_1787195510658_vajv"}
{"timestamp":"2026-08-20T03:11:50.672Z","action":"memory.add","actor":"daily-sync","target":"若兰","result":"success","detail":"{\"agent\":\"若兰\",\"type\":\"milestone\",\"structural_weight\":0.6}","audit_id":"audit_1787195510672_367x"}
{"timestamp":"2026-08-20T03:11:50.690Z","action":"memory.add","actor":"daily-sync","target":"若兰","result":"success","detail":"{\"agent\":\"若兰\",\"type\":\"milestone\",\"structural_weight\":0.6}","audit_id":"audit_1787195510690_uoyo"}
{"timestamp":"2026-08-20T03:11:50.722Z","action":"memory.add","actor":"daily-sync","target":"若兰","result":"success","detail":"{\"agent\":\"若兰\",\"type\":\"milestone\",\"structural_weight\":0.6}","audit_id":"audit_1787195510722_6ttd"}
{"timestamp":"2026-08-20T03:11:50.752Z","action":"memory.add","actor":"daily-sync","target":"若兰","result":"success","detail":"{\"agent\":\"若兰\",\"type\":\"milestone\",\"structural_weight\":0.6}","audit_id":"audit_1787195510752_6yud"}
{"timestamp":"2026-08-20T03:11:51.269Z","action":"memory.add","actor":"daily-sync","target":"若兰","result":"success","detail":"{\"agent\":\"若兰\",\"type\":\"event\",\"structural_weight\":0}","audit_id":"audit_1787195511269_wnac"}
{"timestamp":"2026-08-20T03:11:51.300Z","action":"memory.add","actor":"daily-sync","target":"若兰","result":"success","detail":"{\"agent\":\"若兰\",\"type\":\"event\",\"structural_weight\":0}","audit_id":"audit_1787195511300_7ks0"}
{"timestamp":"2026-08-20T03:11:51.321Z","action":"memory.add","actor":"daily-sync","target":"若兰","result":"success","detail":"{\"agent\":\"若兰\",\"type\":\"event\",\"structural_weight\":0}","audit_id":"audit_1787195511321_g508"}
{"timestamp":"2026-08-20T03:11:51.342Z","action":"memory.add","actor":"daily-sync","target":"若兰","result":"success","detail":"{\"agent\":\"若兰\",\"type\":\"fix\",\"structural_weight\":0}","audit_id":"audit_1787195511342_ozzj"}
{"timestamp":"2026-08-20T03:11:51.362Z","action":"memory.add","actor":"daily-sync","target":"若兰","result":"success","detail":"{\"agent\":\"若兰\",\"type\":\"event\",\"structural_weight\":0}","audit_id":"audit_1787195511362_vcmw"}
{"timestamp":"2026-08-20T03:11:51.382Z","action":"memory.add","actor":"daily-sync","target":"若兰","result":"success","detail":"{\"agent\":\"若兰\",\"type\":\"event\",\"structural_weight\":0}","audit_id":"audit_1787195511382_0euw"}
{"timestamp":"2026-08-20T03:11:51.406Z","action":"memory.add","actor":"daily-sync","target":"若兰","result":"success","detail":"{\"agent\":\"若兰\",\"type\":\"event\",\"structural_weight\":0}","audit_id":"audit_1787195511406_4xr9"}
{"timestamp":"2026-08-20T03:11:51.421Z","action":"memory.add","actor":"daily-sync","target":"若兰","result":"success","detail":"{\"agent\":\"若兰\",\"type\":\"event\",\"structural_weight\":0}","audit_id":"audit_1787195511421_bg6y"}
{"timestamp":"2026-08-20T03:11:51.435Z","action":"memory.add","actor":"daily-sync","target":"若兰","result":"success","detail":"{\"agent\":\"若兰\",\"type\":\"decision\",\"structural_weight\":0.6}","audit_id":"audit_1787195511435_rvbd"}
{"timestamp":"2026-08-20T03:11:51.458Z","action":"memory.add","actor":"daily-sync","target":"若兰","result":"success","detail":"{\"agent\":\"若兰\",\"type\":\"event\",\"structural_weight\":0}","audit_id":"audit_1787195511458_63sc"}
{"timestamp":"2026-08-20T03:11:51.482Z","action":"memory.add","actor":"daily-sync","target":"若兰","result":"success","detail":"{\"agent\":\"若兰\",\"type\":\"event\",\"structural_weight\":0}","audit_id":"audit_1787195511482_0evw"}
{"timestamp":"2026-08-20T03:11:51.500Z","action":"memory.add","actor":"daily-sync","target":"若兰","result":"success","detail":"{\"agent\":\"若兰\",\"type\":\"event\",\"structural_weight\":0}","audit_id":"audit_1787195511500_qnrk"}
{"timestamp":"2026-08-20T03:11:51.523Z","action":"memory.add","actor":"daily-sync","target":"若兰","result":"success","detail":"{\"agent\":\"若兰\",\"type\":\"milestone\",\"structural_weight\":0.6}","audit_id":"audit_1787195511523_90im"}
{"timestamp":"2026-08-20T03:11:51.549Z","action":"memory.add","actor":"daily-sync","target":"若兰","result":"success","detail":"{\"agent\":\"若兰\",\"type\":\"milestone\",\"structural_weight\":0.6}","audit_id":"audit_1787195511549_s4jj"}
{"timestamp":"2026-08-20T03:11:51.577Z","action":"memory.add","actor":"daily-sync","target":"若兰","result":"success","detail":"{\"agent\":\"若兰\",\"type\":\"event\",\"structural_weight\":0}","audit_id":"audit_1787195511577_vvsl"}
{"timestamp":"2026-08-20T03:11:51.601Z","action":"memory.add","actor":"daily-sync","target":"若兰","result":"success","detail":"{\"agent\":\"若兰\",\"type\":\"event\",\"structural_weight\":0}","audit_id":"audit_1787195511601_fhfz"}
{"timestamp":"2026-08-20T03:11:51.620Z","action":"memory.add","actor":"daily-sync","target":"若兰","result":"success","detail":"{\"agent\":\"若兰\",\"type\":\"event\",\"structural_weight\":0}","audit_id":"audit_1787195511620_itlf"}
{"timestamp":"2026-08-20T03:11:51.637Z","action":"memory.add","actor":"daily-sync","target":"若兰","result":"success","detail":"{\"agent\":\"若兰\",\"type\":\"lesson\",\"structural_weight\":0}","audit_id":"audit_1787195511637_na9d"}
{"timestamp":"2026-08-20T03:11:51.656Z","action":"memory.add","actor":"daily-sync","target":"若兰","result":"success","detail":"{\"agent\":\"若兰\",\"type\":\"event\",\"structural_weight\":0}","audit_id":"audit_1787195511656_ihta"}
{"timestamp":"2026-08-20T03:11:51.674Z","action":"memory.add","actor":"daily-sync","target":"若兰","result":"success","detail":"{\"agent\":\"若兰\",\"type\":\"event\",\"structural_weight\":0}","audit_id":"audit_1787195511674_j50z"}
{"timestamp":"2026-08-20T03:11:51.706Z","action":"memory.add","actor":"daily-sync","target":"若兰","result":"success","detail":"{\"agent\":\"若兰\",\"type\":\"fix\",\"structural_weight\":0}","audit_id":"audit_1787195511706_v6pk"}
{"timestamp":"2026-08-20T03:11:51.735Z","action":"memory.add","actor":"daily-sync","target":"若兰","result":"success","detail":"{\"agent\":\"若兰\",\"type\":\"event\",\"structural_weight\":0}","audit_id":"audit_1787195511735_0oat"}
{"timestamp":"2026-08-20T03:11:51.768Z","action":"memory.add","actor":"daily-sync","target":"若兰","result":"success","detail":"{\"agent\":\"若兰\",\"type\":\"fix\",\"structural_weight\":0}","audit_id":"audit_1787195511768_rlx6"}
{"timestamp":"2026-08-20T03:11:51.802Z","action":"memory.add","actor":"daily-sync","target":"若兰","result":"success","detail":"{\"agent\":\"若兰\",\"type\":\"event\",\"structural_weight\":0}","audit_id":"audit_1787195511802_3zu5"}
{"timestamp":"2026-08-20T03:11:51.839Z","action":"memory.add","actor":"daily-sync","target":"若兰","result":"success","detail":"{\"agent\":\"若兰\",\"type\":\"event\",\"structural_weight\":0}","audit_id":"audit_1787195511839_of5i"}
{"timestamp":"2026-08-20T03:11:51.865Z","action":"memory.add","actor":"daily-sync","target":"若兰","result":"success","detail":"{\"agent\":\"若兰\",\"type\":\"event\",\"structural_weight\":0}","audit_id":"audit_1787195511865_0lan"}
{"timestamp":"2026-08-20T03:11:51.891Z","action":"memory.add","actor":"daily-sync","target":"若兰","result":"success","detail":"{\"agent\":\"若兰\",\"type\":\"fix\",\"structural_weight\":0}","audit_id":"audit_1787195511891_nu1l"}
{"timestamp":"2026-08-20T03:11:51.915Z","action":"memory.add","actor":"daily-sync","target":"若兰","result":"success","detail":"{\"agent\":\"若兰\",\"type\":\"event\",\"structural_weight\":0}","audit_id":"audit_1787195511915_08m7"}
{"timestamp":"2026-08-20T03:11:51.962Z","action":"memory.add","actor":"daily-sync","target":"若兰","result":"success","detail":"{\"agent\":\"若兰\",\"type\":\"event\",\"structural_weight\":0}","audit_id":"audit_1787195511962_qaz1"}
{"timestamp":"2026-08-20T03:11:51.990Z","action":"memory.add","actor":"daily-sync","target":"若兰","result":"success","detail":"{\"agent\":\"若兰\",\"type\":\"event\",\"structural_weight\":0}","audit_id":"audit_1787195511990_1xq3"}
{"timestamp":"2026-08-20T03:11:52.016Z","action":"memory.add","actor":"daily-sync","target":"若兰","result":"success","detail":"{\"agent\":\"若兰\",\"type\":\"event\",\"structural_weight\":0}","audit_id":"audit_1787195512016_fcum"}
{"timestamp":"2026-08-20T03:11:52.041Z","action":"memory.add","actor":"daily-sync","target":"若兰","result":"success","detail":"{\"agent\":\"若兰\",\"type\":\"event\",\"structural_weight\":0}","audit_id":"audit_1787195512041_evp7"}
{"timestamp":"2026-08-20T03:11:52.072Z","action":"memory.add","actor":"daily-sync","target":"若兰","result":"success","detail":"{\"agent\":\"若兰\",\"type\":\"event\",\"structural_weight\":0}","audit_id":"audit_1787195512072_b6l3"}
{"timestamp":"2026-08-20T03:11:52.099Z","action":"memory.add","actor":"daily-sync","target":"若兰","result":"success","detail":"{\"agent\":\"若兰\",\"type\":\"event\",\"structural_weight\":0}","audit_id":"audit_1787195512099_all3"}
{"timestamp":"2026-08-20T03:11:52.598Z","action":"memory.add","actor":"daily-sync","target":"若兰","result":"success","detail":"{\"agent\":\"若兰\",\"type\":\"discovery\",\"structural_weight\":0}","audit_id":"audit_1787195512598_w2yc"}
{"timestamp":"2026-08-20T03:11:52.623Z","action":"memory.add","actor":"daily-sync","target":"若兰","result":"success","detail":"{\"agent\":\"若兰\",\"type\":\"event\",\"structural_weight\":0}","audit_id":"audit_1787195512623_ku6c"}
{"timestamp":"2026-08-20T03:11:52.647Z","action":"memory.add","actor":"daily-sync","target":"若兰","result":"success","detail":"{\"agent\":\"若兰\",\"type\":\"event\",\"structural_weight\":0}","audit_id":"audit_1787195512647_agwl"}
{"timestamp":"2026-08-20T03:11:52.672Z","action":"memory.add","actor":"daily-sync","target":"若兰","result":"success","detail":"{\"agent\":\"若兰\",\"type\":\"milestone\",\"structural_weight\":0.6}","audit_id":"audit_1787195512672_06ew"}
{"timestamp":"2026-08-20T03:11:52.696Z","action":"memory.add","actor":"daily-sync","target":"若兰","result":"success","detail":"{\"agent\":\"若兰\",\"type\":\"event\",\"structural_weight\":0}","audit_id":"audit_1787195512696_vr45"}
{"timestamp":"2026-08-20T03:11:52.718Z","action":"memory.add","actor":"daily-sync","target":"若兰","result":"success","detail":"{\"agent\":\"若兰\",\"type\":\"event\",\"structural_weight\":0}","audit_id":"audit_1787195512718_308o"}
{"timestamp":"2026-08-20T03:11:52.744Z","action":"memory.add","actor":"daily-sync","target":"若兰","result":"success","detail":"{\"agent\":\"若兰\",\"type\":\"event\",\"structural_weight\":0}","audit_id":"audit_1787195512744_rl2j"}
{"timestamp":"2026-08-20T03:11:52.768Z","action":"memory.add","actor":"daily-sync","target":"若兰","result":"success","detail":"{\"agent\":\"若兰\",\"type\":\"discovery\",\"structural_weight\":0}","audit_id":"audit_1787195512768_ys31"}
{"timestamp":"2026-08-20T03:11:52.791Z","action":"memory.add","actor":"daily-sync","target":"若兰","result":"success","detail":"{\"agent\":\"若兰\",\"type\":\"event\",\"structural_weight\":0}","audit_id":"audit_1787195512791_o0az"}
{"timestamp":"2026-08-20T03:11:52.812Z","action":"memory.add","actor":"daily-sync","target":"若兰","result":"success","detail":"{\"agent\":\"若兰\",\"type\":\"event\",\"structural_weight\":0}","audit_id":"audit_1787195512812_ltbe"}
{"timestamp":"2026-08-20T03:11:52.829Z","action":"memory.add","actor":"daily-sync","target":"若兰","result":"success","detail":"{\"agent\":\"若兰\",\"type\":\"milestone\",\"structural_weight\":0.6}","audit_id":"audit_1787195512829_blu6"}
{"timestamp":"2026-08-20T03:11:52.863Z","action":"memory.add","actor":"daily-sync","target":"若兰","result":"success","detail":"{\"agent\":\"若兰\",\"type\":\"decision\",\"structural_weight\":0.6}","audit_id":"audit_1787195512863_7i5y"}
{"timestamp":"2026-08-20T03:11:52.913Z","action":"memory.add","actor":"daily-sync","target":"若兰","result":"success","detail":"{\"agent\":\"若兰\",\"type\":\"event\",\"structural_weight\":0}","audit_id":"audit_1787195512913_l758"}
{"timestamp":"2026-08-20T03:11:52.947Z","action":"memory.add","actor":"daily-sync","target":"若兰","result":"success","detail":"{\"agent\":\"若兰\",\"type\":\"event\",\"structural_weight\":0}","audit_id":"audit_1787195512947_g0ch"}
{"timestamp":"2026-08-20T03:11:52.970Z","action":"memory.add","actor":"daily-sync","target":"若兰","result":"success","detail":"{\"agent\":\"若兰\",\"type\":\"event\",\"structural_weight\":0}","audit_id":"audit_1787195512970_l7km"}
{"timestamp":"2026-08-20T03:11:52.996Z","action":"memory.add","actor":"daily-sync","target":"若兰","result":"success","detail":"{\"agent\":\"若兰\",\"type\":\"event\",\"structural_weight\":0}","audit_id":"audit_1787195512996_okzu"}
{"timestamp":"2026-08-20T03:11:53.017Z","action":"memory.add","actor":"daily-sync","target":"若兰","result":"success","detail":"{\"agent\":\"若兰\",\"type\":\"event\",\"structural_weight\":0}","audit_id":"audit_1787195513017_4ygr"}
{"timestamp":"2026-08-20T03:11:53.039Z","action":"memory.add","actor":"daily-sync","target":"若兰","result":"success","detail":"{\"agent\":\"若兰\",\"type\":\"event\",\"structural_weight\":0}","audit_id":"audit_1787195513040_0sde"}
{"timestamp":"2026-08-20T03:11:53.063Z","action":"memory.add","actor":"daily-sync","target":"若兰","result":"success","detail":"{\"agent\":\"若兰\",\"type\":\"event\",\"structural_weight\":0}","audit_id":"audit_1787195513063_mjlc"}
{"timestamp":"2026-08-20T03:11:53.091Z","action":"memory.add","actor":"daily-sync","target":"若兰","result":"success","detail":"{\"agent\":\"若兰\",\"type\":\"event\",\"structural_weight\":0}","audit_id":"audit_1787195513091_6pj0"}
{"timestamp":"2026-08-20T03:11:53.120Z","action":"memory.add","actor":"daily-sync","target":"若兰","result":"success","detail":"{\"agent\":\"若兰\",\"type\":\"event\",\"structural_weight\":0}","audit_id":"audit_1787195513120_6vko"}
{"timestamp":"2026-08-20T03:11:53.146Z","action":"memory.add","actor":"daily-sync","target":"若兰","result":"success","detail":"{\"agent\":\"若兰\",\"type\":\"event\",\"structural_weight\":0}","audit_id":"audit_1787195513146_kc5f"}
{"timestamp":"2026-08-20T03:11:53.171Z","action":"memory.add","actor":"daily-sync","target":"若兰","result":"success","detail":"{\"agent\":\"若兰\",\"type\":\"event\",\"structural_weight\":0}","audit_id":"audit_1787195513171_fd6k"}
{"timestamp":"2026-08-20T03:11:53.200Z","action":"memory.add","actor":"daily-sync","target":"若兰","result":"success","detail":"{\"agent\":\"若兰\",\"type\":\"event\",\"structural_weight\":0}","audit_id":"audit_1787195513200_odo4"}
{"timestamp":"2026-08-20T03:11:53.217Z","action":"memory.add","actor":"daily-sync","target":"若兰","result":"success","detail":"{\"agent\":\"若兰\",\"type\":\"event\",\"structural_weight\":0}","audit_id":"audit_1787195513217_kzao"}
{"timestamp":"2026-08-20T03:11:53.242Z","action":"memory.add","actor":"daily-sync","target":"若兰","result":"success","detail":"{\"agent\":\"若兰\",\"type\":\"event\",\"structural_weight\":0}","audit_id":"audit_1787195513242_aoc9"}
{"timestamp":"2026-08-20T03:11:53.265Z","action":"memory.add","actor":"daily-sync","target":"若兰","result":"success","detail":"{\"agent\":\"若兰\",\"type\":\"event\",\"structural_weight\":0}","audit_id":"audit_1787195513265_bh50"}
{"timestamp":"2026-08-20T03:11:53.294Z","action":"memory.add","actor":"daily-sync","target":"若兰","result":"success","detail":"{\"agent\":\"若兰\",\"type\":\"event\",\"structural_weight\":0}","audit_id":"audit_1787195513294_pvv0"}
{"timestamp":"2026-08-20T03:11:53.324Z","action":"memory.add","actor":"daily-sync","target":"若兰","result":"success","detail":"{\"agent\":\"若兰\",\"type\":\"event\",\"structural_weight\":0}","audit_id":"audit_1787195513324_xhat"}
{"timestamp":"2026-08-20T03:11:53.350Z","action":"memory.add","actor":"daily-sync","target":"若兰","result":"success","detail":"{\"agent\":\"若兰\",\"type\":\"event\",\"structural_weight\":0}","audit_id":"audit_1787195513350_htgv"}
{"timestamp":"2026-08-20T03:11:53.378Z","action":"memory.add","actor":"daily-sync","target":"若兰","result":"success","detail":"{\"agent\":\"若兰\",\"type\":\"event\",\"structural_weight\":0}","audit_id":"audit_1787195513378_rcgp"}
{"timestamp":"2026-08-20T03:11:53.400Z","action":"memory.add","actor":"daily-sync","target":"若兰","result":"success","detail":"{\"agent\":\"若兰\",\"type\":\"event\",\"structural_weight\":0}","audit_id":"audit_1787195513400_nykf"}
{"timestamp":"2026-08-20T03:11:53.423Z","action":"memory.add","actor":"daily-sync","target":"若兰","result":"success","detail":"{\"agent\":\"若兰\",\"type\":\"event\",\"structural_weight\":0}","audit_id":"audit_1787195513423_k3n5"}
{"timestamp":"2026-08-20T03:11:53.445Z","action":"memory.add","actor":"daily-sync","target":"若兰","result":"success","detail":"{\"agent\":\"若兰\",\"type\":\"event\",\"structural_weight\":0}","audit_id":"audit_1787195513445_ltcw"}
{"timestamp":"2026-08-20T03:11:53.484Z","action":"memory.add","actor":"daily-sync","target":"若兰","result":"success","detail":"{\"agent\":\"若兰\",\"type\":\"event\",\"structural_weight\":0}","audit_id":"audit_1787195513484_crvn"}
{"timestamp":"2026-08-20T03:11:53.651Z","action":"memory.add","actor":"daily-sync","target":"若兰","result":"success","detail":"{\"agent\":\"若兰\",\"type\":\"event\",\"structural_weight\":0}","audit_id":"audit_1787195513651_ecgd"}
{"timestamp":"2026-08-20T03:11:53.674Z","action":"memory.add","actor":"daily-sync","target":"若兰","result":"success","detail":"{\"agent\":\"若兰\",\"type\":\"event\",\"structural_weight\":0}","audit_id":"audit_1787195513674_hn9b"}
{"timestamp":"2026-08-20T03:11:53.698Z","action":"memory.add","actor":"daily-sync","target":"若兰","result":"success","detail":"{\"agent\":\"若兰\",\"type\":\"event\",\"structural_weight\":0}","audit_id":"audit_1787195513698_cfpv"}
{"timestamp":"2026-08-20T03:11:53.728Z","action":"memory.add","actor":"daily-sync","target":"若兰","result":"success","detail":"{\"agent\":\"若兰\",\"type\":\"todo\",\"structural_weight\":0}","audit_id":"audit_1787195513728_ii9a"}
{"timestamp":"2026-08-20T03:11:53.754Z","action":"memory.add","actor":"daily-sync","target":"若兰","result":"success","detail":"{\"agent\":\"若兰\",\"type\":\"event\",\"structural_weight\":0}","audit_id":"audit_1787195513754_4l42"}
{"timestamp":"2026-08-20T03:11:53.779Z","action":"memory.add","actor":"daily-sync","target":"若兰","result":"success","detail":"{\"agent\":\"若兰\",\"type\":\"event\",\"structural_weight\":0}","audit_id":"audit_1787195513779_7d9f"}
{"timestamp":"2026-08-20T03:11:53.806Z","action":"memory.add","actor":"daily-sync","target":"若兰","result":"success","detail":"{\"agent\":\"若兰\",\"type\":\"event\",\"structural_weight\":0}","audit_id":"audit_1787195513807_o7sk"}
{"timestamp":"2026-08-20T03:11:53.830Z","action":"memory.add","actor":"daily-sync","target":"若兰","result":"success","detail":"{\"agent\":\"若兰\",\"type\":\"event\",\"structural_weight\":0}","audit_id":"audit_1787195513830_n6ag"}
{"timestamp":"2026-08-20T03:11:53.854Z","action":"memory.add","actor":"daily-sync","target":"若兰","result":"success","detail":"{\"agent\":\"若兰\",\"type\":\"event\",\"structural_weight\":0}","audit_id":"audit_1787195513854_6o2c"}
{"timestamp":"2026-08-20T03:11:53.877Z","action":"memory.add","actor":"daily-sync","target":"若兰","result":"success","detail":"{\"agent\":\"若兰\",\"type\":\"event\",\"structural_weight\":0}","audit_id":"audit_1787195513877_8c7t"}
{"timestamp":"2026-08-20T03:11:53.905Z","action":"memory.add","actor":"daily-sync","target":"若兰","result":"success","detail":"{\"agent\":\"若兰\",\"type\":\"event\",\"structural_weight\":0}","audit_id":"audit_1787195513905_xfg3"}
{"timestamp":"2026-08-20T03:11:53.932Z","action":"memory.add","actor":"daily-sync","target":"若兰","result":"success","detail":"{\"agent\":\"若兰\",\"type\":\"event\",\"structural_weight\":0}","audit_id":"audit_1787195513932_yonr"}
{"timestamp":"2026-08-20T03:11:53.955Z","action":"memory.add","actor":"daily-sync","target":"若兰","result":"success","detail":"{\"agent\":\"若兰\",\"type\":\"event\",\"structural_weight\":0}","audit_id":"audit_1787195513955_2w4x"}
{"timestamp":"2026-08-20T03:11:53.982Z","action":"memory.add","actor":"daily-sync","target":"若兰","result":"success","detail":"{\"agent\":\"若兰\",\"type\":\"event\",\"structural_weight\":0}","audit_id":"audit_1787195513982_uyal"}
{"timestamp":"2026-08-20T03:11:54.013Z","action":"memory.add","actor":"daily-sync","target":"若兰","result":"success","detail":"{\"agent\":\"若兰\",\"type\":\"event\",\"structural_weight\":0}","audit_id":"audit_1787195514013_ra8w"}
{"timestamp":"2026-08-20T03:11:54.040Z","action":"memory.add","actor":"daily-sync","target":"若兰","result":"success","detail":"{\"agent\":\"若兰\",\"type\":\"event\",\"structural_weight\":0}","audit_id":"audit_1787195514040_nwp7"}
{"timestamp":"2026-08-20T03:11:54.064Z","action":"memory.add","actor":"daily-sync","target":"若兰","result":"success","detail":"{\"agent\":\"若兰\",\"type\":\"event\",\"structural_weight\":0}","audit_id":"audit_1787195514064_p8sh"}
{"timestamp":"2026-08-20T03:11:54.082Z","action":"memory.add","actor":"daily-sync","target":"若兰","result":"success","detail":"{\"agent\":\"若兰\",\"type\":\"event\",\"structural_weight\":0}","audit_id":"audit_1787195514082_yogq"}
{"timestamp":"2026-08-20T03:11:54.103Z","action":"memory.add","actor":"daily-sync","target":"若兰","result":"success","detail":"{\"agent\":\"若兰\",\"type\":\"event\",\"structural_weight\":0}","audit_id":"audit_1787195514103_qj7h"}
{"timestamp":"2026-08-20T03:11:54.132Z","action":"memory.add","actor":"daily-sync","target":"若兰","result":"success","detail":"{\"agent\":\"若兰\",\"type\":\"event\",\"structural_weight\":0}","audit_id":"audit_1787195514132_w9kn"}
{"timestamp":"2026-08-20T03:11:54.156Z","action":"memory.add","actor":"daily-sync","target":"若兰","result":"success","detail":"{\"agent\":\"若兰\",\"type\":\"event\",\"structural_weight\":0}","audit_id":"audit_1787195514156_5lbf"}
{"timestamp":"2026-08-20T03:11:54.182Z","action":"memory.add","actor":"daily-sync","target":"若兰","result":"success","detail":"{\"agent\":\"若兰\",\"type\":\"event\",\"structural_weight\":0}","audit_id":"audit_1787195514182_9861"}
{"timestamp":"2026-08-20T03:11:54.210Z","action":"memory.add","actor":"daily-sync","target":"若兰","result":"success","detail":"{\"agent\":\"若兰\",\"type\":\"event\",\"structural_weight\":0}","audit_id":"audit_1787195514210_2jhp"}
{"timestamp":"2026-08-20T03:11:54.247Z","action":"memory.add","actor":"daily-sync","target":"若兰","result":"success","detail":"{\"agent\":\"若兰\",\"type\":\"event\",\"structural_weight\":0}","audit_id":"audit_1787195514247_30tt"}
{"timestamp":"2026-08-20T03:11:54.263Z","action":"memory.add","actor":"daily-sync","target":"若兰","result":"success","detail":"{\"agent\":\"若兰\",\"type\":\"event\",\"structural_weight\":0}","audit_id":"audit_1787195514263_enhe"}
{"timestamp":"2026-08-20T03:11:54.287Z","action":"memory.add","actor":"daily-sync","target":"若兰","result":"success","detail":"{\"agent\":\"若兰\",\"type\":\"event\",\"structural_weight\":0}","audit_id":"audit_1787195514288_a2lh"}
{"timestamp":"2026-08-20T03:11:54.318Z","action":"memory.add","actor":"daily-sync","target":"若兰","result":"success","detail":"{\"agent\":\"若兰\",\"type\":\"event\",\"structural_weight\":0}","audit_id":"audit_1787195514318_0cik"}
{"timestamp":"2026-08-20T03:11:54.338Z","action":"memory.add","actor":"daily-sync","target":"若兰","result":"success","detail":"{\"agent\":\"若兰\",\"type\":\"event\",\"structural_weight\":0}","audit_id":"audit_1787195514338_7iuo"}
{"timestamp":"2026-08-20T03:11:54.359Z","action":"memory.add","actor":"daily-sync","target":"若兰","result":"success","detail":"{\"agent\":\"若兰\",\"type\":\"event\",\"structural_weight\":0}","audit_id":"audit_1787195514359_uxe2"}
{"timestamp":"2026-08-20T03:11:54.382Z","action":"memory.add","actor":"daily-sync","target":"若兰","result":"success","detail":"{\"agent\":\"若兰\",\"type\":\"event\",\"structural_weight\":0}","audit_id":"audit_1787195514382_ekb6"}
{"timestamp":"2026-08-20T03:11:54.411Z","action":"memory.add","actor":"daily-sync","target":"若兰","result":"success","detail":"{\"agent\":\"若兰\",\"type\":\"event\",\"structural_weight\":0}","audit_id":"audit_1787195514411_4pol"}
{"timestamp":"2026-08-20T03:11:54.434Z","action":"memory.add","actor":"daily-sync","target":"若兰","result":"success","detail":"{\"agent\":\"若兰\",\"type\":\"event\",\"structural_weight\":0}","audit_id":"audit_1787195514434_d1rc"}
{"timestamp":"2026-08-20T03:11:54.460Z","action":"memory.add","actor":"daily-sync","target":"若兰","result":"success","detail":"{\"agent\":\"若兰\",\"type\":\"event\",\"structural_weight\":0}","audit_id":"audit_1787195514460_nwk3"}
{"timestamp":"2026-08-20T03:11:54.496Z","action":"memory.add","actor":"daily-sync","target":"若兰","result":"success","detail":"{\"agent\":\"若兰\",\"type\":\"event\",\"structural_weight\":0}","audit_id":"audit_1787195514496_tbfb"}
{"timestamp":"2026-08-20T03:11:54.524Z","action":"memory.add","actor":"daily-sync","target":"若兰","result":"success","detail":"{\"agent\":\"若兰\",\"type\":\"event\",\"structural_weight\":0}","audit_id":"audit_1787195514524_k30h"}
{"timestamp":"2026-08-20T03:11:54.549Z","action":"memory.add","actor":"daily-sync","target":"若兰","result":"success","detail":"{\"agent\":\"若兰\",\"type\":\"event\",\"structural_weight\":0}","audit_id":"audit_1787195514549_tgp9"}
{"timestamp":"2026-08-20T03:11:54.574Z","action":"memory.add","actor":"daily-sync","target":"若兰","result":"success","detail":"{\"agent\":\"若兰\",\"type\":\"event\",\"structural_weight\":0}","audit_id":"audit_1787195514574_w6nb"}
{"timestamp":"2026-08-20T03:11:54.601Z","action":"memory.add","actor":"daily-sync","target":"若兰","result":"success","detail":"{\"agent\":\"若兰\",\"type\":\"event\",\"structural_weight\":0}","audit_id":"audit_1787195514601_v37n"}
{"timestamp":"2026-08-20T03:11:54.628Z","action":"memory.add","actor":"daily-sync","target":"若兰","result":"success","detail":"{\"agent\":\"若兰\",\"type\":\"event\",\"structural_weight\":0}","audit_id":"audit_1787195514628_duru"}
{"timestamp":"2026-08-20T03:11:54.661Z","action":"memory.add","actor":"daily-sync","target":"若兰","result":"success","detail":"{\"agent\":\"若兰\",\"type\":\"event\",\"structural_weight\":0}","audit_id":"audit_1787195514661_ehsd"}
{"timestamp":"2026-08-20T03:11:54.684Z","action":"memory.add","actor":"daily-sync","target":"若兰","result":"success","detail":"{\"agent\":\"若兰\",\"type\":\"event\",\"structural_weight\":0}","audit_id":"audit_1787195514684_40zd"}
{"timestamp":"2026-08-20T03:11:54.711Z","action":"memory.add","actor":"daily-sync","target":"若兰","result":"success","detail":"{\"agent\":\"若兰\",\"type\":\"event\",\"structural_weight\":0}","audit_id":"audit_1787195514711_efdg"}
{"timestamp":"2026-08-20T03:11:54.738Z","action":"memory.add","actor":"daily-sync","target":"若兰","result":"success","detail":"{\"agent\":\"若兰\",\"type\":\"event\",\"structural_weight\":0}","audit_id":"audit_1787195514738_re8g"}
{"timestamp":"2026-08-20T03:11:54.765Z","action":"memory.add","actor":"daily-sync","target":"若兰","result":"success","detail":"{\"agent\":\"若兰\",\"type\":\"event\",\"structural_weight\":0}","audit_id":"audit_1787195514765_1a7h"}
{"timestamp":"2026-08-20T03:11:54.791Z","action":"memory.add","actor":"daily-sync","target":"若兰","result":"success","detail":"{\"agent\":\"若兰\",\"type\":\"event\",\"structural_weight\":0}","audit_id":"audit_1787195514792_j6oc"}
{"timestamp":"2026-08-20T03:11:54.821Z","action":"memory.add","actor":"daily-sync","target":"若兰","result":"success","detail":"{\"agent\":\"若兰\",\"type\":\"event\",\"structural_weight\":0}","audit_id":"audit_1787195514821_btw2"}
{"timestamp":"2026-08-20T03:11:55.306Z","action":"memory.add","actor":"daily-sync","target":"若兰","result":"success","detail":"{\"agent\":\"若兰\",\"type\":\"event\",\"structural_weight\":0}","audit_id":"audit_1787195515306_0mi1"}
{"timestamp":"2026-08-20T03:11:55.340Z","action":"memory.add","actor":"daily-sync","target":"若兰","result":"success","detail":"{\"agent\":\"若兰\",\"type\":\"event\",\"structural_weight\":0}","audit_id":"audit_1787195515340_8q1e"}
{"timestamp":"2026-08-20T03:11:55.367Z","action":"memory.add","actor":"daily-sync","target":"若兰","result":"success","detail":"{\"agent\":\"若兰\",\"type\":\"event\",\"structural_weight\":0}","audit_id":"audit_1787195515367_mtzi"}
{"timestamp":"2026-08-20T03:11:55.395Z","action":"memory.add","actor":"daily-sync","target":"若兰","result":"success","detail":"{\"agent\":\"若兰\",\"type\":\"event\",\"structural_weight\":0}","audit_id":"audit_1787195515395_1f3x"}
{"timestamp":"2026-08-20T03:11:55.415Z","action":"memory.add","actor":"daily-sync","target":"若兰","result":"success","detail":"{\"agent\":\"若兰\",\"type\":\"event\",\"structural_weight\":0}","audit_id":"audit_1787195515415_ge3x"}
{"timestamp":"2026-08-20T03:11:55.436Z","action":"memory.add","actor":"daily-sync","target":"若兰","result":"success","detail":"{\"agent\":\"若兰\",\"type\":\"event\",\"structural_weight\":0}","audit_id":"audit_1787195515436_rrd2"}
{"timestamp":"2026-08-20T03:11:55.457Z","action":"memory.add","actor":"daily-sync","target":"若兰","result":"success","detail":"{\"agent\":\"若兰\",\"type\":\"event\",\"structural_weight\":0}","audit_id":"audit_1787195515457_oyeh"}
{"timestamp":"2026-08-20T03:11:55.492Z","action":"memory.add","actor":"daily-sync","target":"若兰","result":"success","detail":"{\"agent\":\"若兰\",\"type\":\"event\",\"structural_weight\":0}","audit_id":"audit_1787195515492_gntc"}
{"timestamp":"2026-08-20T03:11:55.533Z","action":"memory.add","actor":"daily-sync","target":"若兰","result":"success","detail":"{\"agent\":\"若兰\",\"type\":\"event\",\"structural_weight\":0}","audit_id":"audit_1787195515533_40yc"}
{"timestamp":"2026-08-20T03:11:55.559Z","action":"memory.add","actor":"daily-sync","target":"若兰","result":"success","detail":"{\"agent\":\"若兰\",\"type\":\"event\",\"structural_weight\":0}","audit_id":"audit_1787195515559_lwty"}
{"timestamp":"2026-08-20T03:11:55.597Z","action":"memory.get","actor":"若兰","target":"若兰","result":"success","detail":"{\"agent\":\"若兰\",\"count\":1262}","audit_id":"audit_1787195515597_3y3z"}
{"timestamp":"2026-08-20T03:11:55.621Z","action":"memory.add","actor":"daily-sync","target":"若兰","result":"success","detail":"{\"agent\":\"若兰\",\"type\":\"event\",\"structural_weight\":0}","audit_id":"audit_1787195515621_3pnu"}
{"timestamp":"2026-08-20T03:11:55.639Z","action":"memory.add","actor":"daily-sync","target":"若兰","result":"success","detail":"{\"agent\":\"若兰\",\"type\":\"event\",\"structural_weight\":0}","audit_id":"audit_1787195515639_icbe"}
{"timestamp":"2026-08-20T03:11:55.660Z","action":"memory.add","actor":"daily-sync","target":"若兰","result":"success","detail":"{\"agent\":\"若兰\",\"type\":\"event\",\"structural_weight\":0}","audit_id":"audit_1787195515660_x9sv"}
{"timestamp":"2026-08-20T03:11:55.686Z","action":"memory.add","actor":"daily-sync","target":"若兰","result":"success","detail":"{\"agent\":\"若兰\",\"type\":\"event\",\"structural_weight\":0}","audit_id":"audit_1787195515686_4cdn"}
{"timestamp":"2026-08-20T03:11:55.704Z","action":"memory.add","actor":"daily-sync","target":"若兰","result":"success","detail":"{\"agent\":\"若兰\",\"type\":\"event\",\"structural_weight\":0}","audit_id":"audit_1787195515704_l1mu"}
{"timestamp":"2026-08-20T03:11:55.722Z","action":"memory.add","actor":"daily-sync","target":"若兰","result":"success","detail":"{\"agent\":\"若兰\",\"type\":\"event\",\"structural_weight\":0}","audit_id":"audit_1787195515722_hx2h"}
{"timestamp":"2026-08-20T03:11:55.742Z","action":"memory.add","actor":"daily-sync","target":"若兰","result":"success","detail":"{\"agent\":\"若兰\",\"type\":\"event\",\"structural_weight\":0}","audit_id":"audit_1787195515742_1ky3"}
{"timestamp":"2026-08-20T03:11:55.762Z","action":"memory.add","actor":"daily-sync","target":"若兰","result":"success","detail":"{\"agent\":\"若兰\",\"type\":\"event\",\"structural_weight\":0}","audit_id":"audit_1787195515762_5t32"}
{"timestamp":"2026-08-20T03:11:55.781Z","action":"memory.add","actor":"daily-sync","target":"若兰","result":"success","detail":"{\"agent\":\"若兰\",\"type\":\"event\",\"structural_weight\":0}","audit_id":"audit_1787195515781_8voq"}
{"timestamp":"2026-08-20T03:11:55.805Z","action":"memory.add","actor":"daily-sync","target":"若兰","result":"success","detail":"{\"agent\":\"若兰\",\"type\":\"event\",\"structural_weight\":0}","audit_id":"audit_1787195515805_7br7"}
{"timestamp":"2026-08-20T03:11:55.826Z","action":"memory.add","actor":"daily-sync","target":"若兰","result":"success","detail":"{\"agent\":\"若兰\",\"type\":\"event\",\"structural_weight\":0}","audit_id":"audit_1787195515826_jd18"}
{"timestamp":"2026-08-20T03:11:55.847Z","action":"memory.add","actor":"daily-sync","target":"若兰","result":"success","detail":"{\"agent\":\"若兰\",\"type\":\"event\",\"structural_weight\":0}","audit_id":"audit_1787195515847_nm0a"}
{"timestamp":"2026-08-20T03:11:55.866Z","action":"memory.add","actor":"daily-sync","target":"若兰","result":"success","detail":"{\"agent\":\"若兰\",\"type\":\"event\",\"structural_weight\":0}","audit_id":"audit_1787195515866_e4t7"}
{"timestamp":"2026-08-20T03:11:55.885Z","action":"memory.add","actor":"daily-sync","target":"若兰","result":"success","detail":"{\"agent\":\"若兰\",\"type\":\"event\",\"structural_weight\":0}","audit_id":"audit_1787195515885_1ys5"}
{"timestamp":"2026-08-20T03:11:55.913Z","action":"memory.add","actor":"daily-sync","target":"若兰","result":"success","detail":"{\"agent\":\"若兰\",\"type\":\"todo\",\"structural_weight\":0}","audit_id":"audit_1787195515913_ya9z"}
{"timestamp":"2026-08-20T03:11:55.935Z","action":"memory.add","actor":"daily-sync","target":"若兰","result":"success","detail":"{\"agent\":\"若兰\",\"type\":\"event\",\"structural_weight\":0}","audit_id":"audit_1787195515935_ctaf"}
{"timestamp":"2026-08-20T03:11:55.965Z","action":"memory.add","actor":"daily-sync","target":"若兰","result":"success","detail":"{\"agent\":\"若兰\",\"type\":\"event\",\"structural_weight\":0}","audit_id":"audit_1787195515965_s0fa"}
{"timestamp":"2026-08-20T03:11:55.997Z","action":"memory.add","actor":"daily-sync","target":"若兰","result":"success","detail":"{\"agent\":\"若兰\",\"type\":\"event\",\"structural_weight\":0}","audit_id":"audit_1787195515997_4ldw"}
{"timestamp":"2026-08-20T03:11:56.030Z","action":"memory.add","actor":"daily-sync","target":"若兰","result":"success","detail":"{\"agent\":\"若兰\",\"type\":\"discovery\",\"structural_weight\":0}","audit_id":"audit_1787195516030_if6h"}
{"timestamp":"2026-08-20T03:11:56.075Z","action":"memory.add","actor":"daily-sync","target":"若兰","result":"success","detail":"{\"agent\":\"若兰\",\"type\":\"event\",\"structural_weight\":0}","audit_id":"audit_1787195516075_54ul"}
{"timestamp":"2026-08-20T03:11:56.102Z","action":"memory.add","actor":"daily-sync","target":"若兰","result":"success","detail":"{\"agent\":\"若兰\",\"type\":\"todo\",\"structural_weight\":0}","audit_id":"audit_1787195516102_0qxn"}
{"timestamp":"2026-08-20T03:11:56.137Z","action":"memory.add","actor":"daily-sync","target":"若兰","result":"success","detail":"{\"agent\":\"若兰\",\"type\":\"discovery\",\"structural_weight\":0}","audit_id":"audit_1787195516137_nq8g"}
{"timestamp":"2026-08-20T03:11:56.171Z","action":"memory.add","actor":"daily-sync","target":"若兰","result":"success","detail":"{\"agent\":\"若兰\",\"type\":\"event\",\"structural_weight\":0}","audit_id":"audit_1787195516171_fb8p"}
{"timestamp":"2026-08-20T03:11:56.198Z","action":"memory.add","actor":"daily-sync","target":"若兰","result":"success","detail":"{\"agent\":\"若兰\",\"type\":\"event\",\"structural_weight\":0}","audit_id":"audit_1787195516198_4bgk"}
{"timestamp":"2026-08-20T03:11:56.689Z","action":"memory.add","actor":"daily-sync","target":"若兰","result":"success","detail":"{\"agent\":\"若兰\",\"type\":\"discovery\",\"structural_weight\":0}","audit_id":"audit_1787195516689_4uz1"}
{"timestamp":"2026-08-20T03:11:56.714Z","action":"memory.add","actor":"daily-sync","target":"若兰","result":"success","detail":"{\"agent\":\"若兰\",\"type\":\"event\",\"structural_weight\":0}","audit_id":"audit_1787195516714_atae"}
{"timestamp":"2026-08-20T03:11:56.743Z","action":"memory.add","actor":"daily-sync","target":"若兰","result":"success","detail":"{\"agent\":\"若兰\",\"type\":\"discovery\",\"structural_weight\":0}","audit_id":"audit_1787195516743_df2g"}
{"timestamp":"2026-08-20T03:11:56.769Z","action":"memory.add","actor":"daily-sync","target":"若兰","result":"success","detail":"{\"agent\":\"若兰\",\"type\":\"event\",\"structural_weight\":0}","audit_id":"audit_1787195516769_fwmt"}
{"timestamp":"2026-08-20T03:11:56.796Z","action":"memory.add","actor":"daily-sync","target":"若兰","result":"success","detail":"{\"agent\":\"若兰\",\"type\":\"event\",\"structural_weight\":0}","audit_id":"audit_1787195516796_f98v"}
{"timestamp":"2026-08-20T03:11:56.832Z","action":"memory.add","actor":"daily-sync","target":"若兰","result":"success","detail":"{\"agent\":\"若兰\",\"type\":\"event\",\"structural_weight\":0}","audit_id":"audit_1787195516832_fxg2"}
{"timestamp":"2026-08-20T03:11:56.870Z","action":"memory.add","actor":"daily-sync","target":"若兰","result":"success","detail":"{\"agent\":\"若兰\",\"type\":\"event\",\"structural_weight\":0}","audit_id":"audit_1787195516870_urkq"}
{"timestamp":"2026-08-20T03:11:56.911Z","action":"memory.add","actor":"daily-sync","target":"若兰","result":"success","detail":"{\"agent\":\"若兰\",\"type\":\"event\",\"structural_weight\":0}","audit_id":"audit_1787195516911_k87k"}
{"timestamp":"2026-08-20T03:11:56.947Z","action":"memory.add","actor":"daily-sync","target":"若兰","result":"success","detail":"{\"agent\":\"若兰\",\"type\":\"event\",\"structural_weight\":0}","audit_id":"audit_1787195516947_f5gz"}
{"timestamp":"2026-08-20T03:11:56.970Z","action":"memory.add","actor":"daily-sync","target":"若兰","result":"success","detail":"{\"agent\":\"若兰\",\"type\":\"milestone\",\"structural_weight\":0.6}","audit_id":"audit_1787195516970_36xa"}
{"timestamp":"2026-08-20T03:11:56.991Z","action":"memory.add","actor":"daily-sync","target":"若兰","result":"success","detail":"{\"agent\":\"若兰\",\"type\":\"event\",\"structural_weight\":0}","audit_id":"audit_1787195516991_hbzk"}
{"timestamp":"2026-08-20T03:11:57.011Z","action":"memory.add","actor":"daily-sync","target":"若兰","result":"success","detail":"{\"agent\":\"若兰\",\"type\":\"event\",\"structural_weight\":0}","audit_id":"audit_1787195517011_knux"}
{"timestamp":"2026-08-20T03:11:57.031Z","action":"memory.add","actor":"daily-sync","target":"若兰","result":"success","detail":"{\"agent\":\"若兰\",\"type\":\"discovery\",\"structural_weight\":0}","audit_id":"audit_1787195517031_mysc"}
{"timestamp":"2026-08-20T03:11:57.060Z","action":"memory.add","actor":"daily-sync","target":"若兰","result":"success","detail":"{\"agent\":\"若兰\",\"type\":\"discovery\",\"structural_weight\":0}","audit_id":"audit_1787195517060_gmpz"}
{"timestamp":"2026-08-20T03:11:57.085Z","action":"memory.add","actor":"daily-sync","target":"若兰","result":"success","detail":"{\"agent\":\"若兰\",\"type\":\"discovery\",\"structural_weight\":0}","audit_id":"audit_1787195517085_1mnq"}
{"timestamp":"2026-08-20T03:11:57.110Z","action":"memory.add","actor":"daily-sync","target":"若兰","result":"success","detail":"{\"agent\":\"若兰\",\"type\":\"event\",\"structural_weight\":0}","audit_id":"audit_1787195517110_gbpn"}
{"timestamp":"2026-08-20T03:11:57.140Z","action":"memory.add","actor":"daily-sync","target":"若兰","result":"success","detail":"{\"agent\":\"若兰\",\"type\":\"event\",\"structural_weight\":0}","audit_id":"audit_1787195517140_y9y9"}
{"timestamp":"2026-08-20T03:11:57.177Z","action":"memory.add","actor":"daily-sync","target":"若兰","result":"success","detail":"{\"agent\":\"若兰\",\"type\":\"event\",\"structural_weight\":0}","audit_id":"audit_1787195517177_wngm"}
{"timestamp":"2026-08-20T03:11:57.230Z","action":"memory.add","actor":"daily-sync","target":"若兰","result":"success","detail":"{\"agent\":\"若兰\",\"type\":\"event\",\"structural_weight\":0}","audit_id":"audit_1787195517230_9a76"}
{"timestamp":"2026-08-20T03:11:57.251Z","action":"memory.add","actor":"daily-sync","target":"若兰","result":"success","detail":"{\"agent\":\"若兰\",\"type\":\"event\",\"structural_weight\":0}","audit_id":"audit_1787195517251_yzde"}
{"timestamp":"2026-08-20T03:11:57.269Z","action":"memory.add","actor":"daily-sync","target":"若兰","result":"success","detail":"{\"agent\":\"若兰\",\"type\":\"event\",\"structural_weight\":0}","audit_id":"audit_1787195517269_jls7"}
{"timestamp":"2026-08-20T03:11:57.295Z","action":"memory.add","actor":"daily-sync","target":"若兰","result":"success","detail":"{\"agent\":\"若兰\",\"type\":\"event\",\"structural_weight\":0}","audit_id":"audit_1787195517295_jhbp"}
{"timestamp":"2026-08-20T03:11:57.320Z","action":"memory.add","actor":"daily-sync","target":"若兰","result":"success","detail":"{\"agent\":\"若兰\",\"type\":\"event\",\"structural_weight\":0}","audit_id":"audit_1787195517320_1xy7"}
{"timestamp":"2026-08-20T03:11:57.359Z","action":"memory.add","actor":"daily-sync","target":"若兰","result":"success","detail":"{\"agent\":\"若兰\",\"type\":\"event\",\"structural_weight\":0}","audit_id":"audit_1787195517359_dqdb"}
{"timestamp":"2026-08-20T03:11:57.392Z","action":"memory.add","actor":"daily-sync","target":"若兰","result":"success","detail":"{\"agent\":\"若兰\",\"type\":\"event\",\"structural_weight\":0}","audit_id":"audit_1787195517392_dacx"}
{"timestamp":"2026-08-20T03:11:57.411Z","action":"memory.add","actor":"daily-sync","target":"若兰","result":"success","detail":"{\"agent\":\"若兰\",\"type\":\"event\",\"structural_weight\":0}","audit_id":"audit_1787195517411_vvf1"}
{"timestamp":"2026-08-20T03:11:57.439Z","action":"memory.add","actor":"daily-sync","target":"若兰","result":"success","detail":"{\"agent\":\"若兰\",\"type\":\"event\",\"structural_weight\":0}","audit_id":"audit_1787195517439_njz8"}
{"timestamp":"2026-08-20T03:11:57.471Z","action":"memory.add","actor":"daily-sync","target":"若兰","result":"success","detail":"{\"agent\":\"若兰\",\"type\":\"event\",\"structural_weight\":0}","audit_id":"audit_1787195517471_n0nf"}
{"timestamp":"2026-08-20T03:11:57.499Z","action":"memory.add","actor":"daily-sync","target":"若兰","result":"success","detail":"{\"agent\":\"若兰\",\"type\":\"event\",\"structural_weight\":0}","audit_id":"audit_1787195517499_dx03"}
{"timestamp":"2026-08-20T03:11:57.531Z","action":"memory.add","actor":"daily-sync","target":"若兰","result":"success","detail":"{\"agent\":\"若兰\",\"type\":\"event\",\"structural_weight\":0}","audit_id":"audit_1787195517531_uupl"}
{"timestamp":"2026-08-20T03:11:57.553Z","action":"memory.add","actor":"daily-sync","target":"若兰","result":"success","detail":"{\"agent\":\"若兰\",\"type\":\"event\",\"structural_weight\":0}","audit_id":"audit_1787195517553_didm"}
{"timestamp":"2026-08-20T03:11:57.998Z","action":"memory.add","actor":"daily-sync","target":"若兰","result":"success","detail":"{\"agent\":\"若兰\",\"type\":\"event\",\"structural_weight\":0}","audit_id":"audit_1787195517998_296q"}
{"timestamp":"2026-08-20T03:11:58.022Z","action":"memory.add","actor":"daily-sync","target":"若兰","result":"success","detail":"{\"agent\":\"若兰\",\"type\":\"event\",\"structural_weight\":0}","audit_id":"audit_1787195518022_nmfm"}
{"timestamp":"2026-08-20T03:11:58.048Z","action":"memory.add","actor":"daily-sync","target":"若兰","result":"success","detail":"{\"agent\":\"若兰\",\"type\":\"decision\",\"structural_weight\":0.6}","audit_id":"audit_1787195518048_c2w8"}
{"timestamp":"2026-08-20T03:11:58.082Z","action":"memory.add","actor":"daily-sync","target":"若兰","result":"success","detail":"{\"agent\":\"若兰\",\"type\":\"event\",\"structural_weight\":0}","audit_id":"audit_1787195518083_pgpb"}
{"timestamp":"2026-08-20T03:11:58.108Z","action":"memory.add","actor":"daily-sync","target":"若兰","result":"success","detail":"{\"agent\":\"若兰\",\"type\":\"event\",\"structural_weight\":0}","audit_id":"audit_1787195518108_sis6"}
{"timestamp":"2026-08-20T03:11:58.143Z","action":"memory.add","actor":"daily-sync","target":"若兰","result":"success","detail":"{\"agent\":\"若兰\",\"type\":\"event\",\"structural_weight\":0}","audit_id":"audit_1787195518143_rn5o"}
{"timestamp":"2026-08-20T03:11:58.177Z","action":"memory.add","actor":"daily-sync","target":"若兰","result":"success","detail":"{\"agent\":\"若兰\",\"type\":\"event\",\"structural_weight\":0}","audit_id":"audit_1787195518177_5r9v"}
{"timestamp":"2026-08-20T03:11:58.203Z","action":"memory.add","actor":"daily-sync","target":"若兰","result":"success","detail":"{\"agent\":\"若兰\",\"type\":\"milestone\",\"structural_weight\":0.6}","audit_id":"audit_1787195518203_e8h0"}
{"timestamp":"2026-08-20T03:11:58.227Z","action":"memory.add","actor":"daily-sync","target":"若兰","result":"success","detail":"{\"agent\":\"若兰\",\"type\":\"milestone\",\"structural_weight\":0.6}","audit_id":"audit_1787195518227_u9nl"}
{"timestamp":"2026-08-20T03:11:58.260Z","action":"memory.add","actor":"daily-sync","target":"若兰","result":"success","detail":"{\"agent\":\"若兰\",\"type\":\"event\",\"structural_weight\":0}","audit_id":"audit_1787195518260_k30s"}
{"timestamp":"2026-08-20T03:11:58.288Z","action":"memory.add","actor":"daily-sync","target":"若兰","result":"success","detail":"{\"agent\":\"若兰\",\"type\":\"event\",\"structural_weight\":0}","audit_id":"audit_1787195518288_2jq4"}
{"timestamp":"2026-08-20T03:11:58.317Z","action":"memory.add","actor":"daily-sync","target":"若兰","result":"success","detail":"{\"agent\":\"若兰\",\"type\":\"event\",\"structural_weight\":0}","audit_id":"audit_1787195518317_j9fe"}
{"timestamp":"2026-08-20T03:11:58.335Z","action":"memory.add","actor":"daily-sync","target":"若兰","result":"success","detail":"{\"agent\":\"若兰\",\"type\":\"event\",\"structural_weight\":0}","audit_id":"audit_1787195518335_pujd"}
{"timestamp":"2026-08-20T03:11:58.354Z","action":"memory.add","actor":"daily-sync","target":"若兰","result":"success","detail":"{\"agent\":\"若兰\",\"type\":\"decision\",\"structural_weight\":0.6}","audit_id":"audit_1787195518354_u7km"}
{"timestamp":"2026-08-20T03:11:58.388Z","action":"memory.add","actor":"daily-sync","target":"若兰","result":"success","detail":"{\"agent\":\"若兰\",\"type\":\"event\",\"structural_weight\":0}","audit_id":"audit_1787195518388_w945"}
{"timestamp":"2026-08-20T03:11:58.426Z","action":"memory.add","actor":"daily-sync","target":"若兰","result":"success","detail":"{\"agent\":\"若兰\",\"type\":\"event\",\"structural_weight\":0}","audit_id":"audit_1787195518426_im53"}
{"timestamp":"2026-08-20T03:11:58.456Z","action":"memory.add","actor":"daily-sync","target":"若兰","result":"success","detail":"{\"agent\":\"若兰\",\"type\":\"event\",\"structural_weight\":0}","audit_id":"audit_1787195518457_o1a5"}
{"timestamp":"2026-08-20T03:11:58.490Z","action":"memory.add","actor":"daily-sync","target":"若兰","result":"success","detail":"{\"agent\":\"若兰\",\"type\":\"event\",\"structural_weight\":0}","audit_id":"audit_1787195518490_n15w"}
{"timestamp":"2026-08-20T03:11:58.509Z","action":"memory.add","actor":"daily-sync","target":"若兰","result":"success","detail":"{\"agent\":\"若兰\",\"type\":\"event\",\"structural_weight\":0}","audit_id":"audit_1787195518509_jp0m"}
{"timestamp":"2026-08-20T03:11:58.531Z","action":"memory.add","actor":"daily-sync","target":"若兰","result":"success","detail":"{\"agent\":\"若兰\",\"type\":\"event\",\"structural_weight\":0}","audit_id":"audit_1787195518531_ly8x"}
{"timestamp":"2026-08-20T03:11:58.556Z","action":"memory.add","actor":"daily-sync","target":"若兰","result":"success","detail":"{\"agent\":\"若兰\",\"type\":\"event\",\"structural_weight\":0}","audit_id":"audit_1787195518556_vcum"}
{"timestamp":"2026-08-20T03:11:58.594Z","action":"memory.add","actor":"daily-sync","target":"若兰","result":"success","detail":"{\"agent\":\"若兰\",\"type\":\"milestone\",\"structural_weight\":0.6}","audit_id":"audit_1787195518594_b0xs"}
{"timestamp":"2026-08-20T03:11:58.631Z","action":"memory.add","actor":"daily-sync","target":"若兰","result":"success","detail":"{\"agent\":\"若兰\",\"type\":\"event\",\"structural_weight\":0}","audit_id":"audit_1787195518631_futj"}
{"timestamp":"2026-08-20T03:11:58.665Z","action":"memory.add","actor":"daily-sync","target":"若兰","result":"success","detail":"{\"agent\":\"若兰\",\"type\":\"event\",\"structural_weight\":0}","audit_id":"audit_1787195518665_01wi"}
{"timestamp":"2026-08-20T03:11:58.694Z","action":"memory.add","actor":"daily-sync","target":"若兰","result":"success","detail":"{\"agent\":\"若兰\",\"type\":\"event\",\"structural_weight\":0}","audit_id":"audit_1787195518694_6lhy"}
{"timestamp":"2026-08-20T03:11:58.726Z","action":"memory.add","actor":"daily-sync","target":"若兰","result":"success","detail":"{\"agent\":\"若兰\",\"type\":\"event\",\"structural_weight\":0}","audit_id":"audit_1787195518726_4aiz"}
{"timestamp":"2026-08-20T03:11:58.764Z","action":"memory.add","actor":"daily-sync","target":"若兰","result":"success","detail":"{\"agent\":\"若兰\",\"type\":\"event\",\"structural_weight\":0}","audit_id":"audit_1787195518764_1l4o"}
{"timestamp":"2026-08-20T03:11:58.794Z","action":"memory.add","actor":"daily-sync","target":"若兰","result":"success","detail":"{\"agent\":\"若兰\",\"type\":\"event\",\"structural_weight\":0}","audit_id":"audit_1787195518794_gz0x"}
{"timestamp":"2026-08-20T03:11:58.821Z","action":"memory.add","actor":"daily-sync","target":"若兰","result":"success","detail":"{\"agent\":\"若兰\",\"type\":\"milestone\",\"structural_weight\":0.6}","audit_id":"audit_1787195518821_mhgi"}
{"timestamp":"2026-08-20T03:11:58.856Z","action":"memory.add","actor":"daily-sync","target":"若兰","result":"success","detail":"{\"agent\":\"若兰\",\"type\":\"fix\",\"structural_weight\":0}","audit_id":"audit_1787195518857_cbf0"}
{"timestamp":"2026-08-20T03:11:58.878Z","action":"memory.add","actor":"daily-sync","target":"若兰","result":"success","detail":"{\"agent\":\"若兰\",\"type\":\"event\",\"structural_weight\":0}","audit_id":"audit_1787195518878_rer0"}
{"timestamp":"2026-08-20T03:11:58.907Z","action":"memory.add","actor":"daily-sync","target":"若兰","result":"success","detail":"{\"agent\":\"若兰\",\"type\":\"event\",\"structural_weight\":0}","audit_id":"audit_1787195518908_vxik"}
{"timestamp":"2026-08-20T03:11:58.925Z","action":"memory.add","actor":"daily-sync","target":"若兰","result":"success","detail":"{\"agent\":\"若兰\",\"type\":\"lesson\",\"structural_weight\":0}","audit_id":"audit_1787195518925_nswa"}
{"timestamp":"2026-08-20T03:11:59.433Z","action":"memory.get","actor":"若兰","target":"若兰","result":"success","detail":"{\"agent\":\"若兰\",\"count\":1350}","audit_id":"audit_1787195519433_gje6"}
{"timestamp":"2026-08-20T03:11:59.463Z","action":"memory.add","actor":"daily-sync","target":"若兰","result":"success","detail":"{\"agent\":\"若兰\",\"type\":\"event\",\"structural_weight\":0}","audit_id":"audit_1787195519463_msn2"}
{"timestamp":"2026-08-20T03:11:59.483Z","action":"memory.add","actor":"daily-sync","target":"若兰","result":"success","detail":"{\"agent\":\"若兰\",\"type\":\"decision\",\"structural_weight\":0.6}","audit_id":"audit_1787195519483_bo7c"}
{"timestamp":"2026-08-20T03:11:59.519Z","action":"memory.add","actor":"daily-sync","target":"若兰","result":"success","detail":"{\"agent\":\"若兰\",\"type\":\"event\",\"structural_weight\":0}","audit_id":"audit_1787195519519_q74o"}
{"timestamp":"2026-08-20T03:11:59.559Z","action":"memory.add","actor":"daily-sync","target":"若兰","result":"success","detail":"{\"agent\":\"若兰\",\"type\":\"event\",\"structural_weight\":0}","audit_id":"audit_1787195519559_ftlo"}
{"timestamp":"2026-08-20T03:11:59.578Z","action":"memory.add","actor":"daily-sync","target":"若兰","result":"success","detail":"{\"agent\":\"若兰\",\"type\":\"event\",\"structural_weight\":0}","audit_id":"audit_1787195519578_vjk3"}
{"timestamp":"2026-08-20T03:11:59.602Z","action":"memory.add","actor":"daily-sync","target":"若兰","result":"success","detail":"{\"agent\":\"若兰\",\"type\":\"event\",\"structural_weight\":0}","audit_id":"audit_1787195519602_1kt8"}
{"timestamp":"2026-08-20T03:11:59.622Z","action":"memory.add","actor":"daily-sync","target":"若兰","result":"success","detail":"{\"agent\":\"若兰\",\"type\":\"event\",\"structural_weight\":0}","audit_id":"audit_1787195519622_dpk1"}
{"timestamp":"2026-08-20T03:11:59.651Z","action":"memory.add","actor":"daily-sync","target":"若兰","result":"success","detail":"{\"agent\":\"若兰\",\"type\":\"milestone\",\"structural_weight\":0.6}","audit_id":"audit_1787195519651_050a"}
{"timestamp":"2026-08-20T03:11:59.674Z","action":"memory.add","actor":"daily-sync","target":"若兰","result":"success","detail":"{\"agent\":\"若兰\",\"type\":\"milestone\",\"structural_weight\":0.6}","audit_id":"audit_1787195519674_zhwb"}
{"timestamp":"2026-08-20T03:11:59.703Z","action":"memory.add","actor":"daily-sync","target":"若兰","result":"success","detail":"{\"agent\":\"若兰\",\"type\":\"todo\",\"structural_weight\":0}","audit_id":"audit_1787195519703_cucn"}
{"timestamp":"2026-08-20T03:11:59.729Z","action":"memory.add","actor":"daily-sync","target":"若兰","result":"success","detail":"{\"agent\":\"若兰\",\"type\":\"event\",\"structural_weight\":0}","audit_id":"audit_1787195519729_lxuo"}
{"timestamp":"2026-08-20T03:11:59.758Z","action":"memory.add","actor":"daily-sync","target":"若兰","result":"success","detail":"{\"agent\":\"若兰\",\"type\":\"event\",\"structural_weight\":0}","audit_id":"audit_1787195519758_t1qu"}
{"timestamp":"2026-08-20T03:11:59.781Z","action":"memory.add","actor":"daily-sync","target":"若兰","result":"success","detail":"{\"agent\":\"若兰\",\"type\":\"decision\",\"structural_weight\":0.6}","audit_id":"audit_1787195519781_9w72"}
{"timestamp":"2026-08-20T03:11:59.807Z","action":"memory.add","actor":"daily-sync","target":"若兰","result":"success","detail":"{\"agent\":\"若兰\",\"type\":\"milestone\",\"structural_weight\":0.6}","audit_id":"audit_1787195519807_pa38"}
{"timestamp":"2026-08-20T03:11:59.832Z","action":"memory.add","actor":"daily-sync","target":"若兰","result":"success","detail":"{\"agent\":\"若兰\",\"type\":\"event\",\"structural_weight\":0}","audit_id":"audit_1787195519832_vtpd"}
{"timestamp":"2026-08-20T03:11:59.860Z","action":"memory.add","actor":"daily-sync","target":"若兰","result":"success","detail":"{\"agent\":\"若兰\",\"type\":\"decision\",\"structural_weight\":0.6}","audit_id":"audit_1787195519860_ze7n"}
{"timestamp":"2026-08-20T03:11:59.901Z","action":"memory.add","actor":"daily-sync","target":"若兰","result":"success","detail":"{\"agent\":\"若兰\",\"type\":\"discovery\",\"structural_weight\":0}","audit_id":"audit_1787195519901_zij0"}
{"timestamp":"2026-08-20T03:11:59.927Z","action":"memory.add","actor":"daily-sync","target":"若兰","result":"success","detail":"{\"agent\":\"若兰\",\"type\":\"milestone\",\"structural_weight\":0.6}","audit_id":"audit_1787195519927_wl5l"}
{"timestamp":"2026-08-20T03:11:59.948Z","action":"memory.add","actor":"daily-sync","target":"若兰","result":"success","detail":"{\"agent\":\"若兰\",\"type\":\"event\",\"structural_weight\":0}","audit_id":"audit_1787195519948_wl64"}
{"timestamp":"2026-08-20T03:11:59.975Z","action":"memory.add","actor":"daily-sync","target":"若兰","result":"success","detail":"{\"agent\":\"若兰\",\"type\":\"fix\",\"structural_weight\":0}","audit_id":"audit_1787195519975_g8kf"}
{"timestamp":"2026-08-20T03:11:59.997Z","action":"memory.add","actor":"daily-sync","target":"若兰","result":"success","detail":"{\"agent\":\"若兰\",\"type\":\"event\",\"structural_weight\":0}","audit_id":"audit_1787195519997_d19c"}
{"timestamp":"2026-08-20T03:12:00.035Z","action":"memory.add","actor":"daily-sync","target":"若兰","result":"success","detail":"{\"agent\":\"若兰\",\"type\":\"event\",\"structural_weight\":0}","audit_id":"audit_1787195520035_d6ma"}
{"timestamp":"2026-08-20T03:12:00.062Z","action":"memory.add","actor":"daily-sync","target":"若兰","result":"success","detail":"{\"agent\":\"若兰\",\"type\":\"event\",\"structural_weight\":0}","audit_id":"audit_1787195520062_poro"}
{"timestamp":"2026-08-20T03:12:00.089Z","action":"memory.add","actor":"daily-sync","target":"若兰","result":"success","detail":"{\"agent\":\"若兰\",\"type\":\"milestone\",\"structural_weight\":0.6}","audit_id":"audit_1787195520089_280n"}
{"timestamp":"2026-08-20T03:12:00.113Z","action":"memory.add","actor":"daily-sync","target":"若兰","result":"success","detail":"{\"agent\":\"若兰\",\"type\":\"todo\",\"structural_weight\":0}","audit_id":"audit_1787195520113_n70m"}
{"timestamp":"2026-08-20T03:12:00.148Z","action":"memory.add","actor":"daily-sync","target":"若兰","result":"success","detail":"{\"agent\":\"若兰\",\"type\":\"event\",\"structural_weight\":0}","audit_id":"audit_1787195520148_1dvz"}
{"timestamp":"2026-08-20T03:12:00.174Z","action":"memory.add","actor":"daily-sync","target":"若兰","result":"success","detail":"{\"agent\":\"若兰\",\"type\":\"event\",\"structural_weight\":0}","audit_id":"audit_1787195520174_srfn"}
{"timestamp":"2026-08-20T03:12:00.204Z","action":"memory.add","actor":"daily-sync","target":"若兰","result":"success","detail":"{\"agent\":\"若兰\",\"type\":\"event\",\"structural_weight\":0}","audit_id":"audit_1787195520204_2lic"}
{"timestamp":"2026-08-20T03:12:00.246Z","action":"memory.add","actor":"daily-sync","target":"若兰","result":"success","detail":"{\"agent\":\"若兰\",\"type\":\"event\",\"structural_weight\":0}","audit_id":"audit_1787195520246_okww"}
{"timestamp":"2026-08-20T03:12:00.278Z","action":"memory.add","actor":"daily-sync","target":"若兰","result":"success","detail":"{\"agent\":\"若兰\",\"type\":\"todo\",\"structural_weight\":0}","audit_id":"audit_1787195520278_7klm"}
{"timestamp":"2026-08-20T03:12:00.732Z","action":"memory.add","actor":"daily-sync","target":"若兰","result":"success","detail":"{\"agent\":\"若兰\",\"type\":\"fix\",\"structural_weight\":0}","audit_id":"audit_1787195520732_xkdy"}
{"timestamp":"2026-08-20T03:12:00.760Z","action":"memory.add","actor":"daily-sync","target":"若兰","result":"success","detail":"{\"agent\":\"若兰\",\"type\":\"event\",\"structural_weight\":0}","audit_id":"audit_1787195520760_9qhn"}
{"timestamp":"2026-08-20T03:12:00.776Z","action":"memory.add","actor":"daily-sync","target":"若兰","result":"success","detail":"{\"agent\":\"若兰\",\"type\":\"event\",\"structural_weight\":0}","audit_id":"audit_1787195520776_vx9n"}
{"timestamp":"2026-08-20T03:12:00.796Z","action":"memory.add","actor":"daily-sync","target":"若兰","result":"success","detail":"{\"agent\":\"若兰\",\"type\":\"event\",\"structural_weight\":0}","audit_id":"audit_1787195520796_u3ex"}
{"timestamp":"2026-08-20T03:12:00.815Z","action":"memory.add","actor":"daily-sync","target":"若兰","result":"success","detail":"{\"agent\":\"若兰\",\"type\":\"event\",\"structural_weight\":0}","audit_id":"audit_1787195520815_0j86"}
{"timestamp":"2026-08-20T03:12:00.870Z","action":"memory.add","actor":"daily-sync","target":"若兰","result":"success","detail":"{\"agent\":\"若兰\",\"type\":\"event\",\"structural_weight\":0}","audit_id":"audit_1787195520870_1djo"}
{"timestamp":"2026-08-20T03:12:00.900Z","action":"memory.add","actor":"daily-sync","target":"若兰","result":"success","detail":"{\"agent\":\"若兰\",\"type\":\"event\",\"structural_weight\":0}","audit_id":"audit_1787195520900_w1z4"}
{"timestamp":"2026-08-20T03:12:00.930Z","action":"memory.add","actor":"daily-sync","target":"若兰","result":"success","detail":"{\"agent\":\"若兰\",\"type\":\"event\",\"structural_weight\":0}","audit_id":"audit_1787195520930_3axb"}
{"timestamp":"2026-08-20T03:12:00.966Z","action":"memory.get","actor":"若兰","target":"若兰","result":"success","detail":"{\"agent\":\"若兰\",\"count\":1388}","audit_id":"audit_1787195520966_814t"}
{"timestamp":"2026-08-20T03:12:01.002Z","action":"memory.add","actor":"daily-sync","target":"若兰","result":"success","detail":"{\"agent\":\"若兰\",\"type\":\"event\",\"structural_weight\":0}","audit_id":"audit_1787195521002_xpfp"}
{"timestamp":"2026-08-20T03:12:01.027Z","action":"memory.add","actor":"daily-sync","target":"若兰","result":"success","detail":"{\"agent\":\"若兰\",\"type\":\"event\",\"structural_weight\":0}","audit_id":"audit_1787195521028_r31o"}
{"timestamp":"2026-08-20T03:12:01.057Z","action":"memory.add","actor":"daily-sync","target":"若兰","result":"success","detail":"{\"agent\":\"若兰\",\"type\":\"event\",\"structural_weight\":0}","audit_id":"audit_1787195521057_5sqn"}
{"timestamp":"2026-08-20T03:12:01.093Z","action":"memory.add","actor":"daily-sync","target":"若兰","result":"success","detail":"{\"agent\":\"若兰\",\"type\":\"decision\",\"structural_weight\":0.6}","audit_id":"audit_1787195521093_2k54"}
{"timestamp":"2026-08-20T03:12:01.126Z","action":"memory.add","actor":"daily-sync","target":"若兰","result":"success","detail":"{\"agent\":\"若兰\",\"type\":\"event\",\"structural_weight\":0}","audit_id":"audit_1787195521126_8f7c"}
{"timestamp":"2026-08-20T03:12:01.153Z","action":"memory.add","actor":"daily-sync","target":"若兰","result":"success","detail":"{\"agent\":\"若兰\",\"type\":\"event\",\"structural_weight\":0}","audit_id":"audit_1787195521153_oh8v"}
{"timestamp":"2026-08-20T03:12:01.173Z","action":"memory.add","actor":"daily-sync","target":"若兰","result":"success","detail":"{\"agent\":\"若兰\",\"type\":\"event\",\"structural_weight\":0}","audit_id":"audit_1787195521173_xfm0"}
{"timestamp":"2026-08-20T03:12:01.211Z","action":"memory.add","actor":"daily-sync","target":"若兰","result":"success","detail":"{\"agent\":\"若兰\",\"type\":\"event\",\"structural_weight\":0}","audit_id":"audit_1787195521211_w70w"}
{"timestamp":"2026-08-20T03:12:01.246Z","action":"memory.add","actor":"daily-sync","target":"若兰","result":"success","detail":"{\"agent\":\"若兰\",\"type\":\"event\",\"structural_weight\":0}","audit_id":"audit_1787195521246_kso1"}
{"timestamp":"2026-08-20T03:12:01.274Z","action":"memory.add","actor":"daily-sync","target":"若兰","result":"success","detail":"{\"agent\":\"若兰\",\"type\":\"event\",\"structural_weight\":0}","audit_id":"audit_1787195521274_1j33"}
{"timestamp":"2026-08-20T03:12:01.303Z","action":"memory.add","actor":"daily-sync","target":"若兰","result":"success","detail":"{\"agent\":\"若兰\",\"type\":\"event\",\"structural_weight\":0}","audit_id":"audit_1787195521303_vibj"}
{"timestamp":"2026-08-20T03:12:01.327Z","action":"memory.add","actor":"daily-sync","target":"若兰","result":"success","detail":"{\"agent\":\"若兰\",\"type\":\"event\",\"structural_weight\":0}","audit_id":"audit_1787195521327_efsv"}
{"timestamp":"2026-08-20T03:12:01.353Z","action":"memory.add","actor":"daily-sync","target":"若兰","result":"success","detail":"{\"agent\":\"若兰\",\"type\":\"event\",\"structural_weight\":0}","audit_id":"audit_1787195521353_7kjg"}
{"timestamp":"2026-08-20T03:12:01.373Z","action":"memory.add","actor":"daily-sync","target":"若兰","result":"success","detail":"{\"agent\":\"若兰\",\"type\":\"event\",\"structural_weight\":0}","audit_id":"audit_1787195521373_byrl"}
{"timestamp":"2026-08-20T03:12:01.405Z","action":"memory.add","actor":"daily-sync","target":"若兰","result":"success","detail":"{\"agent\":\"若兰\",\"type\":\"event\",\"structural_weight\":0}","audit_id":"audit_1787195521405_9b3q"}
{"timestamp":"2026-08-20T03:12:01.437Z","action":"memory.add","actor":"daily-sync","target":"若兰","result":"success","detail":"{\"agent\":\"若兰\",\"type\":\"event\",\"structural_weight\":0}","audit_id":"audit_1787195521437_lzix"}
{"timestamp":"2026-08-20T03:12:01.464Z","action":"memory.add","actor":"daily-sync","target":"若兰","result":"success","detail":"{\"agent\":\"若兰\",\"type\":\"event\",\"structural_weight\":0}","audit_id":"audit_1787195521464_cvgd"}
{"timestamp":"2026-08-20T03:12:01.492Z","action":"memory.add","actor":"daily-sync","target":"若兰","result":"success","detail":"{\"agent\":\"若兰\",\"type\":\"event\",\"structural_weight\":0}","audit_id":"audit_1787195521492_1ws7"}
{"timestamp":"2026-08-20T03:12:01.513Z","action":"memory.add","actor":"daily-sync","target":"若兰","result":"success","detail":"{\"agent\":\"若兰\",\"type\":\"event\",\"structural_weight\":0}","audit_id":"audit_1787195521513_frjm"}
{"timestamp":"2026-08-20T03:12:01.537Z","action":"memory.add","actor":"daily-sync","target":"若兰","result":"success","detail":"{\"agent\":\"若兰\",\"type\":\"event\",\"structural_weight\":0}","audit_id":"audit_1787195521537_bpa9"}
{"timestamp":"2026-08-20T03:12:01.570Z","action":"memory.add","actor":"daily-sync","target":"若兰","result":"success","detail":"{\"agent\":\"若兰\",\"type\":\"event\",\"structural_weight\":0}","audit_id":"audit_1787195521570_vp59"}
{"timestamp":"2026-08-20T03:12:01.594Z","action":"memory.add","actor":"daily-sync","target":"若兰","result":"success","detail":"{\"agent\":\"若兰\",\"type\":\"event\",\"structural_weight\":0}","audit_id":"audit_1787195521594_3b8h"}
{"timestamp":"2026-08-20T03:12:01.634Z","action":"memory.add","actor":"daily-sync","target":"若兰","result":"success","detail":"{\"agent\":\"若兰\",\"type\":\"event\",\"structural_weight\":0}","audit_id":"audit_1787195521634_7eg2"}
{"timestamp":"2026-08-20T03:12:02.079Z","action":"memory.add","actor":"daily-sync","target":"若兰","result":"success","detail":"{\"agent\":\"若兰\",\"type\":\"event\",\"structural_weight\":0}","audit_id":"audit_1787195522079_6wxu"}
{"timestamp":"2026-08-20T03:12:02.134Z","action":"memory.add","actor":"daily-sync","target":"若兰","result":"success","detail":"{\"agent\":\"若兰\",\"type\":\"event\",\"structural_weight\":0}","audit_id":"audit_1787195522134_ywvl"}
{"timestamp":"2026-08-20T03:12:02.186Z","action":"memory.add","actor":"daily-sync","target":"若兰","result":"success","detail":"{\"agent\":\"若兰\",\"type\":\"event\",\"structural_weight\":0}","audit_id":"audit_1787195522186_r6uk"}
{"timestamp":"2026-08-20T03:12:02.214Z","action":"memory.add","actor":"daily-sync","target":"若兰","result":"success","detail":"{\"agent\":\"若兰\",\"type\":\"event\",\"structural_weight\":0}","audit_id":"audit_1787195522214_do6g"}
{"timestamp":"2026-08-20T03:12:02.247Z","action":"memory.add","actor":"daily-sync","target":"若兰","result":"success","detail":"{\"agent\":\"若兰\",\"type\":\"fix\",\"structural_weight\":0}","audit_id":"audit_1787195522247_p1vp"}
{"timestamp":"2026-08-20T03:12:02.280Z","action":"memory.add","actor":"daily-sync","target":"若兰","result":"success","detail":"{\"agent\":\"若兰\",\"type\":\"event\",\"structural_weight\":0}","audit_id":"audit_1787195522280_ovg6"}
{"timestamp":"2026-08-20T03:12:02.307Z","action":"memory.add","actor":"daily-sync","target":"若兰","result":"success","detail":"{\"agent\":\"若兰\",\"type\":\"event\",\"structural_weight\":0}","audit_id":"audit_1787195522307_bigx"}
{"timestamp":"2026-08-20T03:12:02.338Z","action":"memory.add","actor":"daily-sync","target":"若兰","result":"success","detail":"{\"agent\":\"若兰\",\"type\":\"event\",\"structural_weight\":0}","audit_id":"audit_1787195522338_zuon"}
{"timestamp":"2026-08-20T03:12:02.372Z","action":"memory.add","actor":"daily-sync","target":"若兰","result":"success","detail":"{\"agent\":\"若兰\",\"type\":\"milestone\",\"structural_weight\":0.6}","audit_id":"audit_1787195522372_uog3"}
{"timestamp":"2026-08-20T03:12:02.401Z","action":"memory.add","actor":"daily-sync","target":"若兰","result":"success","detail":"{\"agent\":\"若兰\",\"type\":\"milestone\",\"structural_weight\":0.6}","audit_id":"audit_1787195522401_39qf"}
{"timestamp":"2026-08-20T03:12:02.441Z","action":"memory.add","actor":"daily-sync","target":"若兰","result":"success","detail":"{\"agent\":\"若兰\",\"type\":\"todo\",\"structural_weight\":0}","audit_id":"audit_1787195522441_h66t"}
{"timestamp":"2026-08-20T03:12:02.477Z","action":"memory.get","actor":"若兰","target":"若兰","result":"success","detail":"{\"agent\":\"若兰\",\"count\":1422}","audit_id":"audit_1787195522477_bilw"}
{"timestamp":"2026-08-20T03:12:02.508Z","action":"memory.add","actor":"daily-sync","target":"若兰","result":"success","detail":"{\"agent\":\"若兰\",\"type\":\"milestone\",\"structural_weight\":0.6}","audit_id":"audit_1787195522508_60uh"}
{"timestamp":"2026-08-20T03:12:02.535Z","action":"memory.add","actor":"daily-sync","target":"若兰","result":"success","detail":"{\"agent\":\"若兰\",\"type\":\"event\",\"structural_weight\":0}","audit_id":"audit_1787195522535_233z"}
{"timestamp":"2026-08-20T03:12:02.558Z","action":"memory.add","actor":"daily-sync","target":"若兰","result":"success","detail":"{\"agent\":\"若兰\",\"type\":\"event\",\"structural_weight\":0}","audit_id":"audit_1787195522558_unm5"}
{"timestamp":"2026-08-20T03:12:02.583Z","action":"memory.add","actor":"daily-sync","target":"若兰","result":"success","detail":"{\"agent\":\"若兰\",\"type\":\"event\",\"structural_weight\":0}","audit_id":"audit_1787195522583_5jb3"}
{"timestamp":"2026-08-20T03:12:02.608Z","action":"memory.add","actor":"daily-sync","target":"若兰","result":"success","detail":"{\"agent\":\"若兰\",\"type\":\"event\",\"structural_weight\":0}","audit_id":"audit_1787195522608_kje4"}
{"timestamp":"2026-08-20T03:12:02.630Z","action":"memory.add","actor":"daily-sync","target":"若兰","result":"success","detail":"{\"agent\":\"若兰\",\"type\":\"milestone\",\"structural_weight\":0.6}","audit_id":"audit_1787195522630_7qpr"}
{"timestamp":"2026-08-20T03:12:02.657Z","action":"memory.add","actor":"daily-sync","target":"若兰","result":"success","detail":"{\"agent\":\"若兰\",\"type\":\"event\",\"structural_weight\":0}","audit_id":"audit_1787195522657_ta08"}
{"timestamp":"2026-08-20T03:12:02.685Z","action":"memory.add","actor":"daily-sync","target":"若兰","result":"success","detail":"{\"agent\":\"若兰\",\"type\":\"event\",\"structural_weight\":0}","audit_id":"audit_1787195522685_03ac"}
{"timestamp":"2026-08-20T03:12:02.710Z","action":"memory.add","actor":"daily-sync","target":"若兰","result":"success","detail":"{\"agent\":\"若兰\",\"type\":\"milestone\",\"structural_weight\":0.6}","audit_id":"audit_1787195522710_ritz"}
{"timestamp":"2026-08-20T03:12:02.733Z","action":"memory.add","actor":"daily-sync","target":"若兰","result":"success","detail":"{\"agent\":\"若兰\",\"type\":\"event\",\"structural_weight\":0}","audit_id":"audit_1787195522733_7jcl"}
{"timestamp":"2026-08-20T03:12:02.756Z","action":"memory.add","actor":"daily-sync","target":"若兰","result":"success","detail":"{\"agent\":\"若兰\",\"type\":\"event\",\"structural_weight\":0}","audit_id":"audit_1787195522756_tq7j"}
{"timestamp":"2026-08-20T03:12:02.790Z","action":"memory.add","actor":"daily-sync","target":"若兰","result":"success","detail":"{\"agent\":\"若兰\",\"type\":\"milestone\",\"structural_weight\":0.6}","audit_id":"audit_1787195522790_zz2w"}
{"timestamp":"2026-08-20T03:12:02.825Z","action":"memory.add","actor":"daily-sync","target":"若兰","result":"success","detail":"{\"agent\":\"若兰\",\"type\":\"fix\",\"structural_weight\":0}","audit_id":"audit_1787195522825_72k8"}
{"timestamp":"2026-08-20T03:12:02.854Z","action":"memory.add","actor":"daily-sync","target":"若兰","result":"success","detail":"{\"agent\":\"若兰\",\"type\":\"event\",\"structural_weight\":0}","audit_id":"audit_1787195522854_dbk6"}
{"timestamp":"2026-08-20T03:12:02.891Z","action":"memory.add","actor":"daily-sync","target":"若兰","result":"success","detail":"{\"agent\":\"若兰\",\"type\":\"fix\",\"structural_weight\":0}","audit_id":"audit_1787195522891_h53x"}
{"timestamp":"2026-08-20T03:12:02.916Z","action":"memory.add","actor":"daily-sync","target":"若兰","result":"success","detail":"{\"agent\":\"若兰\",\"type\":\"milestone\",\"structural_weight\":0.6}","audit_id":"audit_1787195522916_4tss"}
{"timestamp":"2026-08-20T03:12:02.944Z","action":"memory.add","actor":"daily-sync","target":"若兰","result":"success","detail":"{\"agent\":\"若兰\",\"type\":\"event\",\"structural_weight\":0}","audit_id":"audit_1787195522944_tt1p"}
{"timestamp":"2026-08-20T03:12:02.979Z","action":"memory.add","actor":"daily-sync","target":"若兰","result":"success","detail":"{\"agent\":\"若兰\",\"type\":\"event\",\"structural_weight\":0}","audit_id":"audit_1787195522979_rked"}
{"timestamp":"2026-08-20T03:12:03.005Z","action":"memory.add","actor":"daily-sync","target":"若兰","result":"success","detail":"{\"agent\":\"若兰\",\"type\":\"event\",\"structural_weight\":0}","audit_id":"audit_1787195523005_oo36"}
{"timestamp":"2026-08-20T03:12:03.029Z","action":"memory.add","actor":"daily-sync","target":"若兰","result":"success","detail":"{\"agent\":\"若兰\",\"type\":\"event\",\"structural_weight\":0}","audit_id":"audit_1787195523029_9p80"}
{"timestamp":"2026-08-20T03:12:03.226Z","action":"memory.add","actor":"daily-sync","target":"若兰","result":"success","detail":"{\"agent\":\"若兰\",\"type\":\"event\",\"structural_weight\":0}","audit_id":"audit_1787195523226_9kue"}
{"timestamp":"2026-08-20T03:12:03.252Z","action":"memory.add","actor":"daily-sync","target":"若兰","result":"success","detail":"{\"agent\":\"若兰\",\"type\":\"event\",\"structural_weight\":0}","audit_id":"audit_1787195523252_7dyr"}
{"timestamp":"2026-08-20T03:12:03.273Z","action":"memory.add","actor":"daily-sync","target":"若兰","result":"success","detail":"{\"agent\":\"若兰\",\"type\":\"event\",\"structural_weight\":0}","audit_id":"audit_1787195523273_g3a2"}
{"timestamp":"2026-08-20T03:12:03.306Z","action":"memory.add","actor":"daily-sync","target":"若兰","result":"success","detail":"{\"agent\":\"若兰\",\"type\":\"event\",\"structural_weight\":0}","audit_id":"audit_1787195523306_ngvh"}
{"timestamp":"2026-08-20T03:12:03.334Z","action":"memory.add","actor":"daily-sync","target":"若兰","result":"success","detail":"{\"agent\":\"若兰\",\"type\":\"event\",\"structural_weight\":0}","audit_id":"audit_1787195523334_3xt5"}
{"timestamp":"2026-08-20T03:12:03.364Z","action":"memory.add","actor":"daily-sync","target":"若兰","result":"success","detail":"{\"agent\":\"若兰\",\"type\":\"milestone\",\"structural_weight\":0.6}","audit_id":"audit_1787195523364_8o2w"}
{"timestamp":"2026-08-20T03:12:03.392Z","action":"memory.add","actor":"daily-sync","target":"若兰","result":"success","detail":"{\"agent\":\"若兰\",\"type\":\"todo\",\"structural_weight\":0}","audit_id":"audit_1787195523392_b27u"}
{"timestamp":"2026-08-20T03:12:03.427Z","action":"memory.add","actor":"daily-sync","target":"若兰","result":"success","detail":"{\"agent\":\"若兰\",\"type\":\"event\",\"structural_weight\":0}","audit_id":"audit_1787195523427_hjrs"}
{"timestamp":"2026-08-20T03:12:03.456Z","action":"memory.add","actor":"daily-sync","target":"若兰","result":"success","detail":"{\"agent\":\"若兰\",\"type\":\"event\",\"structural_weight\":0}","audit_id":"audit_1787195523456_rsh7"}
{"timestamp":"2026-08-20T03:12:03.491Z","action":"memory.add","actor":"daily-sync","target":"若兰","result":"success","detail":"{\"agent\":\"若兰\",\"type\":\"event\",\"structural_weight\":0}","audit_id":"audit_1787195523491_c0v0"}
{"timestamp":"2026-08-20T03:12:03.520Z","action":"memory.add","actor":"daily-sync","target":"若兰","result":"success","detail":"{\"agent\":\"若兰\",\"type\":\"milestone\",\"structural_weight\":0.6}","audit_id":"audit_1787195523520_zyx0"}
{"timestamp":"2026-08-20T03:12:03.568Z","action":"memory.add","actor":"daily-sync","target":"若兰","result":"success","detail":"{\"agent\":\"若兰\",\"type\":\"event\",\"structural_weight\":0}","audit_id":"audit_1787195523568_19xc"}
{"timestamp":"2026-08-20T03:12:03.593Z","action":"memory.add","actor":"daily-sync","target":"若兰","result":"success","detail":"{\"agent\":\"若兰\",\"type\":\"event\",\"structural_weight\":0}","audit_id":"audit_1787195523593_acu1"}
{"timestamp":"2026-08-20T03:12:03.618Z","action":"memory.add","actor":"daily-sync","target":"若兰","result":"success","detail":"{\"agent\":\"若兰\",\"type\":\"fix\",\"structural_weight\":0}","audit_id":"audit_1787195523618_3fpb"}
{"timestamp":"2026-08-20T03:12:03.642Z","action":"memory.add","actor":"daily-sync","target":"若兰","result":"success","detail":"{\"agent\":\"若兰\",\"type\":\"fix\",\"structural_weight\":0}","audit_id":"audit_1787195523643_9142"}
{"timestamp":"2026-08-20T03:12:03.672Z","action":"memory.add","actor":"daily-sync","target":"若兰","result":"success","detail":"{\"agent\":\"若兰\",\"type\":\"discovery\",\"structural_weight\":0}","audit_id":"audit_1787195523672_aml9"}
{"timestamp":"2026-08-20T03:12:03.707Z","action":"memory.add","actor":"daily-sync","target":"若兰","result":"success","detail":"{\"agent\":\"若兰\",\"type\":\"event\",\"structural_weight\":0}","audit_id":"audit_1787195523707_q4jw"}
{"timestamp":"2026-08-20T03:12:03.737Z","action":"memory.add","actor":"daily-sync","target":"若兰","result":"success","detail":"{\"agent\":\"若兰\",\"type\":\"event\",\"structural_weight\":0}","audit_id":"audit_1787195523737_1r8h"}
{"timestamp":"2026-08-20T03:12:03.761Z","action":"memory.add","actor":"daily-sync","target":"若兰","result":"success","detail":"{\"agent\":\"若兰\",\"type\":\"fix\",\"structural_weight\":0}","audit_id":"audit_1787195523761_s4w2"}
{"timestamp":"2026-08-20T03:12:03.784Z","action":"memory.add","actor":"daily-sync","target":"若兰","result":"success","detail":"{\"agent\":\"若兰\",\"type\":\"todo\",\"structural_weight\":0}","audit_id":"audit_1787195523784_h9ed"}
{"timestamp":"2026-08-20T03:12:03.813Z","action":"memory.add","actor":"daily-sync","target":"若兰","result":"success","detail":"{\"agent\":\"若兰\",\"type\":\"fix\",\"structural_weight\":0}","audit_id":"audit_1787195523813_5vxs"}
{"timestamp":"2026-08-20T03:12:03.833Z","action":"memory.add","actor":"daily-sync","target":"若兰","result":"success","detail":"{\"agent\":\"若兰\",\"type\":\"event\",\"structural_weight\":0}","audit_id":"audit_1787195523833_5ozi"}
{"timestamp":"2026-08-20T03:12:03.867Z","action":"memory.add","actor":"daily-sync","target":"若兰","result":"success","detail":"{\"agent\":\"若兰\",\"type\":\"event\",\"structural_weight\":0}","audit_id":"audit_1787195523867_8rpn"}
{"timestamp":"2026-08-20T03:12:03.895Z","action":"memory.add","actor":"daily-sync","target":"若兰","result":"success","detail":"{\"agent\":\"若兰\",\"type\":\"event\",\"structural_weight\":0}","audit_id":"audit_1787195523895_tj7d"}
{"timestamp":"2026-08-20T03:12:03.935Z","action":"memory.add","actor":"daily-sync","target":"若兰","result":"success","detail":"{\"agent\":\"若兰\",\"type\":\"event\",\"structural_weight\":0}","audit_id":"audit_1787195523935_nnfb"}
{"timestamp":"2026-08-20T03:12:03.970Z","action":"memory.add","actor":"daily-sync","target":"若兰","result":"success","detail":"{\"agent\":\"若兰\",\"type\":\"decision\",\"structural_weight\":0.6}","audit_id":"audit_1787195523970_1oud"}
{"timestamp":"2026-08-20T03:12:04.007Z","action":"memory.add","actor":"daily-sync","target":"若兰","result":"success","detail":"{\"agent\":\"若兰\",\"type\":\"discovery\",\"structural_weight\":0}","audit_id":"audit_1787195524007_vpyc"}
{"timestamp":"2026-08-20T03:12:04.031Z","action":"memory.add","actor":"daily-sync","target":"若兰","result":"success","detail":"{\"agent\":\"若兰\",\"type\":\"discovery\",\"structural_weight\":0}","audit_id":"audit_1787195524031_69ks"}
{"timestamp":"2026-08-20T03:12:04.061Z","action":"memory.add","actor":"daily-sync","target":"若兰","result":"success","detail":"{\"agent\":\"若兰\",\"type\":\"event\",\"structural_weight\":0}","audit_id":"audit_1787195524061_g9mz"}
{"timestamp":"2026-08-20T03:12:04.091Z","action":"memory.add","actor":"daily-sync","target":"若兰","result":"success","detail":"{\"agent\":\"若兰\",\"type\":\"event\",\"structural_weight\":0}","audit_id":"audit_1787195524091_uolx"}
{"timestamp":"2026-08-20T03:12:04.126Z","action":"memory.add","actor":"daily-sync","target":"若兰","result":"success","detail":"{\"agent\":\"若兰\",\"type\":\"event\",\"structural_weight\":0}","audit_id":"audit_1787195524126_rq1n"}
{"timestamp":"2026-08-20T03:12:04.153Z","action":"memory.add","actor":"daily-sync","target":"若兰","result":"success","detail":"{\"agent\":\"若兰\",\"type\":\"fix\",\"structural_weight\":0}","audit_id":"audit_1787195524153_m79p"}
{"timestamp":"2026-08-20T03:12:04.185Z","action":"memory.add","actor":"daily-sync","target":"若兰","result":"success","detail":"{\"agent\":\"若兰\",\"type\":\"fix\",\"structural_weight\":0}","audit_id":"audit_1787195524185_qd2s"}
{"timestamp":"2026-08-20T03:12:04.206Z","action":"memory.add","actor":"daily-sync","target":"若兰","result":"success","detail":"{\"agent\":\"若兰\",\"type\":\"event\",\"structural_weight\":0}","audit_id":"audit_1787195524206_kwhl"}
{"timestamp":"2026-08-20T03:12:04.233Z","action":"memory.add","actor":"daily-sync","target":"若兰","result":"success","detail":"{\"agent\":\"若兰\",\"type\":\"milestone\",\"structural_weight\":0.6}","audit_id":"audit_1787195524233_dp5p"}
{"timestamp":"2026-08-20T03:12:04.251Z","action":"memory.add","actor":"daily-sync","target":"若兰","result":"success","detail":"{\"agent\":\"若兰\",\"type\":\"milestone\",\"structural_weight\":0.6}","audit_id":"audit_1787195524251_xsvt"}
{"timestamp":"2026-08-20T03:12:04.277Z","action":"memory.add","actor":"daily-sync","target":"若兰","result":"success","detail":"{\"agent\":\"若兰\",\"type\":\"event\",\"structural_weight\":0}","audit_id":"audit_1787195524277_7y2o"}
{"timestamp":"2026-08-20T03:12:04.301Z","action":"memory.add","actor":"daily-sync","target":"若兰","result":"success","detail":"{\"agent\":\"若兰\",\"type\":\"decision\",\"structural_weight\":0.6}","audit_id":"audit_1787195524301_e0nt"}
{"timestamp":"2026-08-20T03:12:04.342Z","action":"memory.get","actor":"若兰","target":"若兰","result":"success","detail":"{\"agent\":\"若兰\",\"count\":1480}","audit_id":"audit_1787195524342_86lg"}
{"timestamp":"2026-08-20T03:12:04.373Z","action":"memory.add","actor":"daily-sync","target":"若兰","result":"success","detail":"{\"agent\":\"若兰\",\"type\":\"event\",\"structural_weight\":0}","audit_id":"audit_1787195524374_43vk"}
{"timestamp":"2026-08-20T03:12:04.395Z","action":"memory.add","actor":"daily-sync","target":"若兰","result":"success","detail":"{\"agent\":\"若兰\",\"type\":\"event\",\"structural_weight\":0}","audit_id":"audit_1787195524395_9mob"}
{"timestamp":"2026-08-20T03:12:04.555Z","action":"memory.add","actor":"daily-sync","target":"若兰","result":"success","detail":"{\"agent\":\"若兰\",\"type\":\"milestone\",\"structural_weight\":0.6}","audit_id":"audit_1787195524555_mck1"}
{"timestamp":"2026-08-20T03:12:04.594Z","action":"memory.add","actor":"daily-sync","target":"若兰","result":"success","detail":"{\"agent\":\"若兰\",\"type\":\"fix\",\"structural_weight\":0}","audit_id":"audit_1787195524594_tvd8"}
{"timestamp":"2026-08-20T03:12:04.629Z","action":"memory.add","actor":"daily-sync","target":"若兰","result":"success","detail":"{\"agent\":\"若兰\",\"type\":\"event\",\"structural_weight\":0}","audit_id":"audit_1787195524629_d8wp"}
{"timestamp":"2026-08-20T03:12:04.672Z","action":"memory.add","actor":"daily-sync","target":"若兰","result":"success","detail":"{\"agent\":\"若兰\",\"type\":\"event\",\"structural_weight\":0}","audit_id":"audit_1787195524672_yu89"}
{"timestamp":"2026-08-20T03:12:04.703Z","action":"memory.add","actor":"daily-sync","target":"若兰","result":"success","detail":"{\"agent\":\"若兰\",\"type\":\"lesson\",\"structural_weight\":0}","audit_id":"audit_1787195524703_btah"}
{"timestamp":"2026-08-20T03:12:04.733Z","action":"memory.add","actor":"daily-sync","target":"若兰","result":"success","detail":"{\"agent\":\"若兰\",\"type\":\"event\",\"structural_weight\":0}","audit_id":"audit_1787195524733_5xlq"}
{"timestamp":"2026-08-20T03:12:04.765Z","action":"memory.add","actor":"daily-sync","target":"若兰","result":"success","detail":"{\"agent\":\"若兰\",\"type\":\"event\",\"structural_weight\":0}","audit_id":"audit_1787195524765_ah7r"}
{"timestamp":"2026-08-20T03:12:04.803Z","action":"memory.add","actor":"daily-sync","target":"若兰","result":"success","detail":"{\"agent\":\"若兰\",\"type\":\"event\",\"structural_weight\":0}","audit_id":"audit_1787195524803_nzyd"}
{"timestamp":"2026-08-20T03:12:04.835Z","action":"memory.add","actor":"daily-sync","target":"若兰","result":"success","detail":"{\"agent\":\"若兰\",\"type\":\"fix\",\"structural_weight\":0}","audit_id":"audit_1787195524835_hlrb"}
{"timestamp":"2026-08-20T03:12:04.873Z","action":"memory.add","actor":"daily-sync","target":"若兰","result":"success","detail":"{\"agent\":\"若兰\",\"type\":\"milestone\",\"structural_weight\":0.6}","audit_id":"audit_1787195524873_8kf0"}
{"timestamp":"2026-08-20T03:12:04.908Z","action":"memory.add","actor":"daily-sync","target":"若兰","result":"success","detail":"{\"agent\":\"若兰\",\"type\":\"todo\",\"structural_weight\":0}","audit_id":"audit_1787195524908_9pjm"}
{"timestamp":"2026-08-20T03:12:04.942Z","action":"memory.add","actor":"daily-sync","target":"若兰","result":"success","detail":"{\"agent\":\"若兰\",\"type\":\"milestone\",\"structural_weight\":0.6}","audit_id":"audit_1787195524942_i09i"}
{"timestamp":"2026-08-20T03:12:04.983Z","action":"memory.add","actor":"daily-sync","target":"若兰","result":"success","detail":"{\"agent\":\"若兰\",\"type\":\"event\",\"structural_weight\":0}","audit_id":"audit_1787195524983_woav"}
{"timestamp":"2026-08-20T03:12:05.015Z","action":"memory.add","actor":"daily-sync","target":"若兰","result":"success","detail":"{\"agent\":\"若兰\",\"type\":\"fix\",\"structural_weight\":0}","audit_id":"audit_1787195525015_7psd"}
{"timestamp":"2026-08-20T03:12:05.061Z","action":"memory.add","actor":"daily-sync","target":"若兰","result":"success","detail":"{\"agent\":\"若兰\",\"type\":\"event\",\"structural_weight\":0}","audit_id":"audit_1787195525061_4572"}
{"timestamp":"2026-08-20T03:12:05.098Z","action":"memory.add","actor":"daily-sync","target":"若兰","result":"success","detail":"{\"agent\":\"若兰\",\"type\":\"fix\",\"structural_weight\":0}","audit_id":"audit_1787195525099_7ut0"}
{"timestamp":"2026-08-20T03:12:05.133Z","action":"memory.add","actor":"daily-sync","target":"若兰","result":"success","detail":"{\"agent\":\"若兰\",\"type\":\"event\",\"structural_weight\":0}","audit_id":"audit_1787195525133_obci"}
{"timestamp":"2026-08-20T03:12:05.169Z","action":"memory.add","actor":"daily-sync","target":"若兰","result":"success","detail":"{\"agent\":\"若兰\",\"type\":\"event\",\"structural_weight\":0}","audit_id":"audit_1787195525169_iwgh"}
{"timestamp":"2026-08-20T03:12:05.201Z","action":"memory.add","actor":"daily-sync","target":"若兰","result":"success","detail":"{\"agent\":\"若兰\",\"type\":\"event\",\"structural_weight\":0}","audit_id":"audit_1787195525201_gedl"}
{"timestamp":"2026-08-20T03:12:05.230Z","action":"memory.add","actor":"daily-sync","target":"若兰","result":"success","detail":"{\"agent\":\"若兰\",\"type\":\"event\",\"structural_weight\":0}","audit_id":"audit_1787195525230_cuec"}
{"timestamp":"2026-08-20T03:12:05.266Z","action":"memory.add","actor":"daily-sync","target":"若兰","result":"success","detail":"{\"agent\":\"若兰\",\"type\":\"fix\",\"structural_weight\":0}","audit_id":"audit_1787195525266_gynf"}
{"timestamp":"2026-08-20T03:12:05.299Z","action":"memory.add","actor":"daily-sync","target":"若兰","result":"success","detail":"{\"agent\":\"若兰\",\"type\":\"event\",\"structural_weight\":0}","audit_id":"audit_1787195525299_hymn"}
{"timestamp":"2026-08-20T03:12:05.343Z","action":"memory.add","actor":"daily-sync","target":"若兰","result":"success","detail":"{\"agent\":\"若兰\",\"type\":\"decision\",\"structural_weight\":0.6}","audit_id":"audit_1787195525343_bafw"}
{"timestamp":"2026-08-20T03:12:05.386Z","action":"memory.add","actor":"daily-sync","target":"若兰","result":"success","detail":"{\"agent\":\"若兰\",\"type\":\"event\",\"structural_weight\":0}","audit_id":"audit_1787195525386_n7xv"}
{"timestamp":"2026-08-20T03:12:05.427Z","action":"memory.add","actor":"daily-sync","target":"若兰","result":"success","detail":"{\"agent\":\"若兰\",\"type\":\"event\",\"structural_weight\":0}","audit_id":"audit_1787195525427_wpzq"}
{"timestamp":"2026-08-20T03:12:05.459Z","action":"memory.add","actor":"daily-sync","target":"若兰","result":"success","detail":"{\"agent\":\"若兰\",\"type\":\"event\",\"structural_weight\":0}","audit_id":"audit_1787195525459_i8qa"}
{"timestamp":"2026-08-20T03:12:05.496Z","action":"memory.add","actor":"daily-sync","target":"若兰","result":"success","detail":"{\"agent\":\"若兰\",\"type\":\"event\",\"structural_weight\":0}","audit_id":"audit_1787195525496_7zzb"}
{"timestamp":"2026-08-20T03:12:05.528Z","action":"memory.add","actor":"daily-sync","target":"若兰","result":"success","detail":"{\"agent\":\"若兰\",\"type\":\"milestone\",\"structural_weight\":0.6}","audit_id":"audit_1787195525528_5pri"}
{"timestamp":"2026-08-20T03:12:05.558Z","action":"memory.add","actor":"daily-sync","target":"若兰","result":"success","detail":"{\"agent\":\"若兰\",\"type\":\"milestone\",\"structural_weight\":0.6}","audit_id":"audit_1787195525558_sz74"}
{"timestamp":"2026-08-20T03:12:05.583Z","action":"memory.add","actor":"daily-sync","target":"若兰","result":"success","detail":"{\"agent\":\"若兰\",\"type\":\"milestone\",\"structural_weight\":0.6}","audit_id":"audit_1787195525583_ftxw"}
{"timestamp":"2026-08-20T03:12:05.610Z","action":"memory.add","actor":"daily-sync","target":"若兰","result":"success","detail":"{\"agent\":\"若兰\",\"type\":\"event\",\"structural_weight\":0}","audit_id":"audit_1787195525610_p211"}
{"timestamp":"2026-08-20T03:12:05.636Z","action":"memory.add","actor":"daily-sync","target":"若兰","result":"success","detail":"{\"agent\":\"若兰\",\"type\":\"event\",\"structural_weight\":0}","audit_id":"audit_1787195525636_6nan"}
{"timestamp":"2026-08-20T03:12:05.675Z","action":"memory.add","actor":"daily-sync","target":"若兰","result":"success","detail":"{\"agent\":\"若兰\",\"type\":\"event\",\"structural_weight\":0}","audit_id":"audit_1787195525675_f1ek"}
{"timestamp":"2026-08-20T03:12:05.703Z","action":"memory.add","actor":"daily-sync","target":"若兰","result":"success","detail":"{\"agent\":\"若兰\",\"type\":\"event\",\"structural_weight\":0}","audit_id":"audit_1787195525703_zei6"}
{"timestamp":"2026-08-20T03:12:05.732Z","action":"memory.add","actor":"daily-sync","target":"若兰","result":"success","detail":"{\"agent\":\"若兰\",\"type\":\"milestone\",\"structural_weight\":0.6}","audit_id":"audit_1787195525732_434i"}
{"timestamp":"2026-08-20T03:12:05.754Z","action":"memory.add","actor":"daily-sync","target":"若兰","result":"success","detail":"{\"agent\":\"若兰\",\"type\":\"milestone\",\"structural_weight\":0.6}","audit_id":"audit_1787195525754_vl7w"}
{"timestamp":"2026-08-20T03:12:06.196Z","action":"memory.add","actor":"daily-sync","target":"若兰","result":"success","detail":"{\"agent\":\"若兰\",\"type\":\"event\",\"structural_weight\":0}","audit_id":"audit_1787195526196_whvo"}
{"timestamp":"2026-08-20T03:12:06.238Z","action":"memory.add","actor":"daily-sync","target":"若兰","result":"success","detail":"{\"agent\":\"若兰\",\"type\":\"event\",\"structural_weight\":0}","audit_id":"audit_1787195526238_gxf8"}
{"timestamp":"2026-08-20T03:12:06.269Z","action":"memory.add","actor":"daily-sync","target":"若兰","result":"success","detail":"{\"agent\":\"若兰\",\"type\":\"event\",\"structural_weight\":0}","audit_id":"audit_1787195526269_qz91"}
{"timestamp":"2026-08-20T03:12:06.300Z","action":"memory.add","actor":"daily-sync","target":"若兰","result":"success","detail":"{\"agent\":\"若兰\",\"type\":\"event\",\"structural_weight\":0}","audit_id":"audit_1787195526300_atkd"}
{"timestamp":"2026-08-20T03:12:06.335Z","action":"memory.add","actor":"daily-sync","target":"若兰","result":"success","detail":"{\"agent\":\"若兰\",\"type\":\"event\",\"structural_weight\":0}","audit_id":"audit_1787195526335_pz0t"}
{"timestamp":"2026-08-20T03:12:06.374Z","action":"memory.add","actor":"daily-sync","target":"若兰","result":"success","detail":"{\"agent\":\"若兰\",\"type\":\"fix\",\"structural_weight\":0}","audit_id":"audit_1787195526374_6so3"}
{"timestamp":"2026-08-20T03:12:06.403Z","action":"memory.add","actor":"daily-sync","target":"若兰","result":"success","detail":"{\"agent\":\"若兰\",\"type\":\"event\",\"structural_weight\":0}","audit_id":"audit_1787195526403_soaw"}
{"timestamp":"2026-08-20T03:12:06.423Z","action":"memory.add","actor":"daily-sync","target":"若兰","result":"success","detail":"{\"agent\":\"若兰\",\"type\":\"event\",\"structural_weight\":0}","audit_id":"audit_1787195526423_iqic"}
{"timestamp":"2026-08-20T03:12:06.453Z","action":"memory.add","actor":"daily-sync","target":"若兰","result":"success","detail":"{\"agent\":\"若兰\",\"type\":\"event\",\"structural_weight\":0}","audit_id":"audit_1787195526454_ecyg"}
{"timestamp":"2026-08-20T03:12:06.481Z","action":"memory.add","actor":"daily-sync","target":"若兰","result":"success","detail":"{\"agent\":\"若兰\",\"type\":\"event\",\"structural_weight\":0}","audit_id":"audit_1787195526481_6m00"}
{"timestamp":"2026-08-20T03:12:06.541Z","action":"memory.add","actor":"daily-sync","target":"若兰","result":"success","detail":"{\"agent\":\"若兰\",\"type\":\"fix\",\"structural_weight\":0}","audit_id":"audit_1787195526541_i82h"}
{"timestamp":"2026-08-20T03:12:06.575Z","action":"memory.add","actor":"daily-sync","target":"若兰","result":"success","detail":"{\"agent\":\"若兰\",\"type\":\"event\",\"structural_weight\":0}","audit_id":"audit_1787195526575_i780"}
{"timestamp":"2026-08-20T03:12:06.600Z","action":"memory.add","actor":"daily-sync","target":"若兰","result":"success","detail":"{\"agent\":\"若兰\",\"type\":\"fix\",\"structural_weight\":0}","audit_id":"audit_1787195526600_r9p9"}
{"timestamp":"2026-08-20T03:12:06.633Z","action":"memory.add","actor":"daily-sync","target":"若兰","result":"success","detail":"{\"agent\":\"若兰\",\"type\":\"fix\",\"structural_weight\":0}","audit_id":"audit_1787195526633_g8p7"}
{"timestamp":"2026-08-20T03:12:06.656Z","action":"memory.add","actor":"daily-sync","target":"若兰","result":"success","detail":"{\"agent\":\"若兰\",\"type\":\"lesson\",\"structural_weight\":0}","audit_id":"audit_1787195526656_eqwi"}
{"timestamp":"2026-08-20T03:12:06.678Z","action":"memory.add","actor":"daily-sync","target":"若兰","result":"success","detail":"{\"agent\":\"若兰\",\"type\":\"lesson\",\"structural_weight\":0}","audit_id":"audit_1787195526678_2vgu"}
{"timestamp":"2026-08-20T03:12:06.708Z","action":"memory.add","actor":"daily-sync","target":"若兰","result":"success","detail":"{\"agent\":\"若兰\",\"type\":\"event\",\"structural_weight\":0}","audit_id":"audit_1787195526708_9bj2"}
{"timestamp":"2026-08-20T03:12:06.733Z","action":"memory.add","actor":"daily-sync","target":"若兰","result":"success","detail":"{\"agent\":\"若兰\",\"type\":\"fix\",\"structural_weight\":0}","audit_id":"audit_1787195526733_v12m"}
{"timestamp":"2026-08-20T03:12:06.760Z","action":"memory.add","actor":"daily-sync","target":"若兰","result":"success","detail":"{\"agent\":\"若兰\",\"type\":\"event\",\"structural_weight\":0}","audit_id":"audit_1787195526760_oacm"}
{"timestamp":"2026-08-20T03:12:06.786Z","action":"memory.add","actor":"daily-sync","target":"若兰","result":"success","detail":"{\"agent\":\"若兰\",\"type\":\"event\",\"structural_weight\":0}","audit_id":"audit_1787195526786_3b2d"}
{"timestamp":"2026-08-20T03:12:06.808Z","action":"memory.add","actor":"daily-sync","target":"若兰","result":"success","detail":"{\"agent\":\"若兰\",\"type\":\"event\",\"structural_weight\":0}","audit_id":"audit_1787195526808_2c4a"}
{"timestamp":"2026-08-20T03:12:06.840Z","action":"memory.add","actor":"daily-sync","target":"若兰","result":"success","detail":"{\"agent\":\"若兰\",\"type\":\"event\",\"structural_weight\":0}","audit_id":"audit_1787195526840_40ti"}
{"timestamp":"2026-08-20T03:12:06.909Z","action":"memory.add","actor":"daily-sync","target":"若兰","result":"success","detail":"{\"agent\":\"若兰\",\"type\":\"event\",\"structural_weight\":0}","audit_id":"audit_1787195526909_kbw6"}
{"timestamp":"2026-08-20T03:12:06.943Z","action":"memory.add","actor":"daily-sync","target":"若兰","result":"success","detail":"{\"agent\":\"若兰\",\"type\":\"event\",\"structural_weight\":0}","audit_id":"audit_1787195526943_1fis"}
{"timestamp":"2026-08-20T03:12:06.976Z","action":"memory.add","actor":"daily-sync","target":"若兰","result":"success","detail":"{\"agent\":\"若兰\",\"type\":\"fix\",\"structural_weight\":0}","audit_id":"audit_1787195526976_oh8d"}
{"timestamp":"2026-08-20T03:12:07.009Z","action":"memory.add","actor":"daily-sync","target":"若兰","result":"success","detail":"{\"agent\":\"若兰\",\"type\":\"event\",\"structural_weight\":0}","audit_id":"audit_1787195527009_tmae"}
{"timestamp":"2026-08-20T03:12:07.041Z","action":"memory.add","actor":"daily-sync","target":"若兰","result":"success","detail":"{\"agent\":\"若兰\",\"type\":\"fix\",\"structural_weight\":0}","audit_id":"audit_1787195527041_6cwl"}
{"timestamp":"2026-08-20T03:12:07.070Z","action":"memory.add","actor":"daily-sync","target":"若兰","result":"success","detail":"{\"agent\":\"若兰\",\"type\":\"event\",\"structural_weight\":0}","audit_id":"audit_1787195527070_bjnm"}
{"timestamp":"2026-08-20T03:12:07.095Z","action":"memory.add","actor":"daily-sync","target":"若兰","result":"success","detail":"{\"agent\":\"若兰\",\"type\":\"event\",\"structural_weight\":0}","audit_id":"audit_1787195527095_5d74"}
{"timestamp":"2026-08-20T03:12:07.130Z","action":"memory.add","actor":"daily-sync","target":"若兰","result":"success","detail":"{\"agent\":\"若兰\",\"type\":\"event\",\"structural_weight\":0}","audit_id":"audit_1787195527130_jggx"}
{"timestamp":"2026-08-20T03:12:07.181Z","action":"memory.add","actor":"daily-sync","target":"若兰","result":"success","detail":"{\"agent\":\"若兰\",\"type\":\"event\",\"structural_weight\":0}","audit_id":"audit_1787195527181_7j1n"}
{"timestamp":"2026-08-20T03:12:07.223Z","action":"memory.add","actor":"daily-sync","target":"若兰","result":"success","detail":"{\"agent\":\"若兰\",\"type\":\"event\",\"structural_weight\":0}","audit_id":"audit_1787195527223_m15d"}
{"timestamp":"2026-08-20T03:12:07.258Z","action":"memory.add","actor":"daily-sync","target":"若兰","result":"success","detail":"{\"agent\":\"若兰\",\"type\":\"event\",\"structural_weight\":0}","audit_id":"audit_1787195527258_ekza"}
{"timestamp":"2026-08-20T03:12:07.297Z","action":"memory.add","actor":"daily-sync","target":"若兰","result":"success","detail":"{\"agent\":\"若兰\",\"type\":\"event\",\"structural_weight\":0}","audit_id":"audit_1787195527297_utul"}
{"timestamp":"2026-08-20T03:12:07.325Z","action":"memory.add","actor":"daily-sync","target":"若兰","result":"success","detail":"{\"agent\":\"若兰\",\"type\":\"event\",\"structural_weight\":0}","audit_id":"audit_1787195527325_5of4"}
{"timestamp":"2026-08-20T03:12:07.356Z","action":"memory.add","actor":"daily-sync","target":"若兰","result":"success","detail":"{\"agent\":\"若兰\",\"type\":\"event\",\"structural_weight\":0}","audit_id":"audit_1787195527356_arf4"}
{"timestamp":"2026-08-20T03:12:07.387Z","action":"memory.add","actor":"daily-sync","target":"若兰","result":"success","detail":"{\"agent\":\"若兰\",\"type\":\"event\",\"structural_weight\":0}","audit_id":"audit_1787195527387_29dn"}
{"timestamp":"2026-08-20T03:12:07.416Z","action":"memory.add","actor":"daily-sync","target":"若兰","result":"success","detail":"{\"agent\":\"若兰\",\"type\":\"event\",\"structural_weight\":0}","audit_id":"audit_1787195527416_app0"}
{"timestamp":"2026-08-20T03:12:07.438Z","action":"memory.add","actor":"daily-sync","target":"若兰","result":"success","detail":"{\"agent\":\"若兰\",\"type\":\"event\",\"structural_weight\":0}","audit_id":"audit_1787195527438_e0pa"}
{"timestamp":"2026-08-20T03:12:07.465Z","action":"memory.add","actor":"daily-sync","target":"若兰","result":"success","detail":"{\"agent\":\"若兰\",\"type\":\"event\",\"structural_weight\":0}","audit_id":"audit_1787195527465_ip7i"}
{"timestamp":"2026-08-20T03:12:07.508Z","action":"memory.add","actor":"daily-sync","target":"若兰","result":"success","detail":"{\"agent\":\"若兰\",\"type\":\"event\",\"structural_weight\":0}","audit_id":"audit_1787195527508_s6rj"}
{"timestamp":"2026-08-20T03:12:07.531Z","action":"memory.add","actor":"daily-sync","target":"若兰","result":"success","detail":"{\"agent\":\"若兰\",\"type\":\"event\",\"structural_weight\":0}","audit_id":"audit_1787195527531_1otz"}
{"timestamp":"2026-08-20T03:12:07.549Z","action":"memory.add","actor":"daily-sync","target":"若兰","result":"success","detail":"{\"agent\":\"若兰\",\"type\":\"event\",\"structural_weight\":0}","audit_id":"audit_1787195527549_gpr9"}
{"timestamp":"2026-08-20T03:12:07.570Z","action":"memory.add","actor":"daily-sync","target":"若兰","result":"success","detail":"{\"agent\":\"若兰\",\"type\":\"event\",\"structural_weight\":0}","audit_id":"audit_1787195527570_uy4y"}
{"timestamp":"2026-08-20T03:12:07.602Z","action":"memory.add","actor":"daily-sync","target":"若兰","result":"success","detail":"{\"agent\":\"若兰\",\"type\":\"milestone\",\"structural_weight\":0.6}","audit_id":"audit_1787195527602_zv16"}
{"timestamp":"2026-08-20T03:12:07.631Z","action":"memory.add","actor":"daily-sync","target":"若兰","result":"success","detail":"{\"agent\":\"若兰\",\"type\":\"milestone\",\"structural_weight\":0.6}","audit_id":"audit_1787195527631_57ck"}
{"timestamp":"2026-08-20T03:12:07.658Z","action":"memory.add","actor":"daily-sync","target":"若兰","result":"success","detail":"{\"agent\":\"若兰\",\"type\":\"event\",\"structural_weight\":0}","audit_id":"audit_1787195527658_9zyv"}
{"timestamp":"2026-08-20T03:12:07.691Z","action":"memory.add","actor":"daily-sync","target":"若兰","result":"success","detail":"{\"agent\":\"若兰\",\"type\":\"event\",\"structural_weight\":0}","audit_id":"audit_1787195527691_ssiq"}
{"timestamp":"2026-08-20T03:12:07.719Z","action":"memory.add","actor":"daily-sync","target":"若兰","result":"success","detail":"{\"agent\":\"若兰\",\"type\":\"decision\",\"structural_weight\":0.6}","audit_id":"audit_1787195527719_dwek"}
{"timestamp":"2026-08-20T03:12:07.761Z","action":"memory.get","actor":"若兰","target":"若兰","result":"success","detail":"{\"agent\":\"若兰\",\"count\":1567}","audit_id":"audit_1787195527761_126i"}
{"timestamp":"2026-08-20T03:12:07.801Z","action":"memory.add","actor":"daily-sync","target":"若兰","result":"success","detail":"{\"agent\":\"若兰\",\"type\":\"milestone\",\"structural_weight\":0.6}","audit_id":"audit_1787195527801_anft"}
{"timestamp":"2026-08-20T03:12:07.836Z","action":"memory.add","actor":"daily-sync","target":"若兰","result":"success","detail":"{\"agent\":\"若兰\",\"type\":\"milestone\",\"structural_weight\":0.6}","audit_id":"audit_1787195527836_2wbs"}
{"timestamp":"2026-08-20T03:12:07.865Z","action":"memory.add","actor":"daily-sync","target":"若兰","result":"success","detail":"{\"agent\":\"若兰\",\"type\":\"milestone\",\"structural_weight\":0.6}","audit_id":"audit_1787195527865_p1ka"}
{"timestamp":"2026-08-20T03:12:07.896Z","action":"memory.add","actor":"daily-sync","target":"若兰","result":"success","detail":"{\"agent\":\"若兰\",\"type\":\"milestone\",\"structural_weight\":0.6}","audit_id":"audit_1787195527896_sine"}
{"timestamp":"2026-08-20T03:12:07.939Z","action":"memory.add","actor":"daily-sync","target":"若兰","result":"success","detail":"{\"agent\":\"若兰\",\"type\":\"milestone\",\"structural_weight\":0.6}","audit_id":"audit_1787195527939_hia3"}
{"timestamp":"2026-08-20T03:12:07.982Z","action":"memory.add","actor":"daily-sync","target":"若兰","result":"success","detail":"{\"agent\":\"若兰\",\"type\":\"event\",\"structural_weight\":0}","audit_id":"audit_1787195527982_32cs"}
{"timestamp":"2026-08-20T03:12:08.031Z","action":"memory.add","actor":"daily-sync","target":"若兰","result":"success","detail":"{\"agent\":\"若兰\",\"type\":\"fix\",\"structural_weight\":0}","audit_id":"audit_1787195528031_6f1q"}
{"timestamp":"2026-08-20T03:12:08.063Z","action":"memory.add","actor":"daily-sync","target":"若兰","result":"success","detail":"{\"agent\":\"若兰\",\"type\":\"decision\",\"structural_weight\":0.6}","audit_id":"audit_1787195528063_lpom"}
{"timestamp":"2026-08-20T03:12:08.095Z","action":"memory.add","actor":"daily-sync","target":"若兰","result":"success","detail":"{\"agent\":\"若兰\",\"type\":\"decision\",\"structural_weight\":0.6}","audit_id":"audit_1787195528095_u86e"}
{"timestamp":"2026-08-20T03:12:08.128Z","action":"memory.add","actor":"daily-sync","target":"若兰","result":"success","detail":"{\"agent\":\"若兰\",\"type\":\"event\",\"structural_weight\":0}","audit_id":"audit_1787195528128_4wk0"}
{"timestamp":"2026-08-20T03:12:08.154Z","action":"memory.add","actor":"daily-sync","target":"若兰","result":"success","detail":"{\"agent\":\"若兰\",\"type\":\"discovery\",\"structural_weight\":0}","audit_id":"audit_1787195528154_btoi"}
{"timestamp":"2026-08-20T03:12:08.177Z","action":"memory.add","actor":"daily-sync","target":"若兰","result":"success","detail":"{\"agent\":\"若兰\",\"type\":\"event\",\"structural_weight\":0}","audit_id":"audit_1787195528177_sg6m"}
{"timestamp":"2026-08-20T03:12:08.206Z","action":"memory.add","actor":"daily-sync","target":"若兰","result":"success","detail":"{\"agent\":\"若兰\",\"type\":\"event\",\"structural_weight\":0}","audit_id":"audit_1787195528206_q7fk"}
{"timestamp":"2026-08-20T03:12:08.228Z","action":"memory.add","actor":"daily-sync","target":"若兰","result":"success","detail":"{\"agent\":\"若兰\",\"type\":\"milestone\",\"structural_weight\":0.6}","audit_id":"audit_1787195528228_l69c"}
{"timestamp":"2026-08-20T03:12:08.255Z","action":"memory.add","actor":"daily-sync","target":"若兰","result":"success","detail":"{\"agent\":\"若兰\",\"type\":\"event\",\"structural_weight\":0}","audit_id":"audit_1787195528255_zrmm"}
{"timestamp":"2026-08-20T03:12:08.284Z","action":"memory.add","actor":"daily-sync","target":"若兰","result":"success","detail":"{\"agent\":\"若兰\",\"type\":\"event\",\"structural_weight\":0}","audit_id":"audit_1787195528284_bx6v"}
{"timestamp":"2026-08-20T03:12:08.301Z","action":"memory.add","actor":"daily-sync","target":"若兰","result":"success","detail":"{\"agent\":\"若兰\",\"type\":\"event\",\"structural_weight\":0}","audit_id":"audit_1787195528301_ux85"}
{"timestamp":"2026-08-20T03:12:08.328Z","action":"memory.add","actor":"daily-sync","target":"若兰","result":"success","detail":"{\"agent\":\"若兰\",\"type\":\"event\",\"structural_weight\":0}","audit_id":"audit_1787195528328_fzxa"}
{"timestamp":"2026-08-20T03:12:08.351Z","action":"memory.add","actor":"daily-sync","target":"若兰","result":"success","detail":"{\"agent\":\"若兰\",\"type\":\"event\",\"structural_weight\":0}","audit_id":"audit_1787195528351_ajqx"}
{"timestamp":"2026-08-20T03:12:08.390Z","action":"memory.add","actor":"daily-sync","target":"若兰","result":"success","detail":"{\"agent\":\"若兰\",\"type\":\"event\",\"structural_weight\":0}","audit_id":"audit_1787195528390_h5ax"}
{"timestamp":"2026-08-20T03:12:08.409Z","action":"memory.add","actor":"daily-sync","target":"若兰","result":"success","detail":"{\"agent\":\"若兰\",\"type\":\"event\",\"structural_weight\":0}","audit_id":"audit_1787195528409_13s7"}
{"timestamp":"2026-08-20T03:12:08.430Z","action":"memory.add","actor":"daily-sync","target":"若兰","result":"success","detail":"{\"agent\":\"若兰\",\"type\":\"event\",\"structural_weight\":0}","audit_id":"audit_1787195528430_5o3c"}
{"timestamp":"2026-08-20T03:12:08.465Z","action":"memory.add","actor":"daily-sync","target":"若兰","result":"success","detail":"{\"agent\":\"若兰\",\"type\":\"event\",\"structural_weight\":0}","audit_id":"audit_1787195528465_jlqq"}
{"timestamp":"2026-08-20T03:12:08.637Z","action":"memory.add","actor":"daily-sync","target":"若兰","result":"success","detail":"{\"agent\":\"若兰\",\"type\":\"event\",\"structural_weight\":0}","audit_id":"audit_1787195528637_777f"}
{"timestamp":"2026-08-20T03:12:08.661Z","action":"memory.add","actor":"daily-sync","target":"若兰","result":"success","detail":"{\"agent\":\"若兰\",\"type\":\"event\",\"structural_weight\":0}","audit_id":"audit_1787195528661_0c6y"}
{"timestamp":"2026-08-20T03:12:08.689Z","action":"memory.add","actor":"daily-sync","target":"若兰","result":"success","detail":"{\"agent\":\"若兰\",\"type\":\"event\",\"structural_weight\":0}","audit_id":"audit_1787195528689_mtko"}
{"timestamp":"2026-08-20T03:12:08.721Z","action":"memory.add","actor":"daily-sync","target":"若兰","result":"success","detail":"{\"agent\":\"若兰\",\"type\":\"event\",\"structural_weight\":0}","audit_id":"audit_1787195528721_vjox"}
{"timestamp":"2026-08-20T03:12:08.748Z","action":"memory.add","actor":"daily-sync","target":"若兰","result":"success","detail":"{\"agent\":\"若兰\",\"type\":\"discovery\",\"structural_weight\":0}","audit_id":"audit_1787195528748_6rob"}
{"timestamp":"2026-08-20T03:12:08.780Z","action":"memory.add","actor":"daily-sync","target":"若兰","result":"success","detail":"{\"agent\":\"若兰\",\"type\":\"fix\",\"structural_weight\":0}","audit_id":"audit_1787195528780_utkd"}
{"timestamp":"2026-08-20T03:12:08.808Z","action":"memory.add","actor":"daily-sync","target":"若兰","result":"success","detail":"{\"agent\":\"若兰\",\"type\":\"event\",\"structural_weight\":0}","audit_id":"audit_1787195528809_fmn0"}
{"timestamp":"2026-08-20T03:12:08.826Z","action":"memory.add","actor":"daily-sync","target":"若兰","result":"success","detail":"{\"agent\":\"若兰\",\"type\":\"decision\",\"structural_weight\":0.6}","audit_id":"audit_1787195528826_36ll"}
{"timestamp":"2026-08-20T03:12:08.851Z","action":"memory.add","actor":"daily-sync","target":"若兰","result":"success","detail":"{\"agent\":\"若兰\",\"type\":\"event\",\"structural_weight\":0}","audit_id":"audit_1787195528851_bcqa"}
{"timestamp":"2026-08-20T03:12:08.874Z","action":"memory.add","actor":"daily-sync","target":"若兰","result":"success","detail":"{\"agent\":\"若兰\",\"type\":\"discovery\",\"structural_weight\":0}","audit_id":"audit_1787195528874_rwdd"}
{"timestamp":"2026-08-20T03:12:08.908Z","action":"memory.add","actor":"daily-sync","target":"若兰","result":"success","detail":"{\"agent\":\"若兰\",\"type\":\"event\",\"structural_weight\":0}","audit_id":"audit_1787195528908_py0m"}
{"timestamp":"2026-08-20T03:12:08.940Z","action":"memory.add","actor":"daily-sync","target":"若兰","result":"success","detail":"{\"agent\":\"若兰\",\"type\":\"discovery\",\"structural_weight\":0}","audit_id":"audit_1787195528940_bef5"}
{"timestamp":"2026-08-20T03:12:08.969Z","action":"memory.add","actor":"daily-sync","target":"若兰","result":"success","detail":"{\"agent\":\"若兰\",\"type\":\"lesson\",\"structural_weight\":0}","audit_id":"audit_1787195528969_8e4c"}
{"timestamp":"2026-08-20T03:12:08.999Z","action":"memory.add","actor":"daily-sync","target":"若兰","result":"success","detail":"{\"agent\":\"若兰\",\"type\":\"fix\",\"structural_weight\":0}","audit_id":"audit_1787195528999_qeak"}
{"timestamp":"2026-08-20T03:12:09.024Z","action":"memory.add","actor":"daily-sync","target":"若兰","result":"success","detail":"{\"agent\":\"若兰\",\"type\":\"discovery\",\"structural_weight\":0}","audit_id":"audit_1787195529024_dlsq"}
{"timestamp":"2026-08-20T03:12:09.057Z","action":"memory.add","actor":"daily-sync","target":"若兰","result":"success","detail":"{\"agent\":\"若兰\",\"type\":\"discovery\",\"structural_weight\":0}","audit_id":"audit_1787195529057_sp3b"}
{"timestamp":"2026-08-20T03:12:09.093Z","action":"memory.add","actor":"daily-sync","target":"若兰","result":"success","detail":"{\"agent\":\"若兰\",\"type\":\"discovery\",\"structural_weight\":0}","audit_id":"audit_1787195529093_fcmy"}
{"timestamp":"2026-08-20T03:12:09.139Z","action":"memory.add","actor":"daily-sync","target":"若兰","result":"success","detail":"{\"agent\":\"若兰\",\"type\":\"event\",\"structural_weight\":0}","audit_id":"audit_1787195529139_uwl5"}
{"timestamp":"2026-08-20T03:12:09.175Z","action":"memory.add","actor":"daily-sync","target":"若兰","result":"success","detail":"{\"agent\":\"若兰\",\"type\":\"event\",\"structural_weight\":0}","audit_id":"audit_1787195529175_zfg9"}
{"timestamp":"2026-08-20T03:12:09.211Z","action":"memory.add","actor":"daily-sync","target":"若兰","result":"success","detail":"{\"agent\":\"若兰\",\"type\":\"event\",\"structural_weight\":0}","audit_id":"audit_1787195529211_ar9r"}
{"timestamp":"2026-08-20T03:12:09.249Z","action":"memory.add","actor":"daily-sync","target":"若兰","result":"success","detail":"{\"agent\":\"若兰\",\"type\":\"event\",\"structural_weight\":0}","audit_id":"audit_1787195529249_1ki0"}
{"timestamp":"2026-08-20T03:12:09.279Z","action":"memory.add","actor":"daily-sync","target":"若兰","result":"success","detail":"{\"agent\":\"若兰\",\"type\":\"event\",\"structural_weight\":0}","audit_id":"audit_1787195529279_1nzf"}
{"timestamp":"2026-08-20T03:12:09.305Z","action":"memory.add","actor":"daily-sync","target":"若兰","result":"success","detail":"{\"agent\":\"若兰\",\"type\":\"todo\",\"structural_weight\":0}","audit_id":"audit_1787195529305_wvo2"}
{"timestamp":"2026-08-20T03:12:09.328Z","action":"memory.add","actor":"daily-sync","target":"若兰","result":"success","detail":"{\"agent\":\"若兰\",\"type\":\"event\",\"structural_weight\":0}","audit_id":"audit_1787195529328_kj5m"}
{"timestamp":"2026-08-20T03:12:09.351Z","action":"memory.add","actor":"daily-sync","target":"若兰","result":"success","detail":"{\"agent\":\"若兰\",\"type\":\"fix\",\"structural_weight\":0}","audit_id":"audit_1787195529351_i5ux"}
{"timestamp":"2026-08-20T03:12:09.379Z","action":"memory.add","actor":"daily-sync","target":"若兰","result":"success","detail":"{\"agent\":\"若兰\",\"type\":\"event\",\"structural_weight\":0}","audit_id":"audit_1787195529379_gsul"}
{"timestamp":"2026-08-20T03:12:09.404Z","action":"memory.add","actor":"daily-sync","target":"若兰","result":"success","detail":"{\"agent\":\"若兰\",\"type\":\"event\",\"structural_weight\":0}","audit_id":"audit_1787195529404_vyua"}
{"timestamp":"2026-08-20T03:12:09.426Z","action":"memory.add","actor":"daily-sync","target":"若兰","result":"success","detail":"{\"agent\":\"若兰\",\"type\":\"event\",\"structural_weight\":0}","audit_id":"audit_1787195529426_trj2"}
{"timestamp":"2026-08-20T03:12:09.461Z","action":"memory.add","actor":"daily-sync","target":"若兰","result":"success","detail":"{\"agent\":\"若兰\",\"type\":\"fix\",\"structural_weight\":0}","audit_id":"audit_1787195529461_dp9m"}
{"timestamp":"2026-08-20T03:12:09.548Z","action":"memory.add","actor":"daily-sync","target":"若兰","result":"success","detail":"{\"agent\":\"若兰\",\"type\":\"discovery\",\"structural_weight\":0}","audit_id":"audit_1787195529548_mmlx"}
{"timestamp":"2026-08-20T03:12:09.606Z","action":"memory.add","actor":"daily-sync","target":"若兰","result":"success","detail":"{\"agent\":\"若兰\",\"type\":\"discovery\",\"structural_weight\":0}","audit_id":"audit_1787195529606_pjhv"}
{"timestamp":"2026-08-20T03:12:09.661Z","action":"memory.add","actor":"daily-sync","target":"若兰","result":"success","detail":"{\"agent\":\"若兰\",\"type\":\"event\",\"structural_weight\":0}","audit_id":"audit_1787195529661_qoue"}
{"timestamp":"2026-08-20T03:12:09.687Z","action":"memory.add","actor":"daily-sync","target":"若兰","result":"success","detail":"{\"agent\":\"若兰\",\"type\":\"event\",\"structural_weight\":0}","audit_id":"audit_1787195529687_8vgz"}
{"timestamp":"2026-08-20T03:12:09.713Z","action":"memory.add","actor":"daily-sync","target":"若兰","result":"success","detail":"{\"agent\":\"若兰\",\"type\":\"event\",\"structural_weight\":0}","audit_id":"audit_1787195529713_wh8o"}
{"timestamp":"2026-08-20T03:12:09.737Z","action":"memory.add","actor":"daily-sync","target":"若兰","result":"success","detail":"{\"agent\":\"若兰\",\"type\":\"event\",\"structural_weight\":0}","audit_id":"audit_1787195529737_vlb8"}
{"timestamp":"2026-08-20T03:12:09.766Z","action":"memory.add","actor":"daily-sync","target":"若兰","result":"success","detail":"{\"agent\":\"若兰\",\"type\":\"event\",\"structural_weight\":0}","audit_id":"audit_1787195529766_hw15"}
{"timestamp":"2026-08-20T03:12:09.785Z","action":"memory.add","actor":"daily-sync","target":"若兰","result":"success","detail":"{\"agent\":\"若兰\",\"type\":\"discovery\",\"structural_weight\":0}","audit_id":"audit_1787195529785_l033"}
{"timestamp":"2026-08-20T03:12:09.811Z","action":"memory.add","actor":"daily-sync","target":"若兰","result":"success","detail":"{\"agent\":\"若兰\",\"type\":\"event\",\"structural_weight\":0}","audit_id":"audit_1787195529811_uzmv"}
{"timestamp":"2026-08-20T03:12:09.830Z","action":"memory.add","actor":"daily-sync","target":"若兰","result":"success","detail":"{\"agent\":\"若兰\",\"type\":\"discovery\",\"structural_weight\":0}","audit_id":"audit_1787195529830_ddha"}
{"timestamp":"2026-08-20T03:12:10.149Z","action":"memory.add","actor":"daily-sync","target":"若兰","result":"success","detail":"{\"agent\":\"若兰\",\"type\":\"event\",\"structural_weight\":0}","audit_id":"audit_1787195530149_d7r0"}
{"timestamp":"2026-08-20T03:12:10.179Z","action":"memory.add","actor":"daily-sync","target":"若兰","result":"success","detail":"{\"agent\":\"若兰\",\"type\":\"event\",\"structural_weight\":0}","audit_id":"audit_1787195530179_8xlm"}
{"timestamp":"2026-08-20T03:12:10.211Z","action":"memory.add","actor":"daily-sync","target":"若兰","result":"success","detail":"{\"agent\":\"若兰\",\"type\":\"milestone\",\"structural_weight\":0.6}","audit_id":"audit_1787195530211_bp6l"}
{"timestamp":"2026-08-20T03:12:10.251Z","action":"memory.add","actor":"daily-sync","target":"若兰","result":"success","detail":"{\"agent\":\"若兰\",\"type\":\"event\",\"structural_weight\":0}","audit_id":"audit_1787195530251_ucax"}
{"timestamp":"2026-08-20T03:12:10.288Z","action":"memory.get","actor":"若兰","target":"若兰","result":"success","detail":"{\"agent\":\"若兰\",\"count\":1633}","audit_id":"audit_1787195530288_uxsl"}
{"timestamp":"2026-08-20T03:12:10.327Z","action":"memory.add","actor":"daily-sync","target":"若兰","result":"success","detail":"{\"agent\":\"若兰\",\"type\":\"event\",\"structural_weight\":0}","audit_id":"audit_1787195530327_ayau"}
{"timestamp":"2026-08-20T03:12:10.354Z","action":"memory.add","actor":"daily-sync","target":"若兰","result":"success","detail":"{\"agent\":\"若兰\",\"type\":\"event\",\"structural_weight\":0}","audit_id":"audit_1787195530354_dfxi"}
{"timestamp":"2026-08-20T03:12:10.384Z","action":"memory.add","actor":"daily-sync","target":"若兰","result":"success","detail":"{\"agent\":\"若兰\",\"type\":\"milestone\",\"structural_weight\":0.6}","audit_id":"audit_1787195530384_mbzv"}
{"timestamp":"2026-08-20T03:12:10.414Z","action":"memory.add","actor":"daily-sync","target":"若兰","result":"success","detail":"{\"agent\":\"若兰\",\"type\":\"discovery\",\"structural_weight\":0}","audit_id":"audit_1787195530414_bowf"}
{"timestamp":"2026-08-20T03:12:10.447Z","action":"memory.add","actor":"daily-sync","target":"若兰","result":"success","detail":"{\"agent\":\"若兰\",\"type\":\"milestone\",\"structural_weight\":0.6}","audit_id":"audit_1787195530447_fqn6"}
{"timestamp":"2026-08-20T03:12:10.476Z","action":"memory.add","actor":"daily-sync","target":"若兰","result":"success","detail":"{\"agent\":\"若兰\",\"type\":\"discovery\",\"structural_weight\":0}","audit_id":"audit_1787195530476_6bo5"}
{"timestamp":"2026-08-20T03:12:10.513Z","action":"memory.add","actor":"daily-sync","target":"若兰","result":"success","detail":"{\"agent\":\"若兰\",\"type\":\"todo\",\"structural_weight\":0}","audit_id":"audit_1787195530513_v3ng"}
{"timestamp":"2026-08-20T03:12:10.542Z","action":"memory.add","actor":"daily-sync","target":"若兰","result":"success","detail":"{\"agent\":\"若兰\",\"type\":\"event\",\"structural_weight\":0}","audit_id":"audit_1787195530542_m821"}
{"timestamp":"2026-08-20T03:12:10.572Z","action":"memory.add","actor":"daily-sync","target":"若兰","result":"success","detail":"{\"agent\":\"若兰\",\"type\":\"event\",\"structural_weight\":0}","audit_id":"audit_1787195530572_003a"}
{"timestamp":"2026-08-20T03:12:10.599Z","action":"memory.add","actor":"daily-sync","target":"若兰","result":"success","detail":"{\"agent\":\"若兰\",\"type\":\"milestone\",\"structural_weight\":0.6}","audit_id":"audit_1787195530599_v7ab"}
{"timestamp":"2026-08-20T03:12:10.626Z","action":"memory.add","actor":"daily-sync","target":"若兰","result":"success","detail":"{\"agent\":\"若兰\",\"type\":\"event\",\"structural_weight\":0}","audit_id":"audit_1787195530626_g8ew"}
{"timestamp":"2026-08-20T03:12:10.648Z","action":"memory.add","actor":"daily-sync","target":"若兰","result":"success","detail":"{\"agent\":\"若兰\",\"type\":\"fix\",\"structural_weight\":0}","audit_id":"audit_1787195530648_q754"}
{"timestamp":"2026-08-20T03:12:10.669Z","action":"memory.add","actor":"daily-sync","target":"若兰","result":"success","detail":"{\"agent\":\"若兰\",\"type\":\"milestone\",\"structural_weight\":0.6}","audit_id":"audit_1787195530669_mx77"}
{"timestamp":"2026-08-20T03:12:10.701Z","action":"memory.add","actor":"daily-sync","target":"若兰","result":"success","detail":"{\"agent\":\"若兰\",\"type\":\"event\",\"structural_weight\":0}","audit_id":"audit_1787195530701_j051"}
{"timestamp":"2026-08-20T03:12:10.721Z","action":"memory.add","actor":"daily-sync","target":"若兰","result":"success","detail":"{\"agent\":\"若兰\",\"type\":\"milestone\",\"structural_weight\":0.6}","audit_id":"audit_1787195530721_zr9z"}
{"timestamp":"2026-08-20T03:12:10.830Z","action":"memory.add","actor":"daily-sync","target":"若兰","result":"success","detail":"{\"agent\":\"若兰\",\"type\":\"milestone\",\"structural_weight\":0.6}","audit_id":"audit_1787195530830_6ceb"}
{"timestamp":"2026-08-20T03:12:10.858Z","action":"memory.add","actor":"daily-sync","target":"若兰","result":"success","detail":"{\"agent\":\"若兰\",\"type\":\"milestone\",\"structural_weight\":0.6}","audit_id":"audit_1787195530858_sgve"}
{"timestamp":"2026-08-20T03:12:10.884Z","action":"memory.add","actor":"daily-sync","target":"若兰","result":"success","detail":"{\"agent\":\"若兰\",\"type\":\"event\",\"structural_weight\":0}","audit_id":"audit_1787195530884_tibe"}
{"timestamp":"2026-08-20T03:12:10.910Z","action":"memory.add","actor":"daily-sync","target":"若兰","result":"success","detail":"{\"agent\":\"若兰\",\"type\":\"event\",\"structural_weight\":0}","audit_id":"audit_1787195530910_cmy6"}
{"timestamp":"2026-08-20T03:12:10.940Z","action":"memory.add","actor":"daily-sync","target":"若兰","result":"success","detail":"{\"agent\":\"若兰\",\"type\":\"event\",\"structural_weight\":0}","audit_id":"audit_1787195530940_diuk"}
{"timestamp":"2026-08-20T03:12:10.962Z","action":"memory.add","actor":"daily-sync","target":"若兰","result":"success","detail":"{\"agent\":\"若兰\",\"type\":\"event\",\"structural_weight\":0}","audit_id":"audit_1787195530962_x15k"}
{"timestamp":"2026-08-20T03:12:10.984Z","action":"memory.add","actor":"daily-sync","target":"若兰","result":"success","detail":"{\"agent\":\"若兰\",\"type\":\"event\",\"structural_weight\":0}","audit_id":"audit_1787195530984_yor8"}
{"timestamp":"2026-08-20T03:12:11.008Z","action":"memory.add","actor":"daily-sync","target":"若兰","result":"success","detail":"{\"agent\":\"若兰\",\"type\":\"event\",\"structural_weight\":0}","audit_id":"audit_1787195531008_i58u"}
{"timestamp":"2026-08-20T03:12:11.028Z","action":"memory.add","actor":"daily-sync","target":"若兰","result":"success","detail":"{\"agent\":\"若兰\",\"type\":\"event\",\"structural_weight\":0}","audit_id":"audit_1787195531028_n7rz"}
{"timestamp":"2026-08-20T03:12:11.049Z","action":"memory.add","actor":"daily-sync","target":"若兰","result":"success","detail":"{\"agent\":\"若兰\",\"type\":\"event\",\"structural_weight\":0}","audit_id":"audit_1787195531049_tn5j"}
{"timestamp":"2026-08-20T03:12:11.067Z","action":"memory.add","actor":"daily-sync","target":"若兰","result":"success","detail":"{\"agent\":\"若兰\",\"type\":\"event\",\"structural_weight\":0}","audit_id":"audit_1787195531067_j87r"}
{"timestamp":"2026-08-20T03:12:11.086Z","action":"memory.add","actor":"daily-sync","target":"若兰","result":"success","detail":"{\"agent\":\"若兰\",\"type\":\"event\",\"structural_weight\":0}","audit_id":"audit_1787195531086_ma69"}
{"timestamp":"2026-08-20T03:12:11.105Z","action":"memory.add","actor":"daily-sync","target":"若兰","result":"success","detail":"{\"agent\":\"若兰\",\"type\":\"event\",\"structural_weight\":0}","audit_id":"audit_1787195531105_n1yl"}
{"timestamp":"2026-08-20T03:12:11.124Z","action":"memory.add","actor":"daily-sync","target":"若兰","result":"success","detail":"{\"agent\":\"若兰\",\"type\":\"event\",\"structural_weight\":0}","audit_id":"audit_1787195531124_3ltd"}
{"timestamp":"2026-08-20T03:12:11.142Z","action":"memory.add","actor":"daily-sync","target":"若兰","result":"success","detail":"{\"agent\":\"若兰\",\"type\":\"milestone\",\"structural_weight\":0.6}","audit_id":"audit_1787195531142_2bub"}
{"timestamp":"2026-08-20T03:12:11.162Z","action":"memory.add","actor":"daily-sync","target":"若兰","result":"success","detail":"{\"agent\":\"若兰\",\"type\":\"milestone\",\"structural_weight\":0.6}","audit_id":"audit_1787195531162_n351"}
{"timestamp":"2026-08-20T03:12:11.186Z","action":"memory.add","actor":"daily-sync","target":"若兰","result":"success","detail":"{\"agent\":\"若兰\",\"type\":\"milestone\",\"structural_weight\":0.6}","audit_id":"audit_1787195531186_3ayk"}
{"timestamp":"2026-08-20T03:12:11.205Z","action":"memory.add","actor":"daily-sync","target":"若兰","result":"success","detail":"{\"agent\":\"若兰\",\"type\":\"milestone\",\"structural_weight\":0.6}","audit_id":"audit_1787195531205_gl76"}
{"timestamp":"2026-08-20T03:12:11.240Z","action":"memory.add","actor":"daily-sync","target":"若兰","result":"success","detail":"{\"agent\":\"若兰\",\"type\":\"milestone\",\"structural_weight\":0.6}","audit_id":"audit_1787195531240_2po2"}
{"timestamp":"2026-08-20T03:12:11.258Z","action":"memory.add","actor":"daily-sync","target":"若兰","result":"success","detail":"{\"agent\":\"若兰\",\"type\":\"event\",\"structural_weight\":0}","audit_id":"audit_1787195531258_sw3g"}
{"timestamp":"2026-08-20T03:12:11.281Z","action":"memory.add","actor":"daily-sync","target":"若兰","result":"success","detail":"{\"agent\":\"若兰\",\"type\":\"event\",\"structural_weight\":0}","audit_id":"audit_1787195531281_wx9h"}
{"timestamp":"2026-08-20T03:12:11.301Z","action":"memory.add","actor":"daily-sync","target":"若兰","result":"success","detail":"{\"agent\":\"若兰\",\"type\":\"event\",\"structural_weight\":0}","audit_id":"audit_1787195531301_vku4"}
{"timestamp":"2026-08-20T03:12:11.319Z","action":"memory.add","actor":"daily-sync","target":"若兰","result":"success","detail":"{\"agent\":\"若兰\",\"type\":\"event\",\"structural_weight\":0}","audit_id":"audit_1787195531319_08eh"}
{"timestamp":"2026-08-20T03:12:11.338Z","action":"memory.add","actor":"daily-sync","target":"若兰","result":"success","detail":"{\"agent\":\"若兰\",\"type\":\"event\",\"structural_weight\":0}","audit_id":"audit_1787195531338_jq4z"}
{"timestamp":"2026-08-20T03:12:11.424Z","action":"memory.add","actor":"daily-sync","target":"若兰","result":"success","detail":"{\"agent\":\"若兰\",\"type\":\"event\",\"structural_weight\":0}","audit_id":"audit_1787195531424_xslx"}
{"timestamp":"2026-08-20T03:12:11.447Z","action":"memory.add","actor":"daily-sync","target":"若兰","result":"success","detail":"{\"agent\":\"若兰\",\"type\":\"milestone\",\"structural_weight\":0.6}","audit_id":"audit_1787195531447_1pt6"}
{"timestamp":"2026-08-20T03:12:11.470Z","action":"memory.add","actor":"daily-sync","target":"若兰","result":"success","detail":"{\"agent\":\"若兰\",\"type\":\"event\",\"structural_weight\":0}","audit_id":"audit_1787195531470_rv8m"}
{"timestamp":"2026-08-20T03:12:11.493Z","action":"memory.add","actor":"daily-sync","target":"若兰","result":"success","detail":"{\"agent\":\"若兰\",\"type\":\"decision\",\"structural_weight\":0.6}","audit_id":"audit_1787195531493_7c4a"}
{"timestamp":"2026-08-20T03:12:11.514Z","action":"memory.add","actor":"daily-sync","target":"若兰","result":"success","detail":"{\"agent\":\"若兰\",\"type\":\"event\",\"structural_weight\":0}","audit_id":"audit_1787195531514_mhuv"}
{"timestamp":"2026-08-20T03:12:11.533Z","action":"memory.add","actor":"daily-sync","target":"若兰","result":"success","detail":"{\"agent\":\"若兰\",\"type\":\"event\",\"structural_weight\":0}","audit_id":"audit_1787195531533_n1uw"}
{"timestamp":"2026-08-20T03:12:11.553Z","action":"memory.add","actor":"daily-sync","target":"若兰","result":"success","detail":"{\"agent\":\"若兰\",\"type\":\"discovery\",\"structural_weight\":0}","audit_id":"audit_1787195531553_ypk4"}
{"timestamp":"2026-08-20T03:12:11.579Z","action":"memory.add","actor":"daily-sync","target":"若兰","result":"success","detail":"{\"agent\":\"若兰\",\"type\":\"milestone\",\"structural_weight\":0.6}","audit_id":"audit_1787195531579_0c0j"}
{"timestamp":"2026-08-20T03:12:11.605Z","action":"memory.add","actor":"daily-sync","target":"若兰","result":"success","detail":"{\"agent\":\"若兰\",\"type\":\"milestone\",\"structural_weight\":0.6}","audit_id":"audit_1787195531605_gi15"}
{"timestamp":"2026-08-20T03:12:11.625Z","action":"memory.add","actor":"daily-sync","target":"若兰","result":"success","detail":"{\"agent\":\"若兰\",\"type\":\"discovery\",\"structural_weight\":0}","audit_id":"audit_1787195531625_qrmp"}
{"timestamp":"2026-08-20T03:12:11.655Z","action":"memory.add","actor":"daily-sync","target":"若兰","result":"success","detail":"{\"agent\":\"若兰\",\"type\":\"milestone\",\"structural_weight\":0.6}","audit_id":"audit_1787195531655_8204"}
{"timestamp":"2026-08-20T03:12:11.686Z","action":"memory.add","actor":"daily-sync","target":"若兰","result":"success","detail":"{\"agent\":\"若兰\",\"type\":\"milestone\",\"structural_weight\":0.6}","audit_id":"audit_1787195531686_c0g7"}
{"timestamp":"2026-08-20T03:12:11.702Z","action":"memory.add","actor":"daily-sync","target":"若兰","result":"success","detail":"{\"agent\":\"若兰\",\"type\":\"milestone\",\"structural_weight\":0.6}","audit_id":"audit_1787195531702_qv1k"}
{"timestamp":"2026-08-20T03:12:11.729Z","action":"memory.add","actor":"daily-sync","target":"若兰","result":"success","detail":"{\"agent\":\"若兰\",\"type\":\"event\",\"structural_weight\":0}","audit_id":"audit_1787195531729_li49"}
{"timestamp":"2026-08-20T03:12:11.752Z","action":"memory.add","actor":"daily-sync","target":"若兰","result":"success","detail":"{\"agent\":\"若兰\",\"type\":\"todo\",\"structural_weight\":0}","audit_id":"audit_1787195531752_86xe"}
{"timestamp":"2026-08-20T03:12:11.774Z","action":"memory.add","actor":"daily-sync","target":"若兰","result":"success","detail":"{\"agent\":\"若兰\",\"type\":\"todo\",\"structural_weight\":0}","audit_id":"audit_1787195531774_771n"}
{"timestamp":"2026-08-20T03:12:11.798Z","action":"memory.add","actor":"daily-sync","target":"若兰","result":"success","detail":"{\"agent\":\"若兰\",\"type\":\"fix\",\"structural_weight\":0}","audit_id":"audit_1787195531798_39lf"}
{"timestamp":"2026-08-20T03:12:11.818Z","action":"memory.add","actor":"daily-sync","target":"若兰","result":"success","detail":"{\"agent\":\"若兰\",\"type\":\"todo\",\"structural_weight\":0}","audit_id":"audit_1787195531818_mis3"}
{"timestamp":"2026-08-20T03:12:11.839Z","action":"memory.add","actor":"daily-sync","target":"若兰","result":"success","detail":"{\"agent\":\"若兰\",\"type\":\"todo\",\"structural_weight\":0}","audit_id":"audit_1787195531839_985e"}
{"timestamp":"2026-08-20T03:12:11.861Z","action":"memory.add","actor":"daily-sync","target":"若兰","result":"success","detail":"{\"agent\":\"若兰\",\"type\":\"event\",\"structural_weight\":0}","audit_id":"audit_1787195531861_1w7p"}
{"timestamp":"2026-08-20T03:12:11.900Z","action":"memory.add","actor":"daily-sync","target":"若兰","result":"success","detail":"{\"agent\":\"若兰\",\"type\":\"event\",\"structural_weight\":0}","audit_id":"audit_1787195531900_nvct"}
{"timestamp":"2026-08-20T03:12:11.933Z","action":"memory.add","actor":"daily-sync","target":"若兰","result":"success","detail":"{\"agent\":\"若兰\",\"type\":\"event\",\"structural_weight\":0}","audit_id":"audit_1787195531933_zim8"}
{"timestamp":"2026-08-20T03:12:11.962Z","action":"memory.add","actor":"daily-sync","target":"若兰","result":"success","detail":"{\"agent\":\"若兰\",\"type\":\"discovery\",\"structural_weight\":0}","audit_id":"audit_1787195531962_jgoa"}
{"timestamp":"2026-08-20T03:12:11.999Z","action":"memory.add","actor":"daily-sync","target":"若兰","result":"success","detail":"{\"agent\":\"若兰\",\"type\":\"discovery\",\"structural_weight\":0}","audit_id":"audit_1787195531999_xqxq"}
{"timestamp":"2026-08-20T03:12:12.033Z","action":"memory.add","actor":"daily-sync","target":"若兰","result":"success","detail":"{\"agent\":\"若兰\",\"type\":\"discovery\",\"structural_weight\":0}","audit_id":"audit_1787195532033_dqpf"}
{"timestamp":"2026-08-20T03:12:12.070Z","action":"memory.add","actor":"daily-sync","target":"若兰","result":"success","detail":"{\"agent\":\"若兰\",\"type\":\"discovery\",\"structural_weight\":0}","audit_id":"audit_1787195532071_6oox"}
{"timestamp":"2026-08-20T03:12:12.105Z","action":"memory.add","actor":"daily-sync","target":"若兰","result":"success","detail":"{\"agent\":\"若兰\",\"type\":\"todo\",\"structural_weight\":0}","audit_id":"audit_1787195532105_j9cq"}
{"timestamp":"2026-08-20T03:12:12.129Z","action":"memory.add","actor":"daily-sync","target":"若兰","result":"success","detail":"{\"agent\":\"若兰\",\"type\":\"event\",\"structural_weight\":0}","audit_id":"audit_1787195532129_vdjj"}
{"timestamp":"2026-08-20T03:12:12.164Z","action":"memory.add","actor":"daily-sync","target":"若兰","result":"success","detail":"{\"agent\":\"若兰\",\"type\":\"event\",\"structural_weight\":0}","audit_id":"audit_1787195532164_21s4"}
{"timestamp":"2026-08-20T03:12:12.197Z","action":"memory.add","actor":"daily-sync","target":"若兰","result":"success","detail":"{\"agent\":\"若兰\",\"type\":\"event\",\"structural_weight\":0}","audit_id":"audit_1787195532197_re5b"}
{"timestamp":"2026-08-20T03:12:12.230Z","action":"memory.add","actor":"daily-sync","target":"若兰","result":"success","detail":"{\"agent\":\"若兰\",\"type\":\"event\",\"structural_weight\":0}","audit_id":"audit_1787195532230_1pkk"}
{"timestamp":"2026-08-20T03:12:12.273Z","action":"memory.add","actor":"daily-sync","target":"若兰","result":"success","detail":"{\"agent\":\"若兰\",\"type\":\"todo\",\"structural_weight\":0}","audit_id":"audit_1787195532273_dc70"}
{"timestamp":"2026-08-20T03:12:12.320Z","action":"memory.add","actor":"daily-sync","target":"若兰","result":"success","detail":"{\"agent\":\"若兰\",\"type\":\"event\",\"structural_weight\":0}","audit_id":"audit_1787195532320_a6xo"}
{"timestamp":"2026-08-20T03:12:12.344Z","action":"memory.add","actor":"daily-sync","target":"若兰","result":"success","detail":"{\"agent\":\"若兰\",\"type\":\"lesson\",\"structural_weight\":0}","audit_id":"audit_1787195532344_l7lq"}
{"timestamp":"2026-08-20T03:12:12.374Z","action":"memory.add","actor":"daily-sync","target":"若兰","result":"success","detail":"{\"agent\":\"若兰\",\"type\":\"event\",\"structural_weight\":0}","audit_id":"audit_1787195532374_3gmh"}
{"timestamp":"2026-08-20T03:12:12.418Z","action":"memory.add","actor":"daily-sync","target":"若兰","result":"success","detail":"{\"agent\":\"若兰\",\"type\":\"event\",\"structural_weight\":0}","audit_id":"audit_1787195532418_l5vw"}
{"timestamp":"2026-08-20T03:12:12.471Z","action":"memory.add","actor":"daily-sync","target":"若兰","result":"success","detail":"{\"agent\":\"若兰\",\"type\":\"event\",\"structural_weight\":0}","audit_id":"audit_1787195532471_plkr"}
{"timestamp":"2026-08-20T03:12:12.517Z","action":"memory.add","actor":"daily-sync","target":"若兰","result":"success","detail":"{\"agent\":\"若兰\",\"type\":\"event\",\"structural_weight\":0}","audit_id":"audit_1787195532517_5qjo"}
{"timestamp":"2026-08-20T03:12:12.552Z","action":"memory.add","actor":"daily-sync","target":"若兰","result":"success","detail":"{\"agent\":\"若兰\",\"type\":\"event\",\"structural_weight\":0}","audit_id":"audit_1787195532552_5pna"}
{"timestamp":"2026-08-20T03:12:12.745Z","action":"memory.add","actor":"daily-sync","target":"若兰","result":"success","detail":"{\"agent\":\"若兰\",\"type\":\"event\",\"structural_weight\":0}","audit_id":"audit_1787195532745_apsp"}
{"timestamp":"2026-08-20T03:12:12.772Z","action":"memory.add","actor":"daily-sync","target":"若兰","result":"success","detail":"{\"agent\":\"若兰\",\"type\":\"event\",\"structural_weight\":0}","audit_id":"audit_1787195532772_pbgz"}
{"timestamp":"2026-08-20T03:12:12.799Z","action":"memory.add","actor":"daily-sync","target":"若兰","result":"success","detail":"{\"agent\":\"若兰\",\"type\":\"event\",\"structural_weight\":0}","audit_id":"audit_1787195532799_0cxr"}
{"timestamp":"2026-08-20T03:12:12.823Z","action":"memory.add","actor":"daily-sync","target":"若兰","result":"success","detail":"{\"agent\":\"若兰\",\"type\":\"event\",\"structural_weight\":0}","audit_id":"audit_1787195532823_cr6n"}
{"timestamp":"2026-08-20T03:12:12.861Z","action":"memory.get","actor":"若兰","target":"若兰","result":"success","detail":"{\"agent\":\"若兰\",\"count\":1715}","audit_id":"audit_1787195532861_5nkx"}
{"timestamp":"2026-08-20T03:12:12.902Z","action":"memory.add","actor":"daily-sync","target":"若兰","result":"success","detail":"{\"agent\":\"若兰\",\"type\":\"event\",\"structural_weight\":0}","audit_id":"audit_1787195532902_wgi0"}
{"timestamp":"2026-08-20T03:12:12.950Z","action":"memory.add","actor":"daily-sync","target":"若兰","result":"success","detail":"{\"agent\":\"若兰\",\"type\":\"milestone\",\"structural_weight\":0.6}","audit_id":"audit_1787195532950_xf2j"}
{"timestamp":"2026-08-20T03:12:12.984Z","action":"memory.add","actor":"daily-sync","target":"若兰","result":"success","detail":"{\"agent\":\"若兰\",\"type\":\"discovery\",\"structural_weight\":0}","audit_id":"audit_1787195532984_0az9"}
{"timestamp":"2026-08-20T03:12:13.019Z","action":"memory.add","actor":"daily-sync","target":"若兰","result":"success","detail":"{\"agent\":\"若兰\",\"type\":\"milestone\",\"structural_weight\":0.6}","audit_id":"audit_1787195533019_vdes"}
{"timestamp":"2026-08-20T03:12:13.049Z","action":"memory.add","actor":"daily-sync","target":"若兰","result":"success","detail":"{\"agent\":\"若兰\",\"type\":\"milestone\",\"structural_weight\":0.6}","audit_id":"audit_1787195533049_sp4b"}
{"timestamp":"2026-08-20T03:12:13.077Z","action":"memory.add","actor":"daily-sync","target":"若兰","result":"success","detail":"{\"agent\":\"若兰\",\"type\":\"milestone\",\"structural_weight\":0.6}","audit_id":"audit_1787195533077_8l5m"}
{"timestamp":"2026-08-20T03:12:13.109Z","action":"memory.add","actor":"daily-sync","target":"若兰","result":"success","detail":"{\"agent\":\"若兰\",\"type\":\"milestone\",\"structural_weight\":0.6}","audit_id":"audit_1787195533109_73mo"}
{"timestamp":"2026-08-20T03:12:13.132Z","action":"memory.add","actor":"daily-sync","target":"若兰","result":"success","detail":"{\"agent\":\"若兰\",\"type\":\"milestone\",\"structural_weight\":0.6}","audit_id":"audit_1787195533132_cq2x"}
{"timestamp":"2026-08-20T03:12:13.156Z","action":"memory.add","actor":"daily-sync","target":"若兰","result":"success","detail":"{\"agent\":\"若兰\",\"type\":\"event\",\"structural_weight\":0}","audit_id":"audit_1787195533156_e4h4"}
{"timestamp":"2026-08-20T03:12:13.184Z","action":"memory.add","actor":"daily-sync","target":"若兰","result":"success","detail":"{\"agent\":\"若兰\",\"type\":\"decision\",\"structural_weight\":0.6}","audit_id":"audit_1787195533184_wob8"}
{"timestamp":"2026-08-20T03:12:13.251Z","action":"memory.add","actor":"daily-sync","target":"若兰","result":"success","detail":"{\"agent\":\"若兰\",\"type\":\"event\",\"structural_weight\":0}","audit_id":"audit_1787195533251_zbqh"}
{"timestamp":"2026-08-20T03:12:13.282Z","action":"memory.add","actor":"daily-sync","target":"若兰","result":"success","detail":"{\"agent\":\"若兰\",\"type\":\"event\",\"structural_weight\":0}","audit_id":"audit_1787195533282_7rsu"}
{"timestamp":"2026-08-20T03:12:13.326Z","action":"memory.add","actor":"daily-sync","target":"若兰","result":"success","detail":"{\"agent\":\"若兰\",\"type\":\"event\",\"structural_weight\":0}","audit_id":"audit_1787195533326_lfg1"}
{"timestamp":"2026-08-20T03:12:13.360Z","action":"memory.add","actor":"daily-sync","target":"若兰","result":"success","detail":"{\"agent\":\"若兰\",\"type\":\"discovery\",\"structural_weight\":0}","audit_id":"audit_1787195533360_zcbu"}
{"timestamp":"2026-08-20T03:12:13.410Z","action":"memory.add","actor":"daily-sync","target":"若兰","result":"success","detail":"{\"agent\":\"若兰\",\"type\":\"event\",\"structural_weight\":0}","audit_id":"audit_1787195533410_2q5p"}
{"timestamp":"2026-08-20T03:12:13.452Z","action":"memory.add","actor":"daily-sync","target":"若兰","result":"success","detail":"{\"agent\":\"若兰\",\"type\":\"event\",\"structural_weight\":0}","audit_id":"audit_1787195533452_wbl6"}
{"timestamp":"2026-08-20T03:12:13.502Z","action":"memory.add","actor":"daily-sync","target":"若兰","result":"success","detail":"{\"agent\":\"若兰\",\"type\":\"event\",\"structural_weight\":0}","audit_id":"audit_1787195533502_vapu"}
{"timestamp":"2026-08-20T03:12:13.530Z","action":"memory.add","actor":"daily-sync","target":"若兰","result":"success","detail":"{\"agent\":\"若兰\",\"type\":\"milestone\",\"structural_weight\":0.6}","audit_id":"audit_1787195533530_yp4q"}
{"timestamp":"2026-08-20T03:12:13.553Z","action":"memory.add","actor":"daily-sync","target":"若兰","result":"success","detail":"{\"agent\":\"若兰\",\"type\":\"milestone\",\"structural_weight\":0.6}","audit_id":"audit_1787195533553_di1u"}
{"timestamp":"2026-08-20T03:12:13.581Z","action":"memory.add","actor":"daily-sync","target":"若兰","result":"success","detail":"{\"agent\":\"若兰\",\"type\":\"event\",\"structural_weight\":0}","audit_id":"audit_1787195533581_q8it"}
{"timestamp":"2026-08-20T03:12:13.609Z","action":"memory.add","actor":"daily-sync","target":"若兰","result":"success","detail":"{\"agent\":\"若兰\",\"type\":\"todo\",\"structural_weight\":0}","audit_id":"audit_1787195533610_bgml"}
{"timestamp":"2026-08-20T03:12:13.640Z","action":"memory.add","actor":"daily-sync","target":"若兰","result":"success","detail":"{\"agent\":\"若兰\",\"type\":\"event\",\"structural_weight\":0}","audit_id":"audit_1787195533640_25mq"}
{"timestamp":"2026-08-20T03:12:13.659Z","action":"memory.add","actor":"daily-sync","target":"若兰","result":"success","detail":"{\"agent\":\"若兰\",\"type\":\"event\",\"structural_weight\":0}","audit_id":"audit_1787195533659_s2ip"}
{"timestamp":"2026-08-20T03:12:13.685Z","action":"memory.add","actor":"daily-sync","target":"若兰","result":"success","detail":"{\"agent\":\"若兰\",\"type\":\"milestone\",\"structural_weight\":0.6}","audit_id":"audit_1787195533685_zab1"}
{"timestamp":"2026-08-20T03:12:13.718Z","action":"memory.add","actor":"daily-sync","target":"若兰","result":"success","detail":"{\"agent\":\"若兰\",\"type\":\"event\",\"structural_weight\":0}","audit_id":"audit_1787195533718_hn3t"}
{"timestamp":"2026-08-20T03:12:13.747Z","action":"memory.add","actor":"daily-sync","target":"若兰","result":"success","detail":"{\"agent\":\"若兰\",\"type\":\"event\",\"structural_weight\":0}","audit_id":"audit_1787195533747_hqbc"}
{"timestamp":"2026-08-20T03:12:13.774Z","action":"memory.add","actor":"daily-sync","target":"若兰","result":"success","detail":"{\"agent\":\"若兰\",\"type\":\"event\",\"structural_weight\":0}","audit_id":"audit_1787195533774_qpcf"}
{"timestamp":"2026-08-20T03:12:13.806Z","action":"memory.add","actor":"daily-sync","target":"若兰","result":"success","detail":"{\"agent\":\"若兰\",\"type\":\"event\",\"structural_weight\":0}","audit_id":"audit_1787195533806_kxhj"}
{"timestamp":"2026-08-20T03:12:13.839Z","action":"memory.add","actor":"daily-sync","target":"若兰","result":"success","detail":"{\"agent\":\"若兰\",\"type\":\"event\",\"structural_weight\":0}","audit_id":"audit_1787195533839_9nty"}
{"timestamp":"2026-08-20T03:12:13.879Z","action":"memory.add","actor":"daily-sync","target":"若兰","result":"success","detail":"{\"agent\":\"若兰\",\"type\":\"event\",\"structural_weight\":0}","audit_id":"audit_1787195533879_8y5y"}
{"timestamp":"2026-08-20T03:12:13.922Z","action":"memory.add","actor":"daily-sync","target":"若兰","result":"success","detail":"{\"agent\":\"若兰\",\"type\":\"event\",\"structural_weight\":0}","audit_id":"audit_1787195533922_8gih"}
{"timestamp":"2026-08-20T03:12:14.403Z","action":"memory.add","actor":"daily-sync","target":"若兰","result":"success","detail":"{\"agent\":\"若兰\",\"type\":\"event\",\"structural_weight\":0}","audit_id":"audit_1787195534403_sdsv"}
{"timestamp":"2026-08-20T03:12:14.438Z","action":"memory.add","actor":"daily-sync","target":"若兰","result":"success","detail":"{\"agent\":\"若兰\",\"type\":\"event\",\"structural_weight\":0}","audit_id":"audit_1787195534438_ykb1"}
{"timestamp":"2026-08-20T03:12:14.462Z","action":"memory.add","actor":"daily-sync","target":"若兰","result":"success","detail":"{\"agent\":\"若兰\",\"type\":\"event\",\"structural_weight\":0}","audit_id":"audit_1787195534462_7yvr"}
{"timestamp":"2026-08-20T03:12:14.493Z","action":"memory.add","actor":"daily-sync","target":"若兰","result":"success","detail":"{\"agent\":\"若兰\",\"type\":\"event\",\"structural_weight\":0}","audit_id":"audit_1787195534493_n1ym"}
{"timestamp":"2026-08-20T03:12:14.539Z","action":"memory.add","actor":"daily-sync","target":"若兰","result":"success","detail":"{\"agent\":\"若兰\",\"type\":\"event\",\"structural_weight\":0}","audit_id":"audit_1787195534539_bfa1"}
{"timestamp":"2026-08-20T03:12:14.568Z","action":"memory.add","actor":"daily-sync","target":"若兰","result":"success","detail":"{\"agent\":\"若兰\",\"type\":\"event\",\"structural_weight\":0}","audit_id":"audit_1787195534568_qpzm"}
{"timestamp":"2026-08-20T03:12:14.604Z","action":"memory.add","actor":"daily-sync","target":"若兰","result":"success","detail":"{\"agent\":\"若兰\",\"type\":\"event\",\"structural_weight\":0}","audit_id":"audit_1787195534604_stnz"}
{"timestamp":"2026-08-20T03:12:14.642Z","action":"memory.add","actor":"daily-sync","target":"若兰","result":"success","detail":"{\"agent\":\"若兰\",\"type\":\"event\",\"structural_weight\":0}","audit_id":"audit_1787195534642_2uzt"}
{"timestamp":"2026-08-20T03:12:14.684Z","action":"memory.add","actor":"daily-sync","target":"若兰","result":"success","detail":"{\"agent\":\"若兰\",\"type\":\"event\",\"structural_weight\":0}","audit_id":"audit_1787195534684_kt8h"}
{"timestamp":"2026-08-20T03:12:14.726Z","action":"memory.add","actor":"daily-sync","target":"若兰","result":"success","detail":"{\"agent\":\"若兰\",\"type\":\"event\",\"structural_weight\":0}","audit_id":"audit_1787195534726_fwrs"}
{"timestamp":"2026-08-20T03:12:14.761Z","action":"memory.add","actor":"daily-sync","target":"若兰","result":"success","detail":"{\"agent\":\"若兰\",\"type\":\"event\",\"structural_weight\":0}","audit_id":"audit_1787195534761_874r"}
{"timestamp":"2026-08-20T03:12:14.802Z","action":"memory.add","actor":"daily-sync","target":"若兰","result":"success","detail":"{\"agent\":\"若兰\",\"type\":\"event\",\"structural_weight\":0}","audit_id":"audit_1787195534802_3jdd"}
{"timestamp":"2026-08-20T03:12:14.836Z","action":"memory.add","actor":"daily-sync","target":"若兰","result":"success","detail":"{\"agent\":\"若兰\",\"type\":\"event\",\"structural_weight\":0}","audit_id":"audit_1787195534836_zq5a"}
{"timestamp":"2026-08-20T03:12:14.872Z","action":"memory.add","actor":"daily-sync","target":"若兰","result":"success","detail":"{\"agent\":\"若兰\",\"type\":\"event\",\"structural_weight\":0}","audit_id":"audit_1787195534872_djxl"}
{"timestamp":"2026-08-20T03:12:14.908Z","action":"memory.add","actor":"daily-sync","target":"若兰","result":"success","detail":"{\"agent\":\"若兰\",\"type\":\"event\",\"structural_weight\":0}","audit_id":"audit_1787195534908_0sj0"}
{"timestamp":"2026-08-20T03:12:14.943Z","action":"memory.add","actor":"daily-sync","target":"若兰","result":"success","detail":"{\"agent\":\"若兰\",\"type\":\"event\",\"structural_weight\":0}","audit_id":"audit_1787195534943_99nc"}
{"timestamp":"2026-08-20T03:12:14.976Z","action":"memory.add","actor":"daily-sync","target":"若兰","result":"success","detail":"{\"agent\":\"若兰\",\"type\":\"event\",\"structural_weight\":0}","audit_id":"audit_1787195534976_a282"}
{"timestamp":"2026-08-20T03:12:15.010Z","action":"memory.add","actor":"daily-sync","target":"若兰","result":"success","detail":"{\"agent\":\"若兰\",\"type\":\"event\",\"structural_weight\":0}","audit_id":"audit_1787195535010_0wzs"}
{"timestamp":"2026-08-20T03:12:15.048Z","action":"memory.add","actor":"daily-sync","target":"若兰","result":"success","detail":"{\"agent\":\"若兰\",\"type\":\"event\",\"structural_weight\":0}","audit_id":"audit_1787195535048_xhba"}
{"timestamp":"2026-08-20T03:12:15.084Z","action":"memory.add","actor":"daily-sync","target":"若兰","result":"success","detail":"{\"agent\":\"若兰\",\"type\":\"event\",\"structural_weight\":0}","audit_id":"audit_1787195535084_nf30"}
{"timestamp":"2026-08-20T03:12:15.124Z","action":"memory.add","actor":"daily-sync","target":"若兰","result":"success","detail":"{\"agent\":\"若兰\",\"type\":\"event\",\"structural_weight\":0}","audit_id":"audit_1787195535124_ibaa"}
{"timestamp":"2026-08-20T03:12:15.161Z","action":"memory.add","actor":"daily-sync","target":"若兰","result":"success","detail":"{\"agent\":\"若兰\",\"type\":\"event\",\"structural_weight\":0}","audit_id":"audit_1787195535161_7nql"}
{"timestamp":"2026-08-20T03:12:15.188Z","action":"memory.add","actor":"daily-sync","target":"若兰","result":"success","detail":"{\"agent\":\"若兰\",\"type\":\"event\",\"structural_weight\":0}","audit_id":"audit_1787195535188_v7v5"}
{"timestamp":"2026-08-20T03:12:15.221Z","action":"memory.add","actor":"daily-sync","target":"若兰","result":"success","detail":"{\"agent\":\"若兰\",\"type\":\"event\",\"structural_weight\":0}","audit_id":"audit_1787195535221_ungq"}
{"timestamp":"2026-08-20T03:12:15.255Z","action":"memory.add","actor":"daily-sync","target":"若兰","result":"success","detail":"{\"agent\":\"若兰\",\"type\":\"event\",\"structural_weight\":0}","audit_id":"audit_1787195535255_167l"}
{"timestamp":"2026-08-20T03:12:15.294Z","action":"memory.add","actor":"daily-sync","target":"若兰","result":"success","detail":"{\"agent\":\"若兰\",\"type\":\"event\",\"structural_weight\":0}","audit_id":"audit_1787195535294_s3zq"}
{"timestamp":"2026-08-20T03:12:15.560Z","action":"memory.add","actor":"daily-sync","target":"若兰","result":"success","detail":"{\"agent\":\"若兰\",\"type\":\"discovery\",\"structural_weight\":0}","audit_id":"audit_1787195535560_vtdc"}
{"timestamp":"2026-08-20T03:12:15.589Z","action":"memory.add","actor":"daily-sync","target":"若兰","result":"success","detail":"{\"agent\":\"若兰\",\"type\":\"event\",\"structural_weight\":0}","audit_id":"audit_1787195535589_q8nd"}
{"timestamp":"2026-08-20T03:12:15.614Z","action":"memory.add","actor":"daily-sync","target":"若兰","result":"success","detail":"{\"agent\":\"若兰\",\"type\":\"discovery\",\"structural_weight\":0}","audit_id":"audit_1787195535614_jmnn"}
{"timestamp":"2026-08-20T03:12:15.639Z","action":"memory.add","actor":"daily-sync","target":"若兰","result":"success","detail":"{\"agent\":\"若兰\",\"type\":\"discovery\",\"structural_weight\":0}","audit_id":"audit_1787195535639_yifj"}
{"timestamp":"2026-08-20T03:12:15.679Z","action":"memory.add","actor":"daily-sync","target":"若兰","result":"success","detail":"{\"agent\":\"若兰\",\"type\":\"event\",\"structural_weight\":0}","audit_id":"audit_1787195535679_wuyb"}
{"timestamp":"2026-08-20T03:12:15.711Z","action":"memory.add","actor":"daily-sync","target":"若兰","result":"success","detail":"{\"agent\":\"若兰\",\"type\":\"milestone\",\"structural_weight\":0.6}","audit_id":"audit_1787195535711_qmb3"}
{"timestamp":"2026-08-20T03:12:15.744Z","action":"memory.add","actor":"daily-sync","target":"若兰","result":"success","detail":"{\"agent\":\"若兰\",\"type\":\"event\",\"structural_weight\":0}","audit_id":"audit_1787195535744_fwaa"}
{"timestamp":"2026-08-20T03:12:15.796Z","action":"memory.add","actor":"daily-sync","target":"若兰","result":"success","detail":"{\"agent\":\"若兰\",\"type\":\"milestone\",\"structural_weight\":0.6}","audit_id":"audit_1787195535796_3ol0"}
{"timestamp":"2026-08-20T03:12:15.861Z","action":"memory.add","actor":"daily-sync","target":"若兰","result":"success","detail":"{\"agent\":\"若兰\",\"type\":\"event\",\"structural_weight\":0}","audit_id":"audit_1787195535861_es23"}
{"timestamp":"2026-08-20T03:12:15.887Z","action":"memory.add","actor":"daily-sync","target":"若兰","result":"success","detail":"{\"agent\":\"若兰\",\"type\":\"discovery\",\"structural_weight\":0}","audit_id":"audit_1787195535887_o8up"}
{"timestamp":"2026-08-20T03:12:15.915Z","action":"memory.add","actor":"daily-sync","target":"若兰","result":"success","detail":"{\"agent\":\"若兰\",\"type\":\"event\",\"structural_weight\":0}","audit_id":"audit_1787195535915_d1ag"}
{"timestamp":"2026-08-20T03:12:15.944Z","action":"memory.add","actor":"daily-sync","target":"若兰","result":"success","detail":"{\"agent\":\"若兰\",\"type\":\"event\",\"structural_weight\":0}","audit_id":"audit_1787195535944_1ucw"}
{"timestamp":"2026-08-20T03:12:15.977Z","action":"memory.add","actor":"daily-sync","target":"若兰","result":"success","detail":"{\"agent\":\"若兰\",\"type\":\"event\",\"structural_weight\":0}","audit_id":"audit_1787195535977_uy4d"}
{"timestamp":"2026-08-20T03:12:16.027Z","action":"memory.add","actor":"daily-sync","target":"若兰","result":"success","detail":"{\"agent\":\"若兰\",\"type\":\"event\",\"structural_weight\":0}","audit_id":"audit_1787195536027_wewq"}
{"timestamp":"2026-08-20T03:12:16.074Z","action":"memory.add","actor":"daily-sync","target":"若兰","result":"success","detail":"{\"agent\":\"若兰\",\"type\":\"event\",\"structural_weight\":0}","audit_id":"audit_1787195536074_2jku"}
{"timestamp":"2026-08-20T03:12:16.113Z","action":"memory.add","actor":"daily-sync","target":"若兰","result":"success","detail":"{\"agent\":\"若兰\",\"type\":\"event\",\"structural_weight\":0}","audit_id":"audit_1787195536113_zzan"}
{"timestamp":"2026-08-20T03:12:16.176Z","action":"memory.add","actor":"daily-sync","target":"若兰","result":"success","detail":"{\"agent\":\"若兰\",\"type\":\"event\",\"structural_weight\":0}","audit_id":"audit_1787195536177_5sgy"}
{"timestamp":"2026-08-20T03:12:16.207Z","action":"memory.add","actor":"daily-sync","target":"若兰","result":"success","detail":"{\"agent\":\"若兰\",\"type\":\"event\",\"structural_weight\":0}","audit_id":"audit_1787195536207_svmx"}
{"timestamp":"2026-08-20T03:12:16.244Z","action":"memory.add","actor":"daily-sync","target":"若兰","result":"success","detail":"{\"agent\":\"若兰\",\"type\":\"event\",\"structural_weight\":0}","audit_id":"audit_1787195536244_fecb"}
{"timestamp":"2026-08-20T03:12:16.271Z","action":"memory.add","actor":"daily-sync","target":"若兰","result":"success","detail":"{\"agent\":\"若兰\",\"type\":\"event\",\"structural_weight\":0}","audit_id":"audit_1787195536271_52bs"}
{"timestamp":"2026-08-20T03:12:16.298Z","action":"memory.add","actor":"daily-sync","target":"若兰","result":"success","detail":"{\"agent\":\"若兰\",\"type\":\"event\",\"structural_weight\":0}","audit_id":"audit_1787195536298_keko"}
{"timestamp":"2026-08-20T03:12:16.338Z","action":"memory.add","actor":"daily-sync","target":"若兰","result":"success","detail":"{\"agent\":\"若兰\",\"type\":\"milestone\",\"structural_weight\":0.6}","audit_id":"audit_1787195536338_xygv"}
{"timestamp":"2026-08-20T03:12:16.371Z","action":"memory.add","actor":"daily-sync","target":"若兰","result":"success","detail":"{\"agent\":\"若兰\",\"type\":\"event\",\"structural_weight\":0}","audit_id":"audit_1787195536371_3a29"}
{"timestamp":"2026-08-20T03:12:16.403Z","action":"memory.add","actor":"daily-sync","target":"若兰","result":"success","detail":"{\"agent\":\"若兰\",\"type\":\"todo\",\"structural_weight\":0}","audit_id":"audit_1787195536403_jmdg"}
{"timestamp":"2026-08-20T03:12:16.439Z","action":"memory.add","actor":"daily-sync","target":"若兰","result":"success","detail":"{\"agent\":\"若兰\",\"type\":\"event\",\"structural_weight\":0}","audit_id":"audit_1787195536439_0vot"}
{"timestamp":"2026-08-20T03:12:16.474Z","action":"memory.add","actor":"daily-sync","target":"若兰","result":"success","detail":"{\"agent\":\"若兰\",\"type\":\"event\",\"structural_weight\":0}","audit_id":"audit_1787195536474_7dil"}
{"timestamp":"2026-08-20T03:12:16.504Z","action":"memory.add","actor":"daily-sync","target":"若兰","result":"success","detail":"{\"agent\":\"若兰\",\"type\":\"event\",\"structural_weight\":0}","audit_id":"audit_1787195536504_7vbf"}
{"timestamp":"2026-08-20T03:12:16.543Z","action":"memory.add","actor":"daily-sync","target":"若兰","result":"success","detail":"{\"agent\":\"若兰\",\"type\":\"event\",\"structural_weight\":0}","audit_id":"audit_1787195536543_8ujg"}
{"timestamp":"2026-08-20T03:12:16.577Z","action":"memory.add","actor":"daily-sync","target":"若兰","result":"success","detail":"{\"agent\":\"若兰\",\"type\":\"event\",\"structural_weight\":0}","audit_id":"audit_1787195536577_l0y7"}
{"timestamp":"2026-08-20T03:12:16.609Z","action":"memory.add","actor":"daily-sync","target":"若兰","result":"success","detail":"{\"agent\":\"若兰\",\"type\":\"event\",\"structural_weight\":0}","audit_id":"audit_1787195536609_leui"}
{"timestamp":"2026-08-20T03:12:16.650Z","action":"memory.add","actor":"daily-sync","target":"若兰","result":"success","detail":"{\"agent\":\"若兰\",\"type\":\"event\",\"structural_weight\":0}","audit_id":"audit_1787195536650_5lj2"}
{"timestamp":"2026-08-20T03:12:16.871Z","action":"memory.add","actor":"daily-sync","target":"若兰","result":"success","detail":"{\"agent\":\"若兰\",\"type\":\"event\",\"structural_weight\":0}","audit_id":"audit_1787195536871_2sxk"}
{"timestamp":"2026-08-20T03:12:16.902Z","action":"memory.add","actor":"daily-sync","target":"若兰","result":"success","detail":"{\"agent\":\"若兰\",\"type\":\"event\",\"structural_weight\":0}","audit_id":"audit_1787195536902_f7dd"}
{"timestamp":"2026-08-20T03:12:16.935Z","action":"memory.add","actor":"daily-sync","target":"若兰","result":"success","detail":"{\"agent\":\"若兰\",\"type\":\"event\",\"structural_weight\":0}","audit_id":"audit_1787195536935_0pzl"}
{"timestamp":"2026-08-20T03:12:16.974Z","action":"memory.add","actor":"daily-sync","target":"若兰","result":"success","detail":"{\"agent\":\"若兰\",\"type\":\"event\",\"structural_weight\":0}","audit_id":"audit_1787195536974_0gj2"}
{"timestamp":"2026-08-20T03:12:17.004Z","action":"memory.add","actor":"daily-sync","target":"若兰","result":"success","detail":"{\"agent\":\"若兰\",\"type\":\"event\",\"structural_weight\":0}","audit_id":"audit_1787195537004_k21e"}
{"timestamp":"2026-08-20T03:12:17.044Z","action":"memory.add","actor":"daily-sync","target":"若兰","result":"success","detail":"{\"agent\":\"若兰\",\"type\":\"event\",\"structural_weight\":0}","audit_id":"audit_1787195537044_v5jk"}
{"timestamp":"2026-08-20T03:12:17.081Z","action":"memory.add","actor":"daily-sync","target":"若兰","result":"success","detail":"{\"agent\":\"若兰\",\"type\":\"event\",\"structural_weight\":0}","audit_id":"audit_1787195537081_5jkg"}
{"timestamp":"2026-08-20T03:12:17.118Z","action":"memory.add","actor":"daily-sync","target":"若兰","result":"success","detail":"{\"agent\":\"若兰\",\"type\":\"event\",\"structural_weight\":0}","audit_id":"audit_1787195537118_ngmi"}
{"timestamp":"2026-08-20T03:12:17.142Z","action":"memory.add","actor":"daily-sync","target":"若兰","result":"success","detail":"{\"agent\":\"若兰\",\"type\":\"event\",\"structural_weight\":0}","audit_id":"audit_1787195537142_imig"}
{"timestamp":"2026-08-20T03:12:17.172Z","action":"memory.add","actor":"daily-sync","target":"若兰","result":"success","detail":"{\"agent\":\"若兰\",\"type\":\"event\",\"structural_weight\":0}","audit_id":"audit_1787195537172_912p"}
{"timestamp":"2026-08-20T03:12:17.207Z","action":"memory.add","actor":"daily-sync","target":"若兰","result":"success","detail":"{\"agent\":\"若兰\",\"type\":\"event\",\"structural_weight\":0}","audit_id":"audit_1787195537207_lwmo"}
{"timestamp":"2026-08-20T03:12:17.246Z","action":"memory.add","actor":"daily-sync","target":"若兰","result":"success","detail":"{\"agent\":\"若兰\",\"type\":\"milestone\",\"structural_weight\":0.6}","audit_id":"audit_1787195537246_d2ng"}
{"timestamp":"2026-08-20T03:12:17.278Z","action":"memory.add","actor":"daily-sync","target":"若兰","result":"success","detail":"{\"agent\":\"若兰\",\"type\":\"milestone\",\"structural_weight\":0.6}","audit_id":"audit_1787195537278_n2bt"}
{"timestamp":"2026-08-20T03:12:17.315Z","action":"memory.add","actor":"daily-sync","target":"若兰","result":"success","detail":"{\"agent\":\"若兰\",\"type\":\"milestone\",\"structural_weight\":0.6}","audit_id":"audit_1787195537315_mw7n"}
{"timestamp":"2026-08-20T03:12:17.354Z","action":"memory.add","actor":"daily-sync","target":"若兰","result":"success","detail":"{\"agent\":\"若兰\",\"type\":\"discovery\",\"structural_weight\":0}","audit_id":"audit_1787195537354_i7z2"}
{"timestamp":"2026-08-20T03:12:17.387Z","action":"memory.add","actor":"daily-sync","target":"若兰","result":"success","detail":"{\"agent\":\"若兰\",\"type\":\"event\",\"structural_weight\":0}","audit_id":"audit_1787195537387_n9xg"}
{"timestamp":"2026-08-20T03:12:17.433Z","action":"memory.add","actor":"daily-sync","target":"若兰","result":"success","detail":"{\"agent\":\"若兰\",\"type\":\"milestone\",\"structural_weight\":0.6}","audit_id":"audit_1787195537433_h9s5"}
{"timestamp":"2026-08-20T03:12:17.467Z","action":"memory.add","actor":"daily-sync","target":"若兰","result":"success","detail":"{\"agent\":\"若兰\",\"type\":\"milestone\",\"structural_weight\":0.6}","audit_id":"audit_1787195537467_s8gb"}
{"timestamp":"2026-08-20T03:12:17.502Z","action":"memory.add","actor":"daily-sync","target":"若兰","result":"success","detail":"{\"agent\":\"若兰\",\"type\":\"milestone\",\"structural_weight\":0.6}","audit_id":"audit_1787195537502_knoc"}
{"timestamp":"2026-08-20T03:12:17.544Z","action":"memory.add","actor":"daily-sync","target":"若兰","result":"success","detail":"{\"agent\":\"若兰\",\"type\":\"milestone\",\"structural_weight\":0.6}","audit_id":"audit_1787195537544_spmj"}
{"timestamp":"2026-08-20T03:12:17.602Z","action":"memory.add","actor":"daily-sync","target":"若兰","result":"success","detail":"{\"agent\":\"若兰\",\"type\":\"milestone\",\"structural_weight\":0.6}","audit_id":"audit_1787195537602_zlgs"}
{"timestamp":"2026-08-20T03:12:17.639Z","action":"memory.add","actor":"daily-sync","target":"若兰","result":"success","detail":"{\"agent\":\"若兰\",\"type\":\"milestone\",\"structural_weight\":0.6}","audit_id":"audit_1787195537639_900o"}
{"timestamp":"2026-08-20T03:12:17.674Z","action":"memory.add","actor":"daily-sync","target":"若兰","result":"success","detail":"{\"agent\":\"若兰\",\"type\":\"discovery\",\"structural_weight\":0}","audit_id":"audit_1787195537674_k83n"}
{"timestamp":"2026-08-20T03:12:17.750Z","action":"memory.add","actor":"daily-sync","target":"若兰","result":"success","detail":"{\"agent\":\"若兰\",\"type\":\"event\",\"structural_weight\":0}","audit_id":"audit_1787195537750_w2kc"}
{"timestamp":"2026-08-20T03:12:17.820Z","action":"memory.add","actor":"daily-sync","target":"若兰","result":"success","detail":"{\"agent\":\"若兰\",\"type\":\"decision\",\"structural_weight\":0.6}","audit_id":"audit_1787195537820_v0sf"}
{"timestamp":"2026-08-20T03:12:17.861Z","action":"memory.add","actor":"daily-sync","target":"若兰","result":"success","detail":"{\"agent\":\"若兰\",\"type\":\"event\",\"structural_weight\":0}","audit_id":"audit_1787195537861_mvk4"}
{"timestamp":"2026-08-20T03:12:17.894Z","action":"memory.add","actor":"daily-sync","target":"若兰","result":"success","detail":"{\"agent\":\"若兰\",\"type\":\"milestone\",\"structural_weight\":0.6}","audit_id":"audit_1787195537894_8cr3"}
{"timestamp":"2026-08-20T03:12:17.943Z","action":"memory.add","actor":"daily-sync","target":"若兰","result":"success","detail":"{\"agent\":\"若兰\",\"type\":\"milestone\",\"structural_weight\":0.6}","audit_id":"audit_1787195537943_13yj"}
{"timestamp":"2026-08-20T03:12:17.981Z","action":"memory.add","actor":"daily-sync","target":"若兰","result":"success","detail":"{\"agent\":\"若兰\",\"type\":\"milestone\",\"structural_weight\":0.6}","audit_id":"audit_1787195537981_oclq"}
{"timestamp":"2026-08-20T03:12:18.016Z","action":"memory.add","actor":"daily-sync","target":"若兰","result":"success","detail":"{\"agent\":\"若兰\",\"type\":\"decision\",\"structural_weight\":0.6}","audit_id":"audit_1787195538016_qx1p"}
{"timestamp":"2026-08-20T03:12:18.067Z","action":"memory.add","actor":"daily-sync","target":"若兰","result":"success","detail":"{\"agent\":\"若兰\",\"type\":\"milestone\",\"structural_weight\":0.6}","audit_id":"audit_1787195538067_e97b"}
{"timestamp":"2026-08-20T03:12:18.103Z","action":"memory.add","actor":"daily-sync","target":"若兰","result":"success","detail":"{\"agent\":\"若兰\",\"type\":\"milestone\",\"structural_weight\":0.6}","audit_id":"audit_1787195538103_5exe"}
{"timestamp":"2026-08-20T03:12:18.141Z","action":"memory.add","actor":"daily-sync","target":"若兰","result":"success","detail":"{\"agent\":\"若兰\",\"type\":\"event\",\"structural_weight\":0}","audit_id":"audit_1787195538141_i60x"}
{"timestamp":"2026-08-20T03:12:18.177Z","action":"memory.add","actor":"daily-sync","target":"若兰","result":"success","detail":"{\"agent\":\"若兰\",\"type\":\"milestone\",\"structural_weight\":0.6}","audit_id":"audit_1787195538177_u33v"}
{"timestamp":"2026-08-20T03:12:18.233Z","action":"memory.add","actor":"daily-sync","target":"若兰","result":"success","detail":"{\"agent\":\"若兰\",\"type\":\"event\",\"structural_weight\":0}","audit_id":"audit_1787195538233_2r5c"}
{"timestamp":"2026-08-20T03:12:18.265Z","action":"memory.add","actor":"daily-sync","target":"若兰","result":"success","detail":"{\"agent\":\"若兰\",\"type\":\"event\",\"structural_weight\":0}","audit_id":"audit_1787195538265_4rhj"}
{"timestamp":"2026-08-20T03:12:18.294Z","action":"memory.add","actor":"daily-sync","target":"若兰","result":"success","detail":"{\"agent\":\"若兰\",\"type\":\"event\",\"structural_weight\":0}","audit_id":"audit_1787195538294_vb5c"}
{"timestamp":"2026-08-20T03:12:18.329Z","action":"memory.add","actor":"daily-sync","target":"若兰","result":"success","detail":"{\"agent\":\"若兰\",\"type\":\"milestone\",\"structural_weight\":0.6}","audit_id":"audit_1787195538329_dua0"}
{"timestamp":"2026-08-20T03:12:18.364Z","action":"memory.add","actor":"daily-sync","target":"若兰","result":"success","detail":"{\"agent\":\"若兰\",\"type\":\"event\",\"structural_weight\":0}","audit_id":"audit_1787195538364_hwqc"}
{"timestamp":"2026-08-20T03:12:18.406Z","action":"memory.add","actor":"daily-sync","target":"若兰","result":"success","detail":"{\"agent\":\"若兰\",\"type\":\"discovery\",\"structural_weight\":0}","audit_id":"audit_1787195538406_i1if"}
{"timestamp":"2026-08-20T03:12:18.439Z","action":"memory.add","actor":"daily-sync","target":"若兰","result":"success","detail":"{\"agent\":\"若兰\",\"type\":\"discovery\",\"structural_weight\":0}","audit_id":"audit_1787195538439_5o5p"}
{"timestamp":"2026-08-20T03:12:18.476Z","action":"memory.add","actor":"daily-sync","target":"若兰","result":"success","detail":"{\"agent\":\"若兰\",\"type\":\"event\",\"structural_weight\":0}","audit_id":"audit_1787195538476_zpxh"}
{"timestamp":"2026-08-20T03:12:18.509Z","action":"memory.add","actor":"daily-sync","target":"若兰","result":"success","detail":"{\"agent\":\"若兰\",\"type\":\"event\",\"structural_weight\":0}","audit_id":"audit_1787195538509_3sow"}
{"timestamp":"2026-08-20T03:12:18.536Z","action":"memory.add","actor":"daily-sync","target":"若兰","result":"success","detail":"{\"agent\":\"若兰\",\"type\":\"todo\",\"structural_weight\":0}","audit_id":"audit_1787195538536_hz8z"}
{"timestamp":"2026-08-20T03:12:18.582Z","action":"memory.add","actor":"daily-sync","target":"若兰","result":"success","detail":"{\"agent\":\"若兰\",\"type\":\"event\",\"structural_weight\":0}","audit_id":"audit_1787195538582_mgyk"}
{"timestamp":"2026-08-20T03:12:18.627Z","action":"memory.add","actor":"daily-sync","target":"若兰","result":"success","detail":"{\"agent\":\"若兰\",\"type\":\"event\",\"structural_weight\":0}","audit_id":"audit_1787195538627_v8mg"}
{"timestamp":"2026-08-20T03:12:18.663Z","action":"memory.add","actor":"daily-sync","target":"若兰","result":"success","detail":"{\"agent\":\"若兰\",\"type\":\"event\",\"structural_weight\":0}","audit_id":"audit_1787195538663_s5wr"}
{"timestamp":"2026-08-20T03:12:18.690Z","action":"memory.add","actor":"daily-sync","target":"若兰","result":"success","detail":"{\"agent\":\"若兰\",\"type\":\"event\",\"structural_weight\":0}","audit_id":"audit_1787195538690_83qy"}
{"timestamp":"2026-08-20T03:12:18.720Z","action":"memory.add","actor":"daily-sync","target":"若兰","result":"success","detail":"{\"agent\":\"若兰\",\"type\":\"event\",\"structural_weight\":0}","audit_id":"audit_1787195538720_ja5z"}
{"timestamp":"2026-08-20T03:12:18.744Z","action":"memory.add","actor":"daily-sync","target":"若兰","result":"success","detail":"{\"agent\":\"若兰\",\"type\":\"event\",\"structural_weight\":0}","audit_id":"audit_1787195538744_zp0k"}
{"timestamp":"2026-08-20T03:12:18.784Z","action":"memory.add","actor":"daily-sync","target":"若兰","result":"success","detail":"{\"agent\":\"若兰\",\"type\":\"event\",\"structural_weight\":0}","audit_id":"audit_1787195538784_8ktr"}
{"timestamp":"2026-08-20T03:12:18.816Z","action":"memory.add","actor":"daily-sync","target":"若兰","result":"success","detail":"{\"agent\":\"若兰\",\"type\":\"event\",\"structural_weight\":0}","audit_id":"audit_1787195538816_mnxb"}
{"timestamp":"2026-08-20T03:12:18.848Z","action":"memory.add","actor":"daily-sync","target":"若兰","result":"success","detail":"{\"agent\":\"若兰\",\"type\":\"event\",\"structural_weight\":0}","audit_id":"audit_1787195538848_xj4h"}
{"timestamp":"2026-08-20T03:12:18.883Z","action":"memory.add","actor":"daily-sync","target":"若兰","result":"success","detail":"{\"agent\":\"若兰\",\"type\":\"event\",\"structural_weight\":0}","audit_id":"audit_1787195538883_rx7y"}
{"timestamp":"2026-08-20T03:12:18.906Z","action":"memory.add","actor":"daily-sync","target":"若兰","result":"success","detail":"{\"agent\":\"若兰\",\"type\":\"event\",\"structural_weight\":0}","audit_id":"audit_1787195538907_gkin"}
{"timestamp":"2026-08-20T03:12:18.931Z","action":"memory.add","actor":"daily-sync","target":"若兰","result":"success","detail":"{\"agent\":\"若兰\",\"type\":\"event\",\"structural_weight\":0}","audit_id":"audit_1787195538931_wi9n"}
{"timestamp":"2026-08-20T03:12:18.958Z","action":"memory.add","actor":"daily-sync","target":"若兰","result":"success","detail":"{\"agent\":\"若兰\",\"type\":\"event\",\"structural_weight\":0}","audit_id":"audit_1787195538958_tkio"}
{"timestamp":"2026-08-20T03:12:18.994Z","action":"memory.add","actor":"daily-sync","target":"若兰","result":"success","detail":"{\"agent\":\"若兰\",\"type\":\"event\",\"structural_weight\":0}","audit_id":"audit_1787195538994_8l2g"}
{"timestamp":"2026-08-20T03:12:19.022Z","action":"memory.add","actor":"daily-sync","target":"若兰","result":"success","detail":"{\"agent\":\"若兰\",\"type\":\"todo\",\"structural_weight\":0}","audit_id":"audit_1787195539022_afx8"}
{"timestamp":"2026-08-20T03:12:19.053Z","action":"memory.add","actor":"daily-sync","target":"若兰","result":"success","detail":"{\"agent\":\"若兰\",\"type\":\"event\",\"structural_weight\":0}","audit_id":"audit_1787195539053_qqfi"}
{"timestamp":"2026-08-20T03:12:19.090Z","action":"memory.add","actor":"daily-sync","target":"若兰","result":"success","detail":"{\"agent\":\"若兰\",\"type\":\"event\",\"structural_weight\":0}","audit_id":"audit_1787195539090_mpao"}
{"timestamp":"2026-08-20T03:12:19.118Z","action":"memory.add","actor":"daily-sync","target":"若兰","result":"success","detail":"{\"agent\":\"若兰\",\"type\":\"event\",\"structural_weight\":0}","audit_id":"audit_1787195539118_qzg2"}
{"timestamp":"2026-08-20T03:12:19.155Z","action":"memory.add","actor":"daily-sync","target":"若兰","result":"success","detail":"{\"agent\":\"若兰\",\"type\":\"discovery\",\"structural_weight\":0}","audit_id":"audit_1787195539155_nbxc"}
{"timestamp":"2026-08-20T03:12:19.188Z","action":"memory.add","actor":"daily-sync","target":"若兰","result":"success","detail":"{\"agent\":\"若兰\",\"type\":\"event\",\"structural_weight\":0}","audit_id":"audit_1787195539188_0wvk"}
{"timestamp":"2026-08-20T03:12:19.225Z","action":"memory.add","actor":"daily-sync","target":"若兰","result":"success","detail":"{\"agent\":\"若兰\",\"type\":\"discovery\",\"structural_weight\":0}","audit_id":"audit_1787195539225_nfet"}
{"timestamp":"2026-08-20T03:12:19.259Z","action":"memory.add","actor":"daily-sync","target":"若兰","result":"success","detail":"{\"agent\":\"若兰\",\"type\":\"event\",\"structural_weight\":0}","audit_id":"audit_1787195539259_uh2e"}
{"timestamp":"2026-08-20T03:12:19.284Z","action":"memory.add","actor":"daily-sync","target":"若兰","result":"success","detail":"{\"agent\":\"若兰\",\"type\":\"event\",\"structural_weight\":0}","audit_id":"audit_1787195539284_xq15"}
{"timestamp":"2026-08-20T03:12:19.324Z","action":"memory.add","actor":"daily-sync","target":"若兰","result":"success","detail":"{\"agent\":\"若兰\",\"type\":\"event\",\"structural_weight\":0}","audit_id":"audit_1787195539324_4v1s"}
{"timestamp":"2026-08-20T03:12:19.361Z","action":"memory.add","actor":"daily-sync","target":"若兰","result":"success","detail":"{\"agent\":\"若兰\",\"type\":\"event\",\"structural_weight\":0}","audit_id":"audit_1787195539361_u4ci"}
{"timestamp":"2026-08-20T03:12:19.598Z","action":"memory.add","actor":"daily-sync","target":"若兰","result":"success","detail":"{\"agent\":\"若兰\",\"type\":\"event\",\"structural_weight\":0}","audit_id":"audit_1787195539598_xa89"}
{"timestamp":"2026-08-20T03:12:19.632Z","action":"memory.add","actor":"daily-sync","target":"若兰","result":"success","detail":"{\"agent\":\"若兰\",\"type\":\"event\",\"structural_weight\":0}","audit_id":"audit_1787195539632_989q"}
{"timestamp":"2026-08-20T03:12:19.677Z","action":"memory.get","actor":"若兰","target":"若兰","result":"success","detail":"{\"agent\":\"若兰\",\"count\":1874}","audit_id":"audit_1787195539677_612p"}
{"timestamp":"2026-08-20T03:12:19.712Z","action":"memory.add","actor":"daily-sync","target":"若兰","result":"success","detail":"{\"agent\":\"若兰\",\"type\":\"event\",\"structural_weight\":0}","audit_id":"audit_1787195539712_2aql"}
{"timestamp":"2026-08-20T03:12:19.745Z","action":"memory.add","actor":"daily-sync","target":"若兰","result":"success","detail":"{\"agent\":\"若兰\",\"type\":\"event\",\"structural_weight\":0}","audit_id":"audit_1787195539745_tmic"}
{"timestamp":"2026-08-20T03:12:19.780Z","action":"memory.add","actor":"daily-sync","target":"若兰","result":"success","detail":"{\"agent\":\"若兰\",\"type\":\"milestone\",\"structural_weight\":0.6}","audit_id":"audit_1787195539780_yaw4"}
{"timestamp":"2026-08-20T03:12:19.811Z","action":"memory.add","actor":"daily-sync","target":"若兰","result":"success","detail":"{\"agent\":\"若兰\",\"type\":\"event\",\"structural_weight\":0}","audit_id":"audit_1787195539811_lkxa"}
{"timestamp":"2026-08-20T03:12:19.843Z","action":"memory.add","actor":"daily-sync","target":"若兰","result":"success","detail":"{\"agent\":\"若兰\",\"type\":\"event\",\"structural_weight\":0}","audit_id":"audit_1787195539843_c3vb"}
{"timestamp":"2026-08-20T03:12:19.873Z","action":"memory.add","actor":"daily-sync","target":"若兰","result":"success","detail":"{\"agent\":\"若兰\",\"type\":\"milestone\",\"structural_weight\":0.6}","audit_id":"audit_1787195539873_utzx"}
{"timestamp":"2026-08-20T03:12:19.907Z","action":"memory.add","actor":"daily-sync","target":"若兰","result":"success","detail":"{\"agent\":\"若兰\",\"type\":\"event\",\"structural_weight\":0}","audit_id":"audit_1787195539907_t94q"}
{"timestamp":"2026-08-20T03:12:19.952Z","action":"memory.add","actor":"daily-sync","target":"若兰","result":"success","detail":"{\"agent\":\"若兰\",\"type\":\"event\",\"structural_weight\":0}","audit_id":"audit_1787195539952_5lil"}
{"timestamp":"2026-08-20T03:12:19.979Z","action":"memory.add","actor":"daily-sync","target":"若兰","result":"success","detail":"{\"agent\":\"若兰\",\"type\":\"event\",\"structural_weight\":0}","audit_id":"audit_1787195539979_wu1d"}
{"timestamp":"2026-08-20T03:12:20.013Z","action":"memory.add","actor":"daily-sync","target":"若兰","result":"success","detail":"{\"agent\":\"若兰\",\"type\":\"event\",\"structural_weight\":0}","audit_id":"audit_1787195540013_9jwy"}
{"timestamp":"2026-08-20T03:12:20.041Z","action":"memory.add","actor":"daily-sync","target":"若兰","result":"success","detail":"{\"agent\":\"若兰\",\"type\":\"milestone\",\"structural_weight\":0.6}","audit_id":"audit_1787195540041_znll"}
{"timestamp":"2026-08-20T03:12:20.073Z","action":"memory.add","actor":"daily-sync","target":"若兰","result":"success","detail":"{\"agent\":\"若兰\",\"type\":\"event\",\"structural_weight\":0}","audit_id":"audit_1787195540073_mfv1"}
{"timestamp":"2026-08-20T03:12:20.099Z","action":"memory.add","actor":"daily-sync","target":"若兰","result":"success","detail":"{\"agent\":\"若兰\",\"type\":\"event\",\"structural_weight\":0}","audit_id":"audit_1787195540099_vhz4"}
{"timestamp":"2026-08-20T03:12:20.138Z","action":"memory.add","actor":"daily-sync","target":"若兰","result":"success","detail":"{\"agent\":\"若兰\",\"type\":\"event\",\"structural_weight\":0}","audit_id":"audit_1787195540138_nh4u"}
{"timestamp":"2026-08-20T03:12:20.183Z","action":"memory.add","actor":"daily-sync","target":"若兰","result":"success","detail":"{\"agent\":\"若兰\",\"type\":\"event\",\"structural_weight\":0}","audit_id":"audit_1787195540183_pnkt"}
{"timestamp":"2026-08-20T03:12:20.223Z","action":"memory.add","actor":"daily-sync","target":"若兰","result":"success","detail":"{\"agent\":\"若兰\",\"type\":\"event\",\"structural_weight\":0}","audit_id":"audit_1787195540223_mu65"}
{"timestamp":"2026-08-20T03:12:20.265Z","action":"memory.add","actor":"daily-sync","target":"若兰","result":"success","detail":"{\"agent\":\"若兰\",\"type\":\"event\",\"structural_weight\":0}","audit_id":"audit_1787195540265_kb0x"}
{"timestamp":"2026-08-20T03:12:20.316Z","action":"memory.add","actor":"daily-sync","target":"若兰","result":"success","detail":"{\"agent\":\"若兰\",\"type\":\"decision\",\"structural_weight\":0.6}","audit_id":"audit_1787195540316_jd69"}
{"timestamp":"2026-08-20T03:12:20.349Z","action":"memory.add","actor":"daily-sync","target":"若兰","result":"success","detail":"{\"agent\":\"若兰\",\"type\":\"milestone\",\"structural_weight\":0.6}","audit_id":"audit_1787195540349_6mp5"}
{"timestamp":"2026-08-20T03:12:20.394Z","action":"memory.add","actor":"daily-sync","target":"若兰","result":"success","detail":"{\"agent\":\"若兰\",\"type\":\"milestone\",\"structural_weight\":0.6}","audit_id":"audit_1787195540394_9gn7"}
{"timestamp":"2026-08-20T03:12:20.437Z","action":"memory.add","actor":"daily-sync","target":"若兰","result":"success","detail":"{\"agent\":\"若兰\",\"type\":\"milestone\",\"structural_weight\":0.6}","audit_id":"audit_1787195540437_gz77"}
{"timestamp":"2026-08-20T03:12:20.484Z","action":"memory.add","actor":"daily-sync","target":"若兰","result":"success","detail":"{\"agent\":\"若兰\",\"type\":\"event\",\"structural_weight\":0}","audit_id":"audit_1787195540484_abfv"}
{"timestamp":"2026-08-20T03:12:20.518Z","action":"memory.add","actor":"daily-sync","target":"若兰","result":"success","detail":"{\"agent\":\"若兰\",\"type\":\"event\",\"structural_weight\":0}","audit_id":"audit_1787195540518_hxxl"}
{"timestamp":"2026-08-20T03:12:20.567Z","action":"memory.add","actor":"daily-sync","target":"若兰","result":"success","detail":"{\"agent\":\"若兰\",\"type\":\"milestone\",\"structural_weight\":0.6}","audit_id":"audit_1787195540567_zu4l"}
{"timestamp":"2026-08-20T03:12:20.612Z","action":"memory.add","actor":"daily-sync","target":"若兰","result":"success","detail":"{\"agent\":\"若兰\",\"type\":\"milestone\",\"structural_weight\":0.6}","audit_id":"audit_1787195540612_zai9"}
{"timestamp":"2026-08-20T03:12:20.647Z","action":"memory.add","actor":"daily-sync","target":"若兰","result":"success","detail":"{\"agent\":\"若兰\",\"type\":\"milestone\",\"structural_weight\":0.6}","audit_id":"audit_1787195540647_8lrz"}
{"timestamp":"2026-08-20T03:12:20.689Z","action":"memory.add","actor":"daily-sync","target":"若兰","result":"success","detail":"{\"agent\":\"若兰\",\"type\":\"event\",\"structural_weight\":0}","audit_id":"audit_1787195540689_uq47"}
{"timestamp":"2026-08-20T03:12:20.981Z","action":"memory.add","actor":"daily-sync","target":"若兰","result":"success","detail":"{\"agent\":\"若兰\",\"type\":\"event\",\"structural_weight\":0}","audit_id":"audit_1787195540981_bqmu"}
{"timestamp":"2026-08-20T03:12:21.016Z","action":"memory.add","actor":"daily-sync","target":"若兰","result":"success","detail":"{\"agent\":\"若兰\",\"type\":\"milestone\",\"structural_weight\":0.6}","audit_id":"audit_1787195541016_8s4p"}
{"timestamp":"2026-08-20T03:12:21.049Z","action":"memory.add","actor":"daily-sync","target":"若兰","result":"success","detail":"{\"agent\":\"若兰\",\"type\":\"milestone\",\"structural_weight\":0.6}","audit_id":"audit_1787195541049_y8pz"}
{"timestamp":"2026-08-20T03:12:21.076Z","action":"memory.add","actor":"daily-sync","target":"若兰","result":"success","detail":"{\"agent\":\"若兰\",\"type\":\"milestone\",\"structural_weight\":0.6}","audit_id":"audit_1787195541076_6rd5"}
{"timestamp":"2026-08-20T03:12:21.105Z","action":"memory.add","actor":"daily-sync","target":"若兰","result":"success","detail":"{\"agent\":\"若兰\",\"type\":\"milestone\",\"structural_weight\":0.6}","audit_id":"audit_1787195541105_2dqt"}
{"timestamp":"2026-08-20T03:12:21.134Z","action":"memory.add","actor":"daily-sync","target":"若兰","result":"success","detail":"{\"agent\":\"若兰\",\"type\":\"todo\",\"structural_weight\":0}","audit_id":"audit_1787195541134_q0u5"}
{"timestamp":"2026-08-20T03:12:21.153Z","action":"memory.add","actor":"daily-sync","target":"若兰","result":"success","detail":"{\"agent\":\"若兰\",\"type\":\"lesson\",\"structural_weight\":0}","audit_id":"audit_1787195541153_nmph"}
{"timestamp":"2026-08-20T03:12:21.181Z","action":"memory.add","actor":"daily-sync","target":"若兰","result":"success","detail":"{\"agent\":\"若兰\",\"type\":\"event\",\"structural_weight\":0}","audit_id":"audit_1787195541181_294l"}
{"timestamp":"2026-08-20T03:12:21.212Z","action":"memory.add","actor":"daily-sync","target":"若兰","result":"success","detail":"{\"agent\":\"若兰\",\"type\":\"event\",\"structural_weight\":0}","audit_id":"audit_1787195541212_06b5"}
{"timestamp":"2026-08-20T03:12:21.237Z","action":"memory.add","actor":"daily-sync","target":"若兰","result":"success","detail":"{\"agent\":\"若兰\",\"type\":\"event\",\"structural_weight\":0}","audit_id":"audit_1787195541237_sbqw"}
{"timestamp":"2026-08-20T03:12:21.280Z","action":"memory.add","actor":"daily-sync","target":"若兰","result":"success","detail":"{\"agent\":\"若兰\",\"type\":\"event\",\"structural_weight\":0}","audit_id":"audit_1787195541280_rarx"}
{"timestamp":"2026-08-20T03:12:21.308Z","action":"memory.add","actor":"daily-sync","target":"若兰","result":"success","detail":"{\"agent\":\"若兰\",\"type\":\"event\",\"structural_weight\":0}","audit_id":"audit_1787195541308_i860"}
{"timestamp":"2026-08-20T03:12:21.337Z","action":"memory.add","actor":"daily-sync","target":"若兰","result":"success","detail":"{\"agent\":\"若兰\",\"type\":\"event\",\"structural_weight\":0}","audit_id":"audit_1787195541337_uxfj"}
{"timestamp":"2026-08-20T03:12:21.367Z","action":"memory.add","actor":"daily-sync","target":"若兰","result":"success","detail":"{\"agent\":\"若兰\",\"type\":\"event\",\"structural_weight\":0}","audit_id":"audit_1787195541367_3ccp"}
{"timestamp":"2026-08-20T03:12:21.402Z","action":"memory.add","actor":"daily-sync","target":"若兰","result":"success","detail":"{\"agent\":\"若兰\",\"type\":\"event\",\"structural_weight\":0}","audit_id":"audit_1787195541402_pzon"}
{"timestamp":"2026-08-20T03:12:21.434Z","action":"memory.add","actor":"daily-sync","target":"若兰","result":"success","detail":"{\"agent\":\"若兰\",\"type\":\"event\",\"structural_weight\":0}","audit_id":"audit_1787195541434_678y"}
{"timestamp":"2026-08-20T03:12:21.471Z","action":"memory.add","actor":"daily-sync","target":"若兰","result":"success","detail":"{\"agent\":\"若兰\",\"type\":\"discovery\",\"structural_weight\":0}","audit_id":"audit_1787195541472_4tc3"}
{"timestamp":"2026-08-20T03:12:21.511Z","action":"memory.add","actor":"daily-sync","target":"若兰","result":"success","detail":"{\"agent\":\"若兰\",\"type\":\"event\",\"structural_weight\":0}","audit_id":"audit_1787195541511_idu1"}
{"timestamp":"2026-08-20T03:12:21.548Z","action":"memory.add","actor":"daily-sync","target":"若兰","result":"success","detail":"{\"agent\":\"若兰\",\"type\":\"discovery\",\"structural_weight\":0}","audit_id":"audit_1787195541548_tvnx"}
{"timestamp":"2026-08-20T03:12:21.607Z","action":"memory.add","actor":"daily-sync","target":"若兰","result":"success","detail":"{\"agent\":\"若兰\",\"type\":\"event\",\"structural_weight\":0}","audit_id":"audit_1787195541607_z6hw"}
{"timestamp":"2026-08-20T03:12:21.647Z","action":"memory.add","actor":"daily-sync","target":"若兰","result":"success","detail":"{\"agent\":\"若兰\",\"type\":\"milestone\",\"structural_weight\":0.6}","audit_id":"audit_1787195541647_hgue"}
{"timestamp":"2026-08-20T03:12:21.685Z","action":"memory.add","actor":"daily-sync","target":"若兰","result":"success","detail":"{\"agent\":\"若兰\",\"type\":\"lesson\",\"structural_weight\":0}","audit_id":"audit_1787195541685_lvig"}
{"timestamp":"2026-08-20T03:12:21.729Z","action":"memory.add","actor":"daily-sync","target":"若兰","result":"success","detail":"{\"agent\":\"若兰\",\"type\":\"discovery\",\"structural_weight\":0}","audit_id":"audit_1787195541729_z5jq"}
{"timestamp":"2026-08-20T03:12:21.762Z","action":"memory.add","actor":"daily-sync","target":"若兰","result":"success","detail":"{\"agent\":\"若兰\",\"type\":\"discovery\",\"structural_weight\":0}","audit_id":"audit_1787195541762_cphg"}
{"timestamp":"2026-08-20T03:12:21.798Z","action":"memory.add","actor":"daily-sync","target":"若兰","result":"success","detail":"{\"agent\":\"若兰\",\"type\":\"event\",\"structural_weight\":0}","audit_id":"audit_1787195541798_obb1"}
{"timestamp":"2026-08-20T03:12:21.844Z","action":"memory.add","actor":"daily-sync","target":"若兰","result":"success","detail":"{\"agent\":\"若兰\",\"type\":\"event\",\"structural_weight\":0}","audit_id":"audit_1787195541844_4wqj"}
{"timestamp":"2026-08-20T03:12:21.883Z","action":"memory.add","actor":"daily-sync","target":"若兰","result":"success","detail":"{\"agent\":\"若兰\",\"type\":\"event\",\"structural_weight\":0}","audit_id":"audit_1787195541883_6a9w"}
{"timestamp":"2026-08-20T03:12:21.927Z","action":"memory.add","actor":"daily-sync","target":"若兰","result":"success","detail":"{\"agent\":\"若兰\",\"type\":\"event\",\"structural_weight\":0}","audit_id":"audit_1787195541927_2hgh"}
{"timestamp":"2026-08-20T03:12:21.982Z","action":"memory.add","actor":"daily-sync","target":"若兰","result":"success","detail":"{\"agent\":\"若兰\",\"type\":\"event\",\"structural_weight\":0}","audit_id":"audit_1787195541982_unsl"}
{"timestamp":"2026-08-20T03:12:22.032Z","action":"memory.add","actor":"daily-sync","target":"若兰","result":"success","detail":"{\"agent\":\"若兰\",\"type\":\"discovery\",\"structural_weight\":0}","audit_id":"audit_1787195542032_zjr9"}
{"timestamp":"2026-08-20T03:12:22.070Z","action":"memory.add","actor":"daily-sync","target":"若兰","result":"success","detail":"{\"agent\":\"若兰\",\"type\":\"discovery\",\"structural_weight\":0}","audit_id":"audit_1787195542070_mjvt"}
{"timestamp":"2026-08-20T03:12:22.101Z","action":"memory.add","actor":"daily-sync","target":"若兰","result":"success","detail":"{\"agent\":\"若兰\",\"type\":\"event\",\"structural_weight\":0}","audit_id":"audit_1787195542101_qykm"}
{"timestamp":"2026-08-20T03:12:22.343Z","action":"memory.add","actor":"daily-sync","target":"若兰","result":"success","detail":"{\"agent\":\"若兰\",\"type\":\"event\",\"structural_weight\":0}","audit_id":"audit_1787195542343_tkig"}
{"timestamp":"2026-08-20T03:12:22.383Z","action":"memory.add","actor":"daily-sync","target":"若兰","result":"success","detail":"{\"agent\":\"若兰\",\"type\":\"event\",\"structural_weight\":0}","audit_id":"audit_1787195542383_oufy"}
{"timestamp":"2026-08-20T03:12:22.416Z","action":"memory.add","actor":"daily-sync","target":"若兰","result":"success","detail":"{\"agent\":\"若兰\",\"type\":\"milestone\",\"structural_weight\":0.6}","audit_id":"audit_1787195542416_eq8z"}
{"timestamp":"2026-08-20T03:12:22.477Z","action":"memory.add","actor":"daily-sync","target":"若兰","result":"success","detail":"{\"agent\":\"若兰\",\"type\":\"milestone\",\"structural_weight\":0.6}","audit_id":"audit_1787195542477_kaeb"}
{"timestamp":"2026-08-20T03:12:22.523Z","action":"memory.add","actor":"daily-sync","target":"若兰","result":"success","detail":"{\"agent\":\"若兰\",\"type\":\"decision\",\"structural_weight\":0.6}","audit_id":"audit_1787195542523_jfv0"}
{"timestamp":"2026-08-20T03:12:22.567Z","action":"memory.add","actor":"daily-sync","target":"若兰","result":"success","detail":"{\"agent\":\"若兰\",\"type\":\"event\",\"structural_weight\":0}","audit_id":"audit_1787195542567_z85x"}
{"timestamp":"2026-08-20T03:12:22.611Z","action":"memory.add","actor":"daily-sync","target":"若兰","result":"success","detail":"{\"agent\":\"若兰\",\"type\":\"milestone\",\"structural_weight\":0.6}","audit_id":"audit_1787195542611_btv1"}
{"timestamp":"2026-08-20T03:12:22.646Z","action":"memory.add","actor":"daily-sync","target":"若兰","result":"success","detail":"{\"agent\":\"若兰\",\"type\":\"milestone\",\"structural_weight\":0.6}","audit_id":"audit_1787195542646_x91i"}
{"timestamp":"2026-08-20T03:12:22.696Z","action":"memory.get","actor":"若兰","target":"若兰","result":"success","detail":"{\"agent\":\"若兰\",\"count\":1941}","audit_id":"audit_1787195542696_40rn"}
{"timestamp":"2026-08-20T03:12:22.735Z","action":"memory.add","actor":"daily-sync","target":"若兰","result":"success","detail":"{\"agent\":\"若兰\",\"type\":\"event\",\"structural_weight\":0}","audit_id":"audit_1787195542735_kzbp"}
{"timestamp":"2026-08-20T03:12:22.779Z","action":"memory.add","actor":"daily-sync","target":"若兰","result":"success","detail":"{\"agent\":\"若兰\",\"type\":\"event\",\"structural_weight\":0}","audit_id":"audit_1787195542779_nlok"}
{"timestamp":"2026-08-20T03:12:22.813Z","action":"memory.add","actor":"daily-sync","target":"若兰","result":"success","detail":"{\"agent\":\"若兰\",\"type\":\"event\",\"structural_weight\":0}","audit_id":"audit_1787195542813_c6oh"}
{"timestamp":"2026-08-20T03:12:22.850Z","action":"memory.add","actor":"daily-sync","target":"若兰","result":"success","detail":"{\"agent\":\"若兰\",\"type\":\"event\",\"structural_weight\":0}","audit_id":"audit_1787195542850_vllq"}
{"timestamp":"2026-08-20T03:12:22.885Z","action":"memory.add","actor":"daily-sync","target":"若兰","result":"success","detail":"{\"agent\":\"若兰\",\"type\":\"event\",\"structural_weight\":0}","audit_id":"audit_1787195542885_mkjb"}
{"timestamp":"2026-08-20T03:12:22.937Z","action":"memory.add","actor":"daily-sync","target":"若兰","result":"success","detail":"{\"agent\":\"若兰\",\"type\":\"event\",\"structural_weight\":0}","audit_id":"audit_1787195542937_m1cu"}
{"timestamp":"2026-08-20T03:12:22.976Z","action":"memory.add","actor":"daily-sync","target":"若兰","result":"success","detail":"{\"agent\":\"若兰\",\"type\":\"event\",\"structural_weight\":0}","audit_id":"audit_1787195542976_p653"}
{"timestamp":"2026-08-20T03:12:23.011Z","action":"memory.add","actor":"daily-sync","target":"若兰","result":"success","detail":"{\"agent\":\"若兰\",\"type\":\"fix\",\"structural_weight\":0}","audit_id":"audit_1787195543011_chhh"}
{"timestamp":"2026-08-20T03:12:23.049Z","action":"memory.add","actor":"daily-sync","target":"若兰","result":"success","detail":"{\"agent\":\"若兰\",\"type\":\"event\",\"structural_weight\":0}","audit_id":"audit_1787195543049_nj8t"}
{"timestamp":"2026-08-20T03:12:23.080Z","action":"memory.add","actor":"daily-sync","target":"若兰","result":"success","detail":"{\"agent\":\"若兰\",\"type\":\"event\",\"structural_weight\":0}","audit_id":"audit_1787195543080_hxn2"}
{"timestamp":"2026-08-20T03:12:23.112Z","action":"memory.add","actor":"daily-sync","target":"若兰","result":"success","detail":"{\"agent\":\"若兰\",\"type\":\"milestone\",\"structural_weight\":0.6}","audit_id":"audit_1787195543112_oe1u"}
{"timestamp":"2026-08-20T03:12:23.138Z","action":"memory.add","actor":"daily-sync","target":"若兰","result":"success","detail":"{\"agent\":\"若兰\",\"type\":\"milestone\",\"structural_weight\":0.6}","audit_id":"audit_1787195543138_lrxr"}
{"timestamp":"2026-08-20T03:12:23.170Z","action":"memory.add","actor":"daily-sync","target":"若兰","result":"success","detail":"{\"agent\":\"若兰\",\"type\":\"milestone\",\"structural_weight\":0.6}","audit_id":"audit_1787195543170_btaf"}
{"timestamp":"2026-08-20T03:12:23.201Z","action":"memory.add","actor":"daily-sync","target":"若兰","result":"success","detail":"{\"agent\":\"若兰\",\"type\":\"decision\",\"structural_weight\":0.6}","audit_id":"audit_1787195543201_ytd1"}
{"timestamp":"2026-08-20T03:12:23.255Z","action":"memory.add","actor":"daily-sync","target":"若兰","result":"success","detail":"{\"agent\":\"若兰\",\"type\":\"fix\",\"structural_weight\":0}","audit_id":"audit_1787195543255_fmr2"}
{"timestamp":"2026-08-20T03:12:23.280Z","action":"memory.add","actor":"daily-sync","target":"若兰","result":"success","detail":"{\"agent\":\"若兰\",\"type\":\"decision\",\"structural_weight\":0.6}","audit_id":"audit_1787195543280_6efl"}
{"timestamp":"2026-08-20T03:12:23.312Z","action":"memory.add","actor":"daily-sync","target":"若兰","result":"success","detail":"{\"agent\":\"若兰\",\"type\":\"milestone\",\"structural_weight\":0.6}","audit_id":"audit_1787195543312_puev"}
{"timestamp":"2026-08-20T03:12:23.334Z","action":"memory.add","actor":"daily-sync","target":"若兰","result":"success","detail":"{\"agent\":\"若兰\",\"type\":\"event\",\"structural_weight\":0}","audit_id":"audit_1787195543334_g259"}
{"timestamp":"2026-08-20T03:12:23.361Z","action":"memory.add","actor":"daily-sync","target":"若兰","result":"success","detail":"{\"agent\":\"若兰\",\"type\":\"event\",\"structural_weight\":0}","audit_id":"audit_1787195543361_i06f"}
{"timestamp":"2026-08-20T03:12:23.394Z","action":"memory.add","actor":"daily-sync","target":"若兰","result":"success","detail":"{\"agent\":\"若兰\",\"type\":\"event\",\"structural_weight\":0}","audit_id":"audit_1787195543394_1hks"}
{"timestamp":"2026-08-20T03:12:23.434Z","action":"memory.add","actor":"daily-sync","target":"若兰","result":"success","detail":"{\"agent\":\"若兰\",\"type\":\"event\",\"structural_weight\":0}","audit_id":"audit_1787195543434_03j6"}
{"timestamp":"2026-08-20T03:12:23.474Z","action":"memory.add","actor":"daily-sync","target":"若兰","result":"success","detail":"{\"agent\":\"若兰\",\"type\":\"event\",\"structural_weight\":0}","audit_id":"audit_1787195543474_x6ua"}
{"timestamp":"2026-08-20T03:12:23.736Z","action":"memory.add","actor":"daily-sync","target":"若兰","result":"success","detail":"{\"agent\":\"若兰\",\"type\":\"event\",\"structural_weight\":0}","audit_id":"audit_1787195543736_5tpn"}
{"timestamp":"2026-08-20T03:12:23.772Z","action":"memory.add","actor":"daily-sync","target":"若兰","result":"success","detail":"{\"agent\":\"若兰\",\"type\":\"event\",\"structural_weight\":0}","audit_id":"audit_1787195543772_qu0c"}
{"timestamp":"2026-08-20T03:12:23.804Z","action":"memory.add","actor":"daily-sync","target":"若兰","result":"success","detail":"{\"agent\":\"若兰\",\"type\":\"event\",\"structural_weight\":0}","audit_id":"audit_1787195543804_t2xm"}
{"timestamp":"2026-08-20T03:12:23.863Z","action":"memory.add","actor":"daily-sync","target":"若兰","result":"success","detail":"{\"agent\":\"若兰\",\"type\":\"event\",\"structural_weight\":0}","audit_id":"audit_1787195543863_ulla"}
{"timestamp":"2026-08-20T03:12:23.906Z","action":"memory.add","actor":"daily-sync","target":"若兰","result":"success","detail":"{\"agent\":\"若兰\",\"type\":\"event\",\"structural_weight\":0}","audit_id":"audit_1787195543906_dlfg"}
{"timestamp":"2026-08-20T03:12:23.966Z","action":"memory.add","actor":"daily-sync","target":"若兰","result":"success","detail":"{\"agent\":\"若兰\",\"type\":\"event\",\"structural_weight\":0}","audit_id":"audit_1787195543966_5cbs"}
{"timestamp":"2026-08-20T03:12:24.019Z","action":"memory.add","actor":"daily-sync","target":"若兰","result":"success","detail":"{\"agent\":\"若兰\",\"type\":\"event\",\"structural_weight\":0}","audit_id":"audit_1787195544019_jgke"}
{"timestamp":"2026-08-20T03:12:24.056Z","action":"memory.add","actor":"daily-sync","target":"若兰","result":"success","detail":"{\"agent\":\"若兰\",\"type\":\"event\",\"structural_weight\":0}","audit_id":"audit_1787195544056_v9t8"}
{"timestamp":"2026-08-20T03:12:24.095Z","action":"memory.add","actor":"daily-sync","target":"若兰","result":"success","detail":"{\"agent\":\"若兰\",\"type\":\"event\",\"structural_weight\":0}","audit_id":"audit_1787195544095_33tw"}
{"timestamp":"2026-08-20T03:12:24.129Z","action":"memory.add","actor":"daily-sync","target":"若兰","result":"success","detail":"{\"agent\":\"若兰\",\"type\":\"event\",\"structural_weight\":0}","audit_id":"audit_1787195544129_fr4q"}
{"timestamp":"2026-08-20T03:12:24.171Z","action":"memory.add","actor":"daily-sync","target":"若兰","result":"success","detail":"{\"agent\":\"若兰\",\"type\":\"event\",\"structural_weight\":0}","audit_id":"audit_1787195544171_slq0"}
{"timestamp":"2026-08-20T03:12:24.201Z","action":"memory.add","actor":"daily-sync","target":"若兰","result":"success","detail":"{\"agent\":\"若兰\",\"type\":\"event\",\"structural_weight\":0}","audit_id":"audit_1787195544201_rlq5"}
{"timestamp":"2026-08-20T03:12:24.233Z","action":"memory.add","actor":"daily-sync","target":"若兰","result":"success","detail":"{\"agent\":\"若兰\",\"type\":\"event\",\"structural_weight\":0}","audit_id":"audit_1787195544233_y23j"}
{"timestamp":"2026-08-20T03:12:24.266Z","action":"memory.add","actor":"daily-sync","target":"若兰","result":"success","detail":"{\"agent\":\"若兰\",\"type\":\"milestone\",\"structural_weight\":0.6}","audit_id":"audit_1787195544266_vqv0"}
{"timestamp":"2026-08-20T03:12:24.301Z","action":"memory.add","actor":"daily-sync","target":"若兰","result":"success","detail":"{\"agent\":\"若兰\",\"type\":\"milestone\",\"structural_weight\":0.6}","audit_id":"audit_1787195544301_ducb"}
{"timestamp":"2026-08-20T03:12:24.340Z","action":"memory.add","actor":"daily-sync","target":"若兰","result":"success","detail":"{\"agent\":\"若兰\",\"type\":\"decision\",\"structural_weight\":0.6}","audit_id":"audit_1787195544340_cg6m"}
{"timestamp":"2026-08-20T03:12:24.398Z","action":"memory.get","actor":"若兰","target":"若兰","result":"success","detail":"{\"agent\":\"若兰\",\"count\":1979}","audit_id":"audit_1787195544398_cshu"}
{"timestamp":"2026-08-20T03:12:24.505Z","action":"memory.get","actor":"若兰","target":"若兰","result":"success","detail":"{\"agent\":\"若兰\",\"count\":1979}","audit_id":"audit_1787195544505_ug6j"}
{"timestamp":"2026-08-20T03:12:24.563Z","action":"memory.get","actor":"若兰","target":"若兰","result":"success","detail":"{\"agent\":\"若兰\",\"count\":1979}","audit_id":"audit_1787195544563_malf"}
{"timestamp":"2026-08-20T03:13:27.171Z","action":"memory.add","actor":"dream","target":"若兰","result":"success","detail":"{\"agent\":\"若兰\",\"type\":\"milestone\",\"structural_weight\":0.6}","audit_id":"audit_1787195607171_z7lg"}
{"timestamp":"2026-08-20T03:13:27.216Z","action":"memory.add","actor":"dream","target":"若兰","result":"success","detail":"{\"agent\":\"若兰\",\"type\":\"milestone\",\"structural_weight\":0.6}","audit_id":"audit_1787195607216_u53z"}
{"timestamp":"2026-08-20T03:13:27.284Z","action":"memory.add","actor":"dream","target":"若兰","result":"success","detail":"{\"agent\":\"若兰\",\"type\":\"milestone\",\"structural_weight\":0.6}","audit_id":"audit_1787195607284_qf7a"}
{"timestamp":"2026-08-20T03:13:27.340Z","action":"memory.add","actor":"dream","target":"若兰","result":"success","detail":"{\"agent\":\"若兰\",\"type\":\"milestone\",\"structural_weight\":0.6}","audit_id":"audit_1787195607340_hul0"}
{"timestamp":"2026-08-20T03:13:27.401Z","action":"memory.add","actor":"dream","target":"若兰","result":"success","detail":"{\"agent\":\"若兰\",\"type\":\"milestone\",\"structural_weight\":0.6}","audit_id":"audit_1787195607401_olpw"}
{"timestamp":"2026-08-20T03:13:27.459Z","action":"memory.add","actor":"dream","target":"若兰","result":"success","detail":"{\"agent\":\"若兰\",\"type\":\"milestone\",\"structural_weight\":0.6}","audit_id":"audit_1787195607459_zwut"}
{"timestamp":"2026-08-20T03:13:27.515Z","action":"memory.add","actor":"dream","target":"若兰","result":"success","detail":"{\"agent\":\"若兰\",\"type\":\"milestone\",\"structural_weight\":0.6}","audit_id":"audit_1787195607515_xxlw"}
{"timestamp":"2026-08-20T03:13:27.912Z","action":"memory.add","actor":"dream","target":"若兰","result":"success","detail":"{\"agent\":\"若兰\",\"type\":\"milestone\",\"structural_weight\":0.6}","audit_id":"audit_1787195607912_2myz"}
{"timestamp":"2026-08-20T03:13:27.951Z","action":"memory.add","actor":"dream","target":"若兰","result":"success","detail":"{\"agent\":\"若兰\",\"type\":\"milestone\",\"structural_weight\":0.6}","audit_id":"audit_1787195607951_6wkx"}
{"timestamp":"2026-08-20T03:13:28.017Z","action":"memory.add","actor":"dream","target":"若兰","result":"success","detail":"{\"agent\":\"若兰\",\"type\":\"milestone\",\"structural_weight\":0.6}","audit_id":"audit_1787195608017_oix1"}
{"timestamp":"2026-08-20T03:13:28.086Z","action":"memory.add","actor":"dream","target":"若兰","result":"success","detail":"{\"agent\":\"若兰\",\"type\":\"milestone\",\"structural_weight\":0.6}","audit_id":"audit_1787195608086_7j25"}
{"timestamp":"2026-08-20T03:13:28.145Z","action":"memory.add","actor":"dream","target":"若兰","result":"success","detail":"{\"agent\":\"若兰\",\"type\":\"milestone\",\"structural_weight\":0.6}","audit_id":"audit_1787195608145_ypxa"}
{"timestamp":"2026-08-20T03:13:28.205Z","action":"memory.add","actor":"dream","target":"若兰","result":"success","detail":"{\"agent\":\"若兰\",\"type\":\"milestone\",\"structural_weight\":0.6}","audit_id":"audit_1787195608205_ba64"}
{"timestamp":"2026-08-20T03:13:28.262Z","action":"memory.add","actor":"dream","target":"若兰","result":"success","detail":"{\"agent\":\"若兰\",\"type\":\"milestone\",\"structural_weight\":0.6}","audit_id":"audit_1787195608262_q49o"}
{"timestamp":"2026-08-20T03:13:28.327Z","action":"memory.add","actor":"dream","target":"若兰","result":"success","detail":"{\"agent\":\"若兰\",\"type\":\"decision\",\"structural_weight\":0.6}","audit_id":"audit_1787195608328_pj48"}
{"timestamp":"2026-08-20T03:13:28.393Z","action":"memory.add","actor":"dream","target":"若兰","result":"success","detail":"{\"agent\":\"若兰\",\"type\":\"milestone\",\"structural_weight\":0.6}","audit_id":"audit_1787195608393_o4tf"}
{"timestamp":"2026-08-20T03:13:28.460Z","action":"memory.add","actor":"dream","target":"若兰","result":"success","detail":"{\"agent\":\"若兰\",\"type\":\"milestone\",\"structural_weight\":0.6}","audit_id":"audit_1787195608460_akm1"}
{"timestamp":"2026-08-20T03:13:28.538Z","action":"memory.add","actor":"dream","target":"若兰","result":"success","detail":"{\"agent\":\"若兰\",\"type\":\"milestone\",\"structural_weight\":0.6}","audit_id":"audit_1787195608538_b9aw"}
{"timestamp":"2026-08-20T03:13:28.630Z","action":"memory.add","actor":"dream","target":"若兰","result":"success","detail":"{\"agent\":\"若兰\",\"type\":\"decision\",\"structural_weight\":0.6}","audit_id":"audit_1787195608630_36z2"}
{"timestamp":"2026-08-20T03:13:28.711Z","action":"memory.add","actor":"dream","target":"若兰","result":"success","detail":"{\"agent\":\"若兰\",\"type\":\"milestone\",\"structural_weight\":0.6}","audit_id":"audit_1787195608711_webx"}
{"timestamp":"2026-08-20T03:13:28.792Z","action":"memory.add","actor":"dream","target":"若兰","result":"success","detail":"{\"agent\":\"若兰\",\"type\":\"milestone\",\"structural_weight\":0.6}","audit_id":"audit_1787195608792_y0or"}
{"timestamp":"2026-08-20T03:13:28.869Z","action":"memory.add","actor":"dream","target":"若兰","result":"success","detail":"{\"agent\":\"若兰\",\"type\":\"milestone\",\"structural_weight\":0.6}","audit_id":"audit_1787195608869_1f99"}
{"timestamp":"2026-08-20T03:13:29.209Z","action":"memory.add","actor":"dream","target":"若兰","result":"success","detail":"{\"agent\":\"若兰\",\"type\":\"milestone\",\"structural_weight\":0.6}","audit_id":"audit_1787195609209_goql"}
{"timestamp":"2026-08-20T03:13:29.265Z","action":"memory.add","actor":"dream","target":"若兰","result":"success","detail":"{\"agent\":\"若兰\",\"type\":\"decision\",\"structural_weight\":0.6}","audit_id":"audit_1787195609265_9hzy"}
{"timestamp":"2026-08-20T03:13:29.321Z","action":"memory.add","actor":"dream","target":"若兰","result":"success","detail":"{\"agent\":\"若兰\",\"type\":\"decision\",\"structural_weight\":0.6}","audit_id":"audit_1787195609321_l48r"}
{"timestamp":"2026-08-20T03:13:29.395Z","action":"memory.add","actor":"dream","target":"若兰","result":"success","detail":"{\"agent\":\"若兰\",\"type\":\"milestone\",\"structural_weight\":0.6}","audit_id":"audit_1787195609395_iulk"}
{"timestamp":"2026-08-20T03:13:29.461Z","action":"memory.add","actor":"dream","target":"若兰","result":"success","detail":"{\"agent\":\"若兰\",\"type\":\"decision\",\"structural_weight\":0.6}","audit_id":"audit_1787195609461_yn8j"}
{"timestamp":"2026-08-20T03:13:29.563Z","action":"memory.add","actor":"dream","target":"若兰","result":"success","detail":"{\"agent\":\"若兰\",\"type\":\"milestone\",\"structural_weight\":0.6}","audit_id":"audit_1787195609563_t99e"}
{"timestamp":"2026-08-20T03:13:29.645Z","action":"memory.add","actor":"dream","target":"若兰","result":"success","detail":"{\"agent\":\"若兰\",\"type\":\"milestone\",\"structural_weight\":0.6}","audit_id":"audit_1787195609645_m6ts"}
{"timestamp":"2026-08-20T03:13:29.719Z","action":"memory.add","actor":"dream","target":"若兰","result":"success","detail":"{\"agent\":\"若兰\",\"type\":\"decision\",\"structural_weight\":0.6}","audit_id":"audit_1787195609719_uesv"}
{"timestamp":"2026-08-20T03:13:29.799Z","action":"memory.add","actor":"dream","target":"若兰","result":"success","detail":"{\"agent\":\"若兰\",\"type\":\"decision\",\"structural_weight\":0.6}","audit_id":"audit_1787195609799_io5f"}
{"timestamp":"2026-08-20T03:13:29.897Z","action":"memory.add","actor":"dream","target":"若兰","result":"success","detail":"{\"agent\":\"若兰\",\"type\":\"decision\",\"structural_weight\":0.6}","audit_id":"audit_1787195609897_iagl"}
{"timestamp":"2026-08-20T03:13:30.024Z","action":"memory.add","actor":"dream","target":"若兰","result":"success","detail":"{\"agent\":\"若兰\",\"type\":\"milestone\",\"structural_weight\":0.6}","audit_id":"audit_1787195610024_klmd"}
{"timestamp":"2026-08-20T03:13:30.108Z","action":"memory.add","actor":"dream","target":"若兰","result":"success","detail":"{\"agent\":\"若兰\",\"type\":\"milestone\",\"structural_weight\":0.6}","audit_id":"audit_1787195610108_w5gn"}
{"timestamp":"2026-08-20T03:13:30.194Z","action":"memory.add","actor":"dream","target":"若兰","result":"success","detail":"{\"agent\":\"若兰\",\"type\":\"milestone\",\"structural_weight\":0.6}","audit_id":"audit_1787195610194_2fy9"}
{"timestamp":"2026-08-20T03:13:30.254Z","action":"memory.add","actor":"dream","target":"若兰","result":"success","detail":"{\"agent\":\"若兰\",\"type\":\"milestone\",\"structural_weight\":0.6}","audit_id":"audit_1787195610254_v6xo"}
{"timestamp":"2026-08-20T03:13:30.714Z","action":"memory.add","actor":"dream","target":"若兰","result":"success","detail":"{\"agent\":\"若兰\",\"type\":\"milestone\",\"structural_weight\":0.6}","audit_id":"audit_1787195610714_dy8z"}
{"timestamp":"2026-08-20T03:13:30.813Z","action":"memory.add","actor":"dream","target":"若兰","result":"success","detail":"{\"agent\":\"若兰\",\"type\":\"milestone\",\"structural_weight\":0.6}","audit_id":"audit_1787195610813_bqaf"}
{"timestamp":"2026-08-20T03:13:30.964Z","action":"memory.add","actor":"dream","target":"若兰","result":"success","detail":"{\"agent\":\"若兰\",\"type\":\"milestone\",\"structural_weight\":0.6}","audit_id":"audit_1787195610964_oe9u"}
{"timestamp":"2026-08-20T03:13:31.100Z","action":"memory.add","actor":"dream","target":"若兰","result":"success","detail":"{\"agent\":\"若兰\",\"type\":\"decision\",\"structural_weight\":0.6}","audit_id":"audit_1787195611100_gbwo"}
{"timestamp":"2026-08-20T03:13:31.184Z","action":"memory.add","actor":"dream","target":"若兰","result":"success","detail":"{\"agent\":\"若兰\",\"type\":\"decision\",\"structural_weight\":0.6}","audit_id":"audit_1787195611184_fvg4"}
{"timestamp":"2026-08-20T03:13:31.270Z","action":"memory.add","actor":"dream","target":"若兰","result":"success","detail":"{\"agent\":\"若兰\",\"type\":\"milestone\",\"structural_weight\":0.6}","audit_id":"audit_1787195611270_1u2r"}
{"timestamp":"2026-08-20T03:13:31.421Z","action":"memory.add","actor":"dream","target":"若兰","result":"success","detail":"{\"agent\":\"若兰\",\"type\":\"decision\",\"structural_weight\":0.6}","audit_id":"audit_1787195611421_7zu7"}
{"timestamp":"2026-08-20T03:13:31.500Z","action":"memory.add","actor":"dream","target":"若兰","result":"success","detail":"{\"agent\":\"若兰\",\"type\":\"milestone\",\"structural_weight\":0.6}","audit_id":"audit_1787195611500_0x8k"}
{"timestamp":"2026-08-20T03:13:31.583Z","action":"memory.add","actor":"dream","target":"若兰","result":"success","detail":"{\"agent\":\"若兰\",\"type\":\"decision\",\"structural_weight\":0.6}","audit_id":"audit_1787195611583_ajep"}
{"timestamp":"2026-08-20T03:13:31.940Z","action":"memory.add","actor":"dream","target":"若兰","result":"success","detail":"{\"agent\":\"若兰\",\"type\":\"milestone\",\"structural_weight\":0.6}","audit_id":"audit_1787195611940_dsge"}
{"timestamp":"2026-08-20T03:13:32.039Z","action":"memory.add","actor":"dream","target":"若兰","result":"success","detail":"{\"agent\":\"若兰\",\"type\":\"decision\",\"structural_weight\":0.6}","audit_id":"audit_1787195612039_qz1g"}
{"timestamp":"2026-08-20T03:13:32.131Z","action":"memory.add","actor":"dream","target":"若兰","result":"success","detail":"{\"agent\":\"若兰\",\"type\":\"milestone\",\"structural_weight\":0.6}","audit_id":"audit_1787195612131_48jg"}
{"timestamp":"2026-08-20T03:13:32.212Z","action":"memory.add","actor":"dream","target":"若兰","result":"success","detail":"{\"agent\":\"若兰\",\"type\":\"milestone\",\"structural_weight\":0.6}","audit_id":"audit_1787195612212_vrbw"}
{"timestamp":"2026-08-20T03:13:32.275Z","action":"memory.add","actor":"dream","target":"若兰","result":"success","detail":"{\"agent\":\"若兰\",\"type\":\"decision\",\"structural_weight\":0.6}","audit_id":"audit_1787195612275_hpwo"}
{"timestamp":"2026-08-20T03:13:32.350Z","action":"memory.add","actor":"dream","target":"若兰","result":"success","detail":"{\"agent\":\"若兰\",\"type\":\"milestone\",\"structural_weight\":0.6}","audit_id":"audit_1787195612350_pv3f"}
{"timestamp":"2026-08-20T03:13:32.412Z","action":"memory.add","actor":"dream","target":"若兰","result":"success","detail":"{\"agent\":\"若兰\",\"type\":\"decision\",\"structural_weight\":0.6}","audit_id":"audit_1787195612412_gjw2"}
{"timestamp":"2026-08-20T03:13:32.513Z","action":"memory.add","actor":"dream","target":"若兰","result":"success","detail":"{\"agent\":\"若兰\",\"type\":\"decision\",\"structural_weight\":0.6}","audit_id":"audit_1787195612513_pt94"}
{"timestamp":"2026-08-20T03:13:32.617Z","action":"memory.add","actor":"dream","target":"若兰","result":"success","detail":"{\"agent\":\"若兰\",\"type\":\"milestone\",\"structural_weight\":0.6}","audit_id":"audit_1787195612617_1hly"}
{"timestamp":"2026-08-20T03:13:32.697Z","action":"memory.add","actor":"dream","target":"若兰","result":"success","detail":"{\"agent\":\"若兰\",\"type\":\"milestone\",\"structural_weight\":0.6}","audit_id":"audit_1787195612697_sekk"}
{"timestamp":"2026-08-20T03:13:32.782Z","action":"memory.add","actor":"dream","target":"若兰","result":"success","detail":"{\"agent\":\"若兰\",\"type\":\"milestone\",\"structural_weight\":0.6}","audit_id":"audit_1787195612782_5v28"}
{"timestamp":"2026-08-20T03:13:32.872Z","action":"memory.add","actor":"dream","target":"若兰","result":"success","detail":"{\"agent\":\"若兰\",\"type\":\"decision\",\"structural_weight\":0.6}","audit_id":"audit_1787195612872_4gwz"}
{"timestamp":"2026-08-20T03:13:32.948Z","action":"memory.add","actor":"dream","target":"若兰","result":"success","detail":"{\"agent\":\"若兰\",\"type\":\"decision\",\"structural_weight\":0.6}","audit_id":"audit_1787195612948_7fab"}
{"timestamp":"2026-08-20T03:13:33.226Z","action":"memory.add","actor":"dream","target":"若兰","result":"success","detail":"{\"agent\":\"若兰\",\"type\":\"milestone\",\"structural_weight\":0.6}","audit_id":"audit_1787195613226_qdn1"}
{"timestamp":"2026-08-20T03:13:33.339Z","action":"memory.add","actor":"dream","target":"若兰","result":"success","detail":"{\"agent\":\"若兰\",\"type\":\"milestone\",\"structural_weight\":0.6}","audit_id":"audit_1787195613339_zl78"}
{"timestamp":"2026-08-20T03:13:33.432Z","action":"memory.add","actor":"dream","target":"若兰","result":"success","detail":"{\"agent\":\"若兰\",\"type\":\"decision\",\"structural_weight\":0.6}","audit_id":"audit_1787195613432_w4k8"}
{"timestamp":"2026-08-20T03:13:33.507Z","action":"memory.add","actor":"dream","target":"若兰","result":"success","detail":"{\"agent\":\"若兰\",\"type\":\"milestone\",\"structural_weight\":0.6}","audit_id":"audit_1787195613507_m9tt"}
{"timestamp":"2026-08-20T03:13:33.584Z","action":"memory.add","actor":"dream","target":"若兰","result":"success","detail":"{\"agent\":\"若兰\",\"type\":\"decision\",\"structural_weight\":0.6}","audit_id":"audit_1787195613584_yu4d"}
{"timestamp":"2026-08-20T03:13:33.668Z","action":"memory.add","actor":"dream","target":"若兰","result":"success","detail":"{\"agent\":\"若兰\",\"type\":\"milestone\",\"structural_weight\":0.6}","audit_id":"audit_1787195613668_nb7m"}
{"timestamp":"2026-08-20T03:13:33.755Z","action":"memory.add","actor":"dream","target":"若兰","result":"success","detail":"{\"agent\":\"若兰\",\"type\":\"decision\",\"structural_weight\":0.6}","audit_id":"audit_1787195613756_qu6e"}
{"timestamp":"2026-08-20T03:13:33.848Z","action":"memory.add","actor":"dream","target":"若兰","result":"success","detail":"{\"agent\":\"若兰\",\"type\":\"decision\",\"structural_weight\":0.6}","audit_id":"audit_1787195613848_uql9"}
{"timestamp":"2026-08-20T03:13:33.959Z","action":"memory.add","actor":"dream","target":"若兰","result":"success","detail":"{\"agent\":\"若兰\",\"type\":\"milestone\",\"structural_weight\":0.6}","audit_id":"audit_1787195613959_ursh"}
{"timestamp":"2026-08-20T03:13:34.070Z","action":"memory.add","actor":"dream","target":"若兰","result":"success","detail":"{\"agent\":\"若兰\",\"type\":\"milestone\",\"structural_weight\":0.6}","audit_id":"audit_1787195614070_pp8m"}
{"timestamp":"2026-08-20T03:13:34.196Z","action":"memory.add","actor":"dream","target":"若兰","result":"success","detail":"{\"agent\":\"若兰\",\"type\":\"milestone\",\"structural_weight\":0.6}","audit_id":"audit_1787195614196_k191"}
{"timestamp":"2026-08-20T03:13:34.287Z","action":"memory.add","actor":"dream","target":"若兰","result":"success","detail":"{\"agent\":\"若兰\",\"type\":\"milestone\",\"structural_weight\":0.6}","audit_id":"audit_1787195614287_6ws5"}
{"timestamp":"2026-08-20T03:13:34.644Z","action":"memory.add","actor":"dream","target":"若兰","result":"success","detail":"{\"agent\":\"若兰\",\"type\":\"decision\",\"structural_weight\":0.6}","audit_id":"audit_1787195614644_40db"}
{"timestamp":"2026-08-20T03:13:34.749Z","action":"memory.add","actor":"dream","target":"若兰","result":"success","detail":"{\"agent\":\"若兰\",\"type\":\"milestone\",\"structural_weight\":0.6}","audit_id":"audit_1787195614749_0c5x"}
{"timestamp":"2026-08-20T03:13:34.877Z","action":"memory.add","actor":"dream","target":"若兰","result":"success","detail":"{\"agent\":\"若兰\",\"type\":\"decision\",\"structural_weight\":0.6}","audit_id":"audit_1787195614877_yo4g"}
{"timestamp":"2026-08-20T03:13:34.985Z","action":"memory.add","actor":"dream","target":"若兰","result":"success","detail":"{\"agent\":\"若兰\",\"type\":\"decision\",\"structural_weight\":0.6}","audit_id":"audit_1787195614985_firm"}
{"timestamp":"2026-08-20T03:13:35.089Z","action":"memory.add","actor":"dream","target":"若兰","result":"success","detail":"{\"agent\":\"若兰\",\"type\":\"decision\",\"structural_weight\":0.6}","audit_id":"audit_1787195615089_nd2r"}
{"timestamp":"2026-08-20T03:13:35.202Z","action":"memory.add","actor":"dream","target":"若兰","result":"success","detail":"{\"agent\":\"若兰\",\"type\":\"milestone\",\"structural_weight\":0.6}","audit_id":"audit_1787195615202_x022"}
{"timestamp":"2026-08-20T03:13:35.344Z","action":"memory.add","actor":"dream","target":"若兰","result":"success","detail":"{\"agent\":\"若兰\",\"type\":\"milestone\",\"structural_weight\":0.6}","audit_id":"audit_1787195615344_ue4u"}
{"timestamp":"2026-08-20T03:13:35.473Z","action":"memory.add","actor":"dream","target":"若兰","result":"success","detail":"{\"agent\":\"若兰\",\"type\":\"milestone\",\"structural_weight\":0.6}","audit_id":"audit_1787195615473_vei6"}
{"timestamp":"2026-08-20T03:13:35.574Z","action":"memory.add","actor":"dream","target":"若兰","result":"success","detail":"{\"agent\":\"若兰\",\"type\":\"milestone\",\"structural_weight\":0.6}","audit_id":"audit_1787195615574_937j"}
{"timestamp":"2026-08-20T03:13:35.694Z","action":"memory.add","actor":"dream","target":"若兰","result":"success","detail":"{\"agent\":\"若兰\",\"type\":\"milestone\",\"structural_weight\":0.6}","audit_id":"audit_1787195615694_wwqw"}
{"timestamp":"2026-08-20T03:13:35.980Z","action":"memory.add","actor":"dream","target":"若兰","result":"success","detail":"{\"agent\":\"若兰\",\"type\":\"milestone\",\"structural_weight\":0.6}","audit_id":"audit_1787195615980_ri11"}
{"timestamp":"2026-08-20T03:13:36.090Z","action":"memory.add","actor":"dream","target":"若兰","result":"success","detail":"{\"agent\":\"若兰\",\"type\":\"milestone\",\"structural_weight\":0.6}","audit_id":"audit_1787195616090_53jq"}
{"timestamp":"2026-08-20T03:13:36.193Z","action":"memory.add","actor":"dream","target":"若兰","result":"success","detail":"{\"agent\":\"若兰\",\"type\":\"milestone\",\"structural_weight\":0.6}","audit_id":"audit_1787195616193_2hjm"}
{"timestamp":"2026-08-20T03:13:36.300Z","action":"memory.add","actor":"dream","target":"若兰","result":"success","detail":"{\"agent\":\"若兰\",\"type\":\"decision\",\"structural_weight\":0.6}","audit_id":"audit_1787195616300_k8vr"}
{"timestamp":"2026-08-20T03:13:36.395Z","action":"memory.add","actor":"dream","target":"若兰","result":"success","detail":"{\"agent\":\"若兰\",\"type\":\"milestone\",\"structural_weight\":0.6}","audit_id":"audit_1787195616395_1xeg"}
{"timestamp":"2026-08-20T03:13:36.507Z","action":"memory.add","actor":"dream","target":"若兰","result":"success","detail":"{\"agent\":\"若兰\",\"type\":\"milestone\",\"structural_weight\":0.6}","audit_id":"audit_1787195616507_8g86"}
{"timestamp":"2026-08-20T03:13:36.633Z","action":"memory.add","actor":"dream","target":"若兰","result":"success","detail":"{\"agent\":\"若兰\",\"type\":\"decision\",\"structural_weight\":0.6}","audit_id":"audit_1787195616633_2og0"}
{"timestamp":"2026-08-20T03:13:36.740Z","action":"memory.add","actor":"dream","target":"若兰","result":"success","detail":"{\"agent\":\"若兰\",\"type\":\"decision\",\"structural_weight\":0.6}","audit_id":"audit_1787195616740_s7qt"}
{"timestamp":"2026-08-20T03:13:36.846Z","action":"memory.add","actor":"dream","target":"若兰","result":"success","detail":"{\"agent\":\"若兰\",\"type\":\"milestone\",\"structural_weight\":0.6}","audit_id":"audit_1787195616846_4ile"}
{"timestamp":"2026-08-20T03:13:36.967Z","action":"memory.add","actor":"dream","target":"若兰","result":"success","detail":"{\"agent\":\"若兰\",\"type\":\"decision\",\"structural_weight\":0.6}","audit_id":"audit_1787195616967_y6yz"}
{"timestamp":"2026-08-20T03:13:37.467Z","action":"memory.get","actor":"若兰","target":"若兰","result":"success","detail":"{\"agent\":\"若兰\",\"count\":2069}","audit_id":"audit_1787195617467_av9l"}
{"timestamp":"2026-08-20T03:42:22.618Z","action":"memory.get","actor":"若兰","target":"若兰","result":"success","detail":"{\"agent\":\"若兰\",\"count\":2069}","audit_id":"audit_1787197342618_y3xm"}
{"timestamp":"2026-08-20T03:42:22.697Z","action":"memory.get","actor":"若兰","target":"若兰","result":"success","detail":"{\"agent\":\"若兰\",\"count\":2069}","audit_id":"audit_1787197342697_zq18"}
{"timestamp":"2026-08-20T03:42:22.728Z","action":"memory.add","actor":"daily-sync","target":"若兰","result":"success","detail":"{\"agent\":\"若兰\",\"type\":\"lesson\",\"structural_weight\":0.5}","audit_id":"audit_1787197342728_hxea"}
{"timestamp":"2026-08-20T03:42:22.771Z","action":"memory.add","actor":"daily-sync","target":"若兰","result":"success","detail":"{\"agent\":\"若兰\",\"type\":\"lesson\",\"structural_weight\":0.5}","audit_id":"audit_1787197342771_o37d"}
{"timestamp":"2026-08-20T03:42:22.811Z","action":"memory.get","actor":"若兰","target":"若兰","result":"success","detail":"{\"agent\":\"若兰\",\"count\":2071}","audit_id":"audit_1787197342811_irss"}
{"timestamp":"2026-08-20T03:43:11.794Z","action":"memory.get","actor":"若兰","target":"若兰","result":"success","detail":"{\"agent\":\"若兰\",\"count\":2071}","audit_id":"audit_1787197391794_hw7q"}
{"timestamp":"2026-08-20T03:43:11.889Z","action":"memory.get","actor":"若兰","target":"若兰","result":"success","detail":"{\"agent\":\"若兰\",\"count\":2071}","audit_id":"audit_1787197391889_ylhw"}
{"timestamp":"2026-08-20T03:43:11.933Z","action":"memory.get","actor":"若兰","target":"若兰","result":"success","detail":"{\"agent\":\"若兰\",\"count\":2071}","audit_id":"audit_1787197391933_3pxz"}
{"timestamp":"2026-08-20T03:43:12.054Z","action":"memory.get","actor":"若兰","target":"若兰","result":"success","detail":"{\"agent\":\"若兰\",\"count\":2071}","audit_id":"audit_1787197392054_7xpj"}
{"timestamp":"2026-08-20T03:43:12.137Z","action":"memory.get","actor":"若兰","target":"若兰","result":"success","detail":"{\"agent\":\"若兰\",\"count\":2071}","audit_id":"audit_1787197392137_jpiw"}
{"timestamp":"2026-08-20T03:43:12.185Z","action":"memory.get","actor":"若兰","target":"若兰","result":"success","detail":"{\"agent\":\"若兰\",\"count\":2071}","audit_id":"audit_1787197392185_0ued"}
{"timestamp":"2026-08-20T03:43:20.004Z","action":"memory.delete","actor":"若兰","target":"","result":"success","detail":"{\"id\":\"mem_mt0z5jam_a6ul\"}","audit_id":"audit_1787197400004_z381"}
{"timestamp":"2026-08-20T03:43:24.384Z","action":"memory.delete","actor":"若兰","target":"","result":"success","detail":"{\"id\":\"mem_mt0z5jbg_twva\"}","audit_id":"audit_1787197404384_yy0a"}
{"timestamp":"2026-08-20T03:43:24.492Z","action":"memory.get","actor":"若兰","target":"若兰","result":"success","detail":"{\"agent\":\"若兰\",\"count\":2069}","audit_id":"audit_1787197404492_t99y"}
{"timestamp":"2026-08-20T03:43:24.576Z","action":"memory.get","actor":"若兰","target":"若兰","result":"success","detail":"{\"agent\":\"若兰\",\"count\":2069}","audit_id":"audit_1787197404577_yfkw"}
{"timestamp":"2026-08-20T03:43:24.606Z","action":"memory.add","actor":"daily-sync","target":"若兰","result":"success","detail":"{\"agent\":\"若兰\",\"type\":\"lesson\",\"structural_weight\":0.5}","audit_id":"audit_1787197404606_sxn3"}
{"timestamp":"2026-08-20T03:43:24.642Z","action":"memory.add","actor":"daily-sync","target":"若兰","result":"success","detail":"{\"agent\":\"若兰\",\"type\":\"lesson\",\"structural_weight\":0.5}","audit_id":"audit_1787197404642_zow2"}
{"timestamp":"2026-08-20T03:43:24.685Z","action":"memory.get","actor":"若兰","target":"若兰","result":"success","detail":"{\"agent\":\"若兰\",\"count\":2071}","audit_id":"audit_1787197404685_ih3q"}
{"timestamp":"2026-08-20T03:43:24.795Z","action":"memory.get","actor":"若兰","target":"若兰","result":"success","detail":"{\"agent\":\"若兰\",\"count\":2071}","audit_id":"audit_1787197404795_q29l"}
{"timestamp":"2026-08-20T03:43:24.880Z","action":"memory.get","actor":"若兰","target":"若兰","result":"success","detail":"{\"agent\":\"若兰\",\"count\":2071}","audit_id":"audit_1787197404880_8l07"}
{"timestamp":"2026-08-20T03:43:24.925Z","action":"memory.get","actor":"若兰","target":"若兰","result":"success","detail":"{\"agent\":\"若兰\",\"count\":2071}","audit_id":"audit_1787197404925_6h10"}
{"timestamp":"2026-08-20T03:43:36.735Z","action":"memory.get","actor":"若兰","target":"若兰","result":"success","detail":"{\"agent\":\"若兰\",\"count\":2071}","audit_id":"audit_1787197416735_kidt"}
{"timestamp":"2026-08-20T03:43:36.877Z","action":"memory.get","actor":"若兰","target":"若兰","result":"success","detail":"{\"agent\":\"若兰\",\"count\":2071}","audit_id":"audit_1787197416877_p3fa"}
{"timestamp":"2026-08-20T03:43:37.061Z","action":"memory.add","actor":"daily-sync","target":"若兰","result":"success","detail":"{\"agent\":\"若兰\",\"type\":\"lesson\",\"structural_weight\":0.5}","audit_id":"audit_1787197417061_pagg"}
{"timestamp":"2026-08-20T03:43:37.125Z","action":"memory.get","actor":"若兰","target":"若兰","result":"success","detail":"{\"agent\":\"若兰\",\"count\":2072}","audit_id":"audit_1787197417125_no34"}
{"timestamp":"2026-08-20T03:43:37.220Z","action":"memory.get","actor":"若兰","target":"若兰","result":"success","detail":"{\"agent\":\"若兰\",\"count\":2072}","audit_id":"audit_1787197417220_rqwt"}
{"timestamp":"2026-08-20T03:43:37.249Z","action":"memory.add","actor":"daily-sync","target":"若兰","result":"success","detail":"{\"agent\":\"若兰\",\"type\":\"lesson\",\"structural_weight\":0.5}","audit_id":"audit_1787197417249_ponz"}
{"timestamp":"2026-08-20T03:43:37.272Z","action":"memory.add","actor":"daily-sync","target":"若兰","result":"success","detail":"{\"agent\":\"若兰\",\"type\":\"lesson\",\"structural_weight\":0.5}","audit_id":"audit_1787197417272_l8ss"}
{"timestamp":"2026-08-20T03:43:37.298Z","action":"memory.add","actor":"daily-sync","target":"若兰","result":"success","detail":"{\"agent\":\"若兰\",\"type\":\"lesson\",\"structural_weight\":0.5}","audit_id":"audit_1787197417298_ouue"}
{"timestamp":"2026-08-20T03:43:37.324Z","action":"memory.add","actor":"daily-sync","target":"若兰","result":"success","detail":"{\"agent\":\"若兰\",\"type\":\"lesson\",\"structural_weight\":0.5}","audit_id":"audit_1787197417324_0osn"}
{"timestamp":"2026-08-20T03:43:37.351Z","action":"memory.add","actor":"daily-sync","target":"若兰","result":"success","detail":"{\"agent\":\"若兰\",\"type\":\"lesson\",\"structural_weight\":0.5}","audit_id":"audit_1787197417351_l6sh"}
{"timestamp":"2026-08-20T03:43:37.385Z","action":"memory.get","actor":"若兰","target":"若兰","result":"success","detail":"{\"agent\":\"若兰\",\"count\":2077}","audit_id":"audit_1787197417385_cjii"}
{"timestamp":"2026-08-20T03:43:37.437Z","action":"memory.get","actor":"若兰","target":"若兰","result":"success","detail":"{\"agent\":\"若兰\",\"count\":2077}","audit_id":"audit_1787197417437_h1oy"}
{"timestamp":"2026-08-20T03:43:37.467Z","action":"memory.add","actor":"daily-sync","target":"若兰","result":"success","detail":"{\"agent\":\"若兰\",\"type\":\"lesson\",\"structural_weight\":0.5}","audit_id":"audit_1787197417467_c0od"}
{"timestamp":"2026-08-20T03:43:37.494Z","action":"memory.add","actor":"daily-sync","target":"若兰","result":"success","detail":"{\"agent\":\"若兰\",\"type\":\"lesson\",\"structural_weight\":0.5}","audit_id":"audit_1787197417494_083z"}
{"timestamp":"2026-08-20T03:43:37.531Z","action":"memory.get","actor":"若兰","target":"若兰","result":"success","detail":"{\"agent\":\"若兰\",\"count\":2079}","audit_id":"audit_1787197417531_xo98"}
{"timestamp":"2026-08-20T03:43:37.580Z","action":"memory.get","actor":"若兰","target":"若兰","result":"success","detail":"{\"agent\":\"若兰\",\"count\":2079}","audit_id":"audit_1787197417580_sio4"}
{"timestamp":"2026-08-20T03:43:37.622Z","action":"memory.add","actor":"daily-sync","target":"若兰","result":"success","detail":"{\"agent\":\"若兰\",\"type\":\"lesson\",\"structural_weight\":0.5}","audit_id":"audit_1787197417622_49f3"}
{"timestamp":"2026-08-20T03:43:37.648Z","action":"memory.add","actor":"daily-sync","target":"若兰","result":"success","detail":"{\"agent\":\"若兰\",\"type\":\"lesson\",\"structural_weight\":0.5}","audit_id":"audit_1787197417648_ccgm"}
{"timestamp":"2026-08-20T03:43:37.700Z","action":"memory.get","actor":"若兰","target":"若兰","result":"success","detail":"{\"agent\":\"若兰\",\"count\":2081}","audit_id":"audit_1787197417700_ee31"}
{"timestamp":"2026-08-20T03:43:37.743Z","action":"memory.get","actor":"若兰","target":"若兰","result":"success","detail":"{\"agent\":\"若兰\",\"count\":2081}","audit_id":"audit_1787197417743_ed5j"}
{"timestamp":"2026-08-20T03:43:37.781Z","action":"memory.get","actor":"若兰","target":"若兰","result":"success","detail":"{\"agent\":\"若兰\",\"count\":2081}","audit_id":"audit_1787197417781_g6o0"}
{"timestamp":"2026-08-20T03:43:38.066Z","action":"memory.get","actor":"若兰","target":"若兰","result":"success","detail":"{\"agent\":\"若兰\",\"count\":2081}","audit_id":"audit_1787197418066_40uy"}
{"timestamp":"2026-08-20T03:43:38.121Z","action":"memory.get","actor":"若兰","target":"若兰","result":"success","detail":"{\"agent\":\"若兰\",\"count\":2081}","audit_id":"audit_1787197418121_ej62"}
{"timestamp":"2026-08-20T03:43:38.145Z","action":"memory.add","actor":"daily-sync","target":"若兰","result":"success","detail":"{\"agent\":\"若兰\",\"type\":\"lesson\",\"structural_weight\":0.5}","audit_id":"audit_1787197418145_qzxv"}
{"timestamp":"2026-08-20T03:43:38.171Z","action":"memory.add","actor":"daily-sync","target":"若兰","result":"success","detail":"{\"agent\":\"若兰\",\"type\":\"lesson\",\"structural_weight\":0.5}","audit_id":"audit_1787197418172_u31w"}
{"timestamp":"2026-08-20T03:43:38.209Z","action":"memory.get","actor":"若兰","target":"若兰","result":"success","detail":"{\"agent\":\"若兰\",\"count\":2083}","audit_id":"audit_1787197418209_v6nh"}
{"timestamp":"2026-08-20T03:43:38.247Z","action":"memory.get","actor":"若兰","target":"若兰","result":"success","detail":"{\"agent\":\"若兰\",\"count\":2083}","audit_id":"audit_1787197418247_ftci"}
{"timestamp":"2026-08-20T03:43:38.289Z","action":"memory.get","actor":"若兰","target":"若兰","result":"success","detail":"{\"agent\":\"若兰\",\"count\":2083}","audit_id":"audit_1787197418289_irse"}
{"timestamp":"2026-08-20T03:43:38.326Z","action":"memory.add","actor":"daily-sync","target":"若兰","result":"success","detail":"{\"agent\":\"若兰\",\"type\":\"lesson\",\"structural_weight\":0.5}","audit_id":"audit_1787197418326_83xp"}
{"timestamp":"2026-08-20T03:43:38.368Z","action":"memory.add","actor":"daily-sync","target":"若兰","result":"success","detail":"{\"agent\":\"若兰\",\"type\":\"lesson\",\"structural_weight\":0.5}","audit_id":"audit_1787197418368_0tfj"}
{"timestamp":"2026-08-20T03:43:38.393Z","action":"memory.add","actor":"daily-sync","target":"若兰","result":"success","detail":"{\"agent\":\"若兰\",\"type\":\"lesson\",\"structural_weight\":0.5}","audit_id":"audit_1787197418393_nhlo"}
{"timestamp":"2026-08-20T03:43:38.426Z","action":"memory.add","actor":"daily-sync","target":"若兰","result":"success","detail":"{\"agent\":\"若兰\",\"type\":\"lesson\",\"structural_weight\":0.5}","audit_id":"audit_1787197418426_h4du"}
{"timestamp":"2026-08-20T03:43:38.461Z","action":"memory.get","actor":"若兰","target":"若兰","result":"success","detail":"{\"agent\":\"若兰\",\"count\":2087}","audit_id":"audit_1787197418461_59ag"}
{"timestamp":"2026-08-20T03:43:38.518Z","action":"memory.get","actor":"若兰","target":"若兰","result":"success","detail":"{\"agent\":\"若兰\",\"count\":2087}","audit_id":"audit_1787197418518_q8u7"}
{"timestamp":"2026-08-20T03:43:38.547Z","action":"memory.add","actor":"daily-sync","target":"若兰","result":"success","detail":"{\"agent\":\"若兰\",\"type\":\"lesson\",\"structural_weight\":0.5}","audit_id":"audit_1787197418547_u9kf"}
{"timestamp":"2026-08-20T03:43:38.585Z","action":"memory.get","actor":"若兰","target":"若兰","result":"success","detail":"{\"agent\":\"若兰\",\"count\":2088}","audit_id":"audit_1787197418585_ic0m"}
{"timestamp":"2026-08-20T03:43:38.626Z","action":"memory.get","actor":"若兰","target":"若兰","result":"success","detail":"{\"agent\":\"若兰\",\"count\":2088}","audit_id":"audit_1787197418626_bffc"}
{"timestamp":"2026-08-20T03:43:38.654Z","action":"memory.add","actor":"daily-sync","target":"若兰","result":"success","detail":"{\"agent\":\"若兰\",\"type\":\"lesson\",\"structural_weight\":0.5}","audit_id":"audit_1787197418654_lbea"}
{"timestamp":"2026-08-20T03:43:38.676Z","action":"memory.add","actor":"daily-sync","target":"若兰","result":"success","detail":"{\"agent\":\"若兰\",\"type\":\"lesson\",\"structural_weight\":0.5}","audit_id":"audit_1787197418676_m17x"}
{"timestamp":"2026-08-20T03:43:38.714Z","action":"memory.get","actor":"若兰","target":"若兰","result":"success","detail":"{\"agent\":\"若兰\",\"count\":2090}","audit_id":"audit_1787197418714_vpcf"}
{"timestamp":"2026-08-20T03:43:38.761Z","action":"memory.get","actor":"若兰","target":"若兰","result":"success","detail":"{\"agent\":\"若兰\",\"count\":2090}","audit_id":"audit_1787197418761_r087"}
{"timestamp":"2026-08-20T03:43:38.798Z","action":"memory.add","actor":"daily-sync","target":"若兰","result":"success","detail":"{\"agent\":\"若兰\",\"type\":\"lesson\",\"structural_weight\":0.5}","audit_id":"audit_1787197418798_ay3o"}
{"timestamp":"2026-08-20T03:43:38.828Z","action":"memory.add","actor":"daily-sync","target":"若兰","result":"success","detail":"{\"agent\":\"若兰\",\"type\":\"lesson\",\"structural_weight\":0.5}","audit_id":"audit_1787197418828_lfgz"}
{"timestamp":"2026-08-20T03:43:38.868Z","action":"memory.get","actor":"若兰","target":"若兰","result":"success","detail":"{\"agent\":\"若兰\",\"count\":2092}","audit_id":"audit_1787197418868_sn6e"}
{"timestamp":"2026-08-20T03:43:38.914Z","action":"memory.get","actor":"若兰","target":"若兰","result":"success","detail":"{\"agent\":\"若兰\",\"count\":2092}","audit_id":"audit_1787197418914_g48c"}
{"timestamp":"2026-08-20T03:43:38.945Z","action":"memory.add","actor":"daily-sync","target":"若兰","result":"success","detail":"{\"agent\":\"若兰\",\"type\":\"lesson\",\"structural_weight\":0.5}","audit_id":"audit_1787197418945_81sq"}
{"timestamp":"2026-08-20T03:43:38.969Z","action":"memory.add","actor":"daily-sync","target":"若兰","result":"success","detail":"{\"agent\":\"若兰\",\"type\":\"lesson\",\"structural_weight\":0.5}","audit_id":"audit_1787197418969_z7v2"}
{"timestamp":"2026-08-20T03:43:39.008Z","action":"memory.get","actor":"若兰","target":"若兰","result":"success","detail":"{\"agent\":\"若兰\",\"count\":2094}","audit_id":"audit_1787197419008_6ipd"}
{"timestamp":"2026-08-20T03:43:39.091Z","action":"memory.get","actor":"若兰","target":"若兰","result":"success","detail":"{\"agent\":\"若兰\",\"count\":2094}","audit_id":"audit_1787197419091_n72q"}
{"timestamp":"2026-08-20T03:43:39.116Z","action":"memory.add","actor":"daily-sync","target":"若兰","result":"success","detail":"{\"agent\":\"若兰\",\"type\":\"lesson\",\"structural_weight\":0.5}","audit_id":"audit_1787197419116_qe2x"}
{"timestamp":"2026-08-20T03:43:39.140Z","action":"memory.add","actor":"daily-sync","target":"若兰","result":"success","detail":"{\"agent\":\"若兰\",\"type\":\"lesson\",\"structural_weight\":0.5}","audit_id":"audit_1787197419140_7cp2"}
{"timestamp":"2026-08-20T03:43:39.462Z","action":"memory.add","actor":"daily-sync","target":"若兰","result":"success","detail":"{\"agent\":\"若兰\",\"type\":\"lesson\",\"structural_weight\":0.5}","audit_id":"audit_1787197419462_kssl"}
{"timestamp":"2026-08-20T03:43:39.497Z","action":"memory.add","actor":"daily-sync","target":"若兰","result":"success","detail":"{\"agent\":\"若兰\",\"type\":\"lesson\",\"structural_weight\":0.5}","audit_id":"audit_1787197419497_3bx1"}
{"timestamp":"2026-08-20T03:43:39.537Z","action":"memory.get","actor":"若兰","target":"若兰","result":"success","detail":"{\"agent\":\"若兰\",\"count\":2098}","audit_id":"audit_1787197419537_3ere"}
{"timestamp":"2026-08-20T03:43:39.599Z","action":"memory.get","actor":"若兰","target":"若兰","result":"success","detail":"{\"agent\":\"若兰\",\"count\":2098}","audit_id":"audit_1787197419599_0bi5"}
{"timestamp":"2026-08-20T03:43:39.624Z","action":"memory.add","actor":"daily-sync","target":"若兰","result":"success","detail":"{\"agent\":\"若兰\",\"type\":\"lesson\",\"structural_weight\":0.5}","audit_id":"audit_1787197419624_9fky"}
{"timestamp":"2026-08-20T03:43:39.650Z","action":"memory.add","actor":"daily-sync","target":"若兰","result":"success","detail":"{\"agent\":\"若兰\",\"type\":\"lesson\",\"structural_weight\":0.5}","audit_id":"audit_1787197419650_nnh1"}
{"timestamp":"2026-08-20T03:43:39.684Z","action":"memory.get","actor":"若兰","target":"若兰","result":"success","detail":"{\"agent\":\"若兰\",\"count\":2100}","audit_id":"audit_1787197419684_itik"}
{"timestamp":"2026-08-20T03:43:39.747Z","action":"memory.get","actor":"若兰","target":"若兰","result":"success","detail":"{\"agent\":\"若兰\",\"count\":2100}","audit_id":"audit_1787197419747_ousm"}
{"timestamp":"2026-08-20T03:43:39.773Z","action":"memory.add","actor":"daily-sync","target":"若兰","result":"success","detail":"{\"agent\":\"若兰\",\"type\":\"lesson\",\"structural_weight\":0.5}","audit_id":"audit_1787197419773_ieuv"}
{"timestamp":"2026-08-20T03:43:39.800Z","action":"memory.add","actor":"daily-sync","target":"若兰","result":"success","detail":"{\"agent\":\"若兰\",\"type\":\"lesson\",\"structural_weight\":0.5}","audit_id":"audit_1787197419800_niv2"}
{"timestamp":"2026-08-20T03:43:39.835Z","action":"memory.get","actor":"若兰","target":"若兰","result":"success","detail":"{\"agent\":\"若兰\",\"count\":2102}","audit_id":"audit_1787197419835_uslh"}
{"timestamp":"2026-08-20T03:43:39.995Z","action":"memory.get","actor":"若兰","target":"若兰","result":"success","detail":"{\"agent\":\"若兰\",\"count\":2102}","audit_id":"audit_1787197419995_mmj9"}
{"timestamp":"2026-08-20T03:43:40.020Z","action":"memory.add","actor":"daily-sync","target":"若兰","result":"success","detail":"{\"agent\":\"若兰\",\"type\":\"lesson\",\"structural_weight\":0.5}","audit_id":"audit_1787197420020_h9mx"}
{"timestamp":"2026-08-20T03:43:40.071Z","action":"memory.add","actor":"daily-sync","target":"若兰","result":"success","detail":"{\"agent\":\"若兰\",\"type\":\"lesson\",\"structural_weight\":0.5}","audit_id":"audit_1787197420071_jj6h"}
{"timestamp":"2026-08-20T03:43:40.106Z","action":"memory.get","actor":"若兰","target":"若兰","result":"success","detail":"{\"agent\":\"若兰\",\"count\":2104}","audit_id":"audit_1787197420106_3c99"}
{"timestamp":"2026-08-20T03:43:40.153Z","action":"memory.get","actor":"若兰","target":"若兰","result":"success","detail":"{\"agent\":\"若兰\",\"count\":2104}","audit_id":"audit_1787197420153_tk1r"}
{"timestamp":"2026-08-20T03:43:40.240Z","action":"memory.get","actor":"若兰","target":"若兰","result":"success","detail":"{\"agent\":\"若兰\",\"count\":2104}","audit_id":"audit_1787197420240_ytmd"}
{"timestamp":"2026-08-20T03:43:40.273Z","action":"memory.add","actor":"daily-sync","target":"若兰","result":"success","detail":"{\"agent\":\"若兰\",\"type\":\"lesson\",\"structural_weight\":0.5}","audit_id":"audit_1787197420273_at1h"}
{"timestamp":"2026-08-20T03:43:40.300Z","action":"memory.add","actor":"daily-sync","target":"若兰","result":"success","detail":"{\"agent\":\"若兰\",\"type\":\"lesson\",\"structural_weight\":0.5}","audit_id":"audit_1787197420301_sca4"}
{"timestamp":"2026-08-20T03:43:40.342Z","action":"memory.get","actor":"若兰","target":"若兰","result":"success","detail":"{\"agent\":\"若兰\",\"count\":2106}","audit_id":"audit_1787197420342_8606"}
{"timestamp":"2026-08-20T03:43:40.436Z","action":"memory.get","actor":"若兰","target":"若兰","result":"success","detail":"{\"agent\":\"若兰\",\"count\":2106}","audit_id":"audit_1787197420436_1wjf"}
{"timestamp":"2026-08-20T03:43:40.472Z","action":"memory.add","actor":"daily-sync","target":"若兰","result":"success","detail":"{\"agent\":\"若兰\",\"type\":\"lesson\",\"structural_weight\":0.5}","audit_id":"audit_1787197420472_4ix1"}
{"timestamp":"2026-08-20T03:43:40.499Z","action":"memory.add","actor":"daily-sync","target":"若兰","result":"success","detail":"{\"agent\":\"若兰\",\"type\":\"lesson\",\"structural_weight\":0.5}","audit_id":"audit_1787197420499_n3jz"}
{"timestamp":"2026-08-20T03:43:40.534Z","action":"memory.get","actor":"若兰","target":"若兰","result":"success","detail":"{\"agent\":\"若兰\",\"count\":2108}","audit_id":"audit_1787197420534_t4aw"}
{"timestamp":"2026-08-20T03:43:40.782Z","action":"memory.get","actor":"若兰","target":"若兰","result":"success","detail":"{\"agent\":\"若兰\",\"count\":2108}","audit_id":"audit_1787197420782_uon4"}
{"timestamp":"2026-08-20T03:43:40.874Z","action":"memory.get","actor":"若兰","target":"若兰","result":"success","detail":"{\"agent\":\"若兰\",\"count\":2108}","audit_id":"audit_1787197420874_uj7s"}
{"timestamp":"2026-08-20T03:43:40.947Z","action":"memory.get","actor":"若兰","target":"若兰","result":"success","detail":"{\"agent\":\"若兰\",\"count\":2108}","audit_id":"audit_1787197420947_9phn"}
{"timestamp":"2026-08-20T03:43:40.975Z","action":"memory.add","actor":"daily-sync","target":"若兰","result":"success","detail":"{\"agent\":\"若兰\",\"type\":\"lesson\",\"structural_weight\":0.5}","audit_id":"audit_1787197420975_ojop"}
{"timestamp":"2026-08-20T03:43:40.999Z","action":"memory.add","actor":"daily-sync","target":"若兰","result":"success","detail":"{\"agent\":\"若兰\",\"type\":\"lesson\",\"structural_weight\":0.5}","audit_id":"audit_1787197420999_mqx7"}
{"timestamp":"2026-08-20T03:43:41.036Z","action":"memory.get","actor":"若兰","target":"若兰","result":"success","detail":"{\"agent\":\"若兰\",\"count\":2110}","audit_id":"audit_1787197421036_6cut"}
{"timestamp":"2026-08-20T03:43:41.391Z","action":"memory.get","actor":"若兰","target":"若兰","result":"success","detail":"{\"agent\":\"若兰\",\"count\":2110}","audit_id":"audit_1787197421391_t4w3"}
{"timestamp":"2026-08-20T03:43:41.483Z","action":"memory.get","actor":"若兰","target":"若兰","result":"success","detail":"{\"agent\":\"若兰\",\"count\":2110}","audit_id":"audit_1787197421483_3yag"}
{"timestamp":"2026-08-20T03:43:41.585Z","action":"memory.get","actor":"若兰","target":"若兰","result":"success","detail":"{\"agent\":\"若兰\",\"count\":2110}","audit_id":"audit_1787197421585_l3xc"}
{"timestamp":"2026-08-20T03:43:41.617Z","action":"memory.add","actor":"daily-sync","target":"若兰","result":"success","detail":"{\"agent\":\"若兰\",\"type\":\"lesson\",\"structural_weight\":0.5}","audit_id":"audit_1787197421617_vmse"}
{"timestamp":"2026-08-20T03:43:41.649Z","action":"memory.add","actor":"daily-sync","target":"若兰","result":"success","detail":"{\"agent\":\"若兰\",\"type\":\"lesson\",\"structural_weight\":0.5}","audit_id":"audit_1787197421649_tnpt"}
{"timestamp":"2026-08-20T03:43:41.687Z","action":"memory.get","actor":"若兰","target":"若兰","result":"success","detail":"{\"agent\":\"若兰\",\"count\":2112}","audit_id":"audit_1787197421687_m0yz"}
{"timestamp":"2026-08-20T03:43:41.756Z","action":"memory.get","actor":"若兰","target":"若兰","result":"success","detail":"{\"agent\":\"若兰\",\"count\":2112}","audit_id":"audit_1787197421756_nt5n"}
{"timestamp":"2026-08-20T03:43:41.781Z","action":"memory.add","actor":"daily-sync","target":"若兰","result":"success","detail":"{\"agent\":\"若兰\",\"type\":\"lesson\",\"structural_weight\":0.5}","audit_id":"audit_1787197421781_ympo"}
{"timestamp":"2026-08-20T03:43:41.807Z","action":"memory.add","actor":"daily-sync","target":"若兰","result":"success","detail":"{\"agent\":\"若兰\",\"type\":\"lesson\",\"structural_weight\":0.5}","audit_id":"audit_1787197421807_dyda"}
{"timestamp":"2026-08-20T03:43:41.843Z","action":"memory.get","actor":"若兰","target":"若兰","result":"success","detail":"{\"agent\":\"若兰\",\"count\":2114}","audit_id":"audit_1787197421843_tq7p"}
{"timestamp":"2026-08-20T03:43:42.160Z","action":"memory.get","actor":"若兰","target":"若兰","result":"success","detail":"{\"agent\":\"若兰\",\"count\":2114}","audit_id":"audit_1787197422160_iroe"}
{"timestamp":"2026-08-20T03:43:42.203Z","action":"memory.add","actor":"daily-sync","target":"若兰","result":"success","detail":"{\"agent\":\"若兰\",\"type\":\"lesson\",\"structural_weight\":0.5}","audit_id":"audit_1787197422203_w0qs"}
{"timestamp":"2026-08-20T03:43:42.229Z","action":"memory.add","actor":"daily-sync","target":"若兰","result":"success","detail":"{\"agent\":\"若兰\",\"type\":\"lesson\",\"structural_weight\":0.5}","audit_id":"audit_1787197422229_is5n"}
{"timestamp":"2026-08-20T03:43:42.252Z","action":"memory.add","actor":"daily-sync","target":"若兰","result":"success","detail":"{\"agent\":\"若兰\",\"type\":\"lesson\",\"structural_weight\":0.5}","audit_id":"audit_1787197422252_34x8"}
{"timestamp":"2026-08-20T03:43:42.274Z","action":"memory.add","actor":"daily-sync","target":"若兰","result":"success","detail":"{\"agent\":\"若兰\",\"type\":\"lesson\",\"structural_weight\":0.5}","audit_id":"audit_1787197422274_9613"}
{"timestamp":"2026-08-20T03:43:42.311Z","action":"memory.get","actor":"若兰","target":"若兰","result":"success","detail":"{\"agent\":\"若兰\",\"count\":2118}","audit_id":"audit_1787197422311_ahai"}
{"timestamp":"2026-08-20T03:43:42.375Z","action":"memory.get","actor":"若兰","target":"若兰","result":"success","detail":"{\"agent\":\"若兰\",\"count\":2118}","audit_id":"audit_1787197422376_v7s6"}
{"timestamp":"2026-08-20T03:43:42.466Z","action":"memory.get","actor":"若兰","target":"若兰","result":"success","detail":"{\"agent\":\"若兰\",\"count\":2118}","audit_id":"audit_1787197422466_7307"}
{"timestamp":"2026-08-20T03:43:42.537Z","action":"memory.get","actor":"若兰","target":"若兰","result":"success","detail":"{\"agent\":\"若兰\",\"count\":2118}","audit_id":"audit_1787197422537_6s9d"}
{"timestamp":"2026-08-20T03:43:42.565Z","action":"memory.add","actor":"daily-sync","target":"若兰","result":"success","detail":"{\"agent\":\"若兰\",\"type\":\"lesson\",\"structural_weight\":0.5}","audit_id":"audit_1787197422565_guvn"}
{"timestamp":"2026-08-20T03:43:42.588Z","action":"memory.add","actor":"daily-sync","target":"若兰","result":"success","detail":"{\"agent\":\"若兰\",\"type\":\"lesson\",\"structural_weight\":0.5}","audit_id":"audit_1787197422588_nc81"}
{"timestamp":"2026-08-20T03:43:42.612Z","action":"memory.add","actor":"daily-sync","target":"若兰","result":"success","detail":"{\"agent\":\"若兰\",\"type\":\"lesson\",\"structural_weight\":0.5}","audit_id":"audit_1787197422612_zfng"}
{"timestamp":"2026-08-20T03:43:42.635Z","action":"memory.add","actor":"daily-sync","target":"若兰","result":"success","detail":"{\"agent\":\"若兰\",\"type\":\"lesson\",\"structural_weight\":0.5}","audit_id":"audit_1787197422635_zqzw"}
{"timestamp":"2026-08-20T03:43:42.669Z","action":"memory.get","actor":"若兰","target":"若兰","result":"success","detail":"{\"agent\":\"若兰\",\"count\":2122}","audit_id":"audit_1787197422669_v1js"}
{"timestamp":"2026-08-20T03:43:42.739Z","action":"memory.get","actor":"若兰","target":"若兰","result":"success","detail":"{\"agent\":\"若兰\",\"count\":2122}","audit_id":"audit_1787197422739_d493"}
{"timestamp":"2026-08-20T03:43:42.777Z","action":"memory.get","actor":"若兰","target":"若兰","result":"success","detail":"{\"agent\":\"若兰\",\"count\":2122}","audit_id":"audit_1787197422777_h70y"}
{"timestamp":"2026-08-20T03:43:42.852Z","action":"memory.get","actor":"若兰","target":"若兰","result":"success","detail":"{\"agent\":\"若兰\",\"count\":2122}","audit_id":"audit_1787197422852_n78o"}
{"timestamp":"2026-08-20T03:43:46.928Z","action":"memory.get","actor":"若兰","target":"若兰","result":"success","detail":"{\"agent\":\"若兰\",\"count\":2122}","audit_id":"audit_1787197426928_nx3r"}
{"timestamp":"2026-08-20T03:43:46.978Z","action":"memory.get","actor":"若兰","target":"若兰","result":"success","detail":"{\"agent\":\"若兰\",\"count\":2122}","audit_id":"audit_1787197426978_tbd3"}
{"timestamp":"2026-08-20T03:43:47.020Z","action":"memory.get","actor":"若兰","target":"若兰","result":"success","detail":"{\"agent\":\"若兰\",\"count\":2122}","audit_id":"audit_1787197427020_cqmu"}
{"timestamp":"2026-08-20T03:43:47.106Z","action":"memory.get","actor":"若兰","target":"若兰","result":"success","detail":"{\"agent\":\"若兰\",\"count\":2122}","audit_id":"audit_1787197427106_ynqd"}
{"timestamp":"2026-08-20T03:43:47.149Z","action":"memory.get","actor":"若兰","target":"若兰","result":"success","detail":"{\"agent\":\"若兰\",\"count\":2122}","audit_id":"audit_1787197427149_b3kn"}
{"timestamp":"2026-08-20T03:43:47.193Z","action":"memory.get","actor":"若兰","target":"若兰","result":"success","detail":"{\"agent\":\"若兰\",\"count\":2122}","audit_id":"audit_1787197427193_gcas"}
{"timestamp":"2026-08-20T03:43:47.236Z","action":"memory.get","actor":"若兰","target":"若兰","result":"success","detail":"{\"agent\":\"若兰\",\"count\":2122}","audit_id":"audit_1787197427236_xuhp"}
{"timestamp":"2026-08-20T03:43:47.289Z","action":"memory.get","actor":"若兰","target":"若兰","result":"success","detail":"{\"agent\":\"若兰\",\"count\":2122}","audit_id":"audit_1787197427290_1skh"}
{"timestamp":"2026-08-20T03:43:47.332Z","action":"memory.get","actor":"若兰","target":"若兰","result":"success","detail":"{\"agent\":\"若兰\",\"count\":2122}","audit_id":"audit_1787197427332_om2c"}
{"timestamp":"2026-08-20T03:43:47.380Z","action":"memory.get","actor":"若兰","target":"若兰","result":"success","detail":"{\"agent\":\"若兰\",\"count\":2122}","audit_id":"audit_1787197427380_fopn"}
{"timestamp":"2026-08-20T03:43:47.419Z","action":"memory.get","actor":"若兰","target":"若兰","result":"success","detail":"{\"agent\":\"若兰\",\"count\":2122}","audit_id":"audit_1787197427419_dl1e"}
{"timestamp":"2026-08-20T03:43:47.466Z","action":"memory.get","actor":"若兰","target":"若兰","result":"success","detail":"{\"agent\":\"若兰\",\"count\":2122}","audit_id":"audit_1787197427466_khwp"}
{"timestamp":"2026-08-20T03:43:47.522Z","action":"memory.get","actor":"若兰","target":"若兰","result":"success","detail":"{\"agent\":\"若兰\",\"count\":2122}","audit_id":"audit_1787197427522_u7r6"}
{"timestamp":"2026-08-20T03:43:47.560Z","action":"memory.get","actor":"若兰","target":"若兰","result":"success","detail":"{\"agent\":\"若兰\",\"count\":2122}","audit_id":"audit_1787197427560_kg7g"}
{"timestamp":"2026-08-20T03:43:47.608Z","action":"memory.get","actor":"若兰","target":"若兰","result":"success","detail":"{\"agent\":\"若兰\",\"count\":2122}","audit_id":"audit_1787197427608_cm0k"}
{"timestamp":"2026-08-20T03:43:47.658Z","action":"memory.get","actor":"若兰","target":"若兰","result":"success","detail":"{\"agent\":\"若兰\",\"count\":2122}","audit_id":"audit_1787197427658_5crr"}
{"timestamp":"2026-08-20T03:43:47.700Z","action":"memory.get","actor":"若兰","target":"若兰","result":"success","detail":"{\"agent\":\"若兰\",\"count\":2122}","audit_id":"audit_1787197427700_qwia"}
{"timestamp":"2026-08-20T03:43:47.752Z","action":"memory.get","actor":"若兰","target":"若兰","result":"success","detail":"{\"agent\":\"若兰\",\"count\":2122}","audit_id":"audit_1787197427752_5wja"}
{"timestamp":"2026-08-20T03:43:47.794Z","action":"memory.get","actor":"若兰","target":"若兰","result":"success","detail":"{\"agent\":\"若兰\",\"count\":2122}","audit_id":"audit_1787197427794_vtmq"}
{"timestamp":"2026-08-20T03:43:47.835Z","action":"memory.get","actor":"若兰","target":"若兰","result":"success","detail":"{\"agent\":\"若兰\",\"count\":2122}","audit_id":"audit_1787197427835_u0u0"}
{"timestamp":"2026-08-20T03:43:47.874Z","action":"memory.get","actor":"若兰","target":"若兰","result":"success","detail":"{\"agent\":\"若兰\",\"count\":2122}","audit_id":"audit_1787197427874_73ek"}
{"timestamp":"2026-08-20T03:43:47.926Z","action":"memory.get","actor":"若兰","target":"若兰","result":"success","detail":"{\"agent\":\"若兰\",\"count\":2122}","audit_id":"audit_1787197427926_bhq9"}
{"timestamp":"2026-08-20T03:43:47.966Z","action":"memory.get","actor":"若兰","target":"若兰","result":"success","detail":"{\"agent\":\"若兰\",\"count\":2122}","audit_id":"audit_1787197427966_4hah"}
{"timestamp":"2026-08-20T03:43:48.009Z","action":"memory.get","actor":"若兰","target":"若兰","result":"success","detail":"{\"agent\":\"若兰\",\"count\":2122}","audit_id":"audit_1787197428009_28wf"}
{"timestamp":"2026-08-20T03:43:48.052Z","action":"memory.get","actor":"若兰","target":"若兰","result":"success","detail":"{\"agent\":\"若兰\",\"count\":2122}","audit_id":"audit_1787197428052_zf6p"}
{"timestamp":"2026-08-20T03:43:48.133Z","action":"memory.get","actor":"若兰","target":"若兰","result":"success","detail":"{\"agent\":\"若兰\",\"count\":2122}","audit_id":"audit_1787197428133_w0d4"}
{"timestamp":"2026-08-20T03:43:48.175Z","action":"memory.get","actor":"若兰","target":"若兰","result":"success","detail":"{\"agent\":\"若兰\",\"count\":2122}","audit_id":"audit_1787197428175_6nzt"}
{"timestamp":"2026-08-20T03:43:48.239Z","action":"memory.get","actor":"若兰","target":"若兰","result":"success","detail":"{\"agent\":\"若兰\",\"count\":2122}","audit_id":"audit_1787197428239_oerc"}
{"timestamp":"2026-08-20T03:43:48.282Z","action":"memory.get","actor":"若兰","target":"若兰","result":"success","detail":"{\"agent\":\"若兰\",\"count\":2122}","audit_id":"audit_1787197428282_9yks"}
{"timestamp":"2026-08-20T03:43:48.356Z","action":"memory.get","actor":"若兰","target":"若兰","result":"success","detail":"{\"agent\":\"若兰\",\"count\":2122}","audit_id":"audit_1787197428356_kxfn"}
{"timestamp":"2026-08-20T03:43:48.394Z","action":"memory.get","actor":"若兰","target":"若兰","result":"success","detail":"{\"agent\":\"若兰\",\"count\":2122}","audit_id":"audit_1787197428394_2cxn"}
{"timestamp":"2026-08-20T03:43:48.486Z","action":"memory.get","actor":"若兰","target":"若兰","result":"success","detail":"{\"agent\":\"若兰\",\"count\":2122}","audit_id":"audit_1787197428486_20zi"}
{"timestamp":"2026-08-20T03:43:48.532Z","action":"memory.get","actor":"若兰","target":"若兰","result":"success","detail":"{\"agent\":\"若兰\",\"count\":2122}","audit_id":"audit_1787197428532_5nej"}
{"timestamp":"2026-08-20T03:43:48.582Z","action":"memory.get","actor":"若兰","target":"若兰","result":"success","detail":"{\"agent\":\"若兰\",\"count\":2122}","audit_id":"audit_1787197428582_9o6m"}
{"timestamp":"2026-08-20T03:43:48.664Z","action":"memory.get","actor":"若兰","target":"若兰","result":"success","detail":"{\"agent\":\"若兰\",\"count\":2122}","audit_id":"audit_1787197428664_nrib"}
{"timestamp":"2026-08-20T03:43:48.701Z","action":"memory.get","actor":"若兰","target":"若兰","result":"success","detail":"{\"agent\":\"若兰\",\"count\":2122}","audit_id":"audit_1787197428701_d996"}
{"timestamp":"2026-08-20T03:43:48.777Z","action":"memory.get","actor":"若兰","target":"若兰","result":"success","detail":"{\"agent\":\"若兰\",\"count\":2122}","audit_id":"audit_1787197428777_3kkr"}
{"timestamp":"2026-08-20T03:43:48.815Z","action":"memory.get","actor":"若兰","target":"若兰","result":"success","detail":"{\"agent\":\"若兰\",\"count\":2122}","audit_id":"audit_1787197428815_zv5w"}
{"timestamp":"2026-08-20T03:43:48.901Z","action":"memory.get","actor":"若兰","target":"若兰","result":"success","detail":"{\"agent\":\"若兰\",\"count\":2122}","audit_id":"audit_1787197428901_yx9c"}
{"timestamp":"2026-08-20T03:43:48.981Z","action":"memory.get","actor":"若兰","target":"若兰","result":"success","detail":"{\"agent\":\"若兰\",\"count\":2122}","audit_id":"audit_1787197428981_7qoi"}
{"timestamp":"2026-08-20T03:43:49.055Z","action":"memory.get","actor":"若兰","target":"若兰","result":"success","detail":"{\"agent\":\"若兰\",\"count\":2122}","audit_id":"audit_1787197429055_64rn"}
{"timestamp":"2026-08-20T03:43:49.093Z","action":"memory.get","actor":"若兰","target":"若兰","result":"success","detail":"{\"agent\":\"若兰\",\"count\":2122}","audit_id":"audit_1787197429093_ta9m"}
{"timestamp":"2026-08-20T03:43:49.152Z","action":"memory.get","actor":"若兰","target":"若兰","result":"success","detail":"{\"agent\":\"若兰\",\"count\":2122}","audit_id":"audit_1787197429152_h4h2"}
{"timestamp":"2026-08-20T03:43:49.213Z","action":"memory.get","actor":"若兰","target":"若兰","result":"success","detail":"{\"agent\":\"若兰\",\"count\":2122}","audit_id":"audit_1787197429213_51cn"}
{"timestamp":"2026-08-20T03:43:49.307Z","action":"memory.get","actor":"若兰","target":"若兰","result":"success","detail":"{\"agent\":\"若兰\",\"count\":2122}","audit_id":"audit_1787197429307_2z4c"}
{"timestamp":"2026-08-20T03:43:49.350Z","action":"memory.get","actor":"若兰","target":"若兰","result":"success","detail":"{\"agent\":\"若兰\",\"count\":2122}","audit_id":"audit_1787197429350_v02u"}
{"timestamp":"2026-08-20T03:43:49.425Z","action":"memory.get","actor":"若兰","target":"若兰","result":"success","detail":"{\"agent\":\"若兰\",\"count\":2122}","audit_id":"audit_1787197429425_ftce"}
{"timestamp":"2026-08-20T03:43:49.480Z","action":"memory.get","actor":"若兰","target":"若兰","result":"success","detail":"{\"agent\":\"若兰\",\"count\":2122}","audit_id":"audit_1787197429480_vcnm"}
{"timestamp":"2026-08-20T03:43:49.550Z","action":"memory.get","actor":"若兰","target":"若兰","result":"success","detail":"{\"agent\":\"若兰\",\"count\":2122}","audit_id":"audit_1787197429550_qt66"}
{"timestamp":"2026-08-20T03:43:49.592Z","action":"memory.get","actor":"若兰","target":"若兰","result":"success","detail":"{\"agent\":\"若兰\",\"count\":2122}","audit_id":"audit_1787197429592_81ti"}
{"timestamp":"2026-08-20T03:43:49.664Z","action":"memory.get","actor":"若兰","target":"若兰","result":"success","detail":"{\"agent\":\"若兰\",\"count\":2122}","audit_id":"audit_1787197429664_6xja"}
{"timestamp":"2026-08-20T03:43:50.025Z","action":"memory.get","actor":"若兰","target":"若兰","result":"success","detail":"{\"agent\":\"若兰\",\"count\":2122}","audit_id":"audit_1787197430025_7sem"}
{"timestamp":"2026-08-20T03:43:50.096Z","action":"memory.get","actor":"若兰","target":"若兰","result":"success","detail":"{\"agent\":\"若兰\",\"count\":2122}","audit_id":"audit_1787197430096_iq3j"}
{"timestamp":"2026-08-20T03:43:50.135Z","action":"memory.get","actor":"若兰","target":"若兰","result":"success","detail":"{\"agent\":\"若兰\",\"count\":2122}","audit_id":"audit_1787197430135_h7ce"}
{"timestamp":"2026-08-20T03:43:50.217Z","action":"memory.get","actor":"若兰","target":"若兰","result":"success","detail":"{\"agent\":\"若兰\",\"count\":2122}","audit_id":"audit_1787197430217_625a"}
{"timestamp":"2026-08-20T03:43:50.256Z","action":"memory.get","actor":"若兰","target":"若兰","result":"success","detail":"{\"agent\":\"若兰\",\"count\":2122}","audit_id":"audit_1787197430256_i19c"}
{"timestamp":"2026-08-20T03:43:50.313Z","action":"memory.get","actor":"若兰","target":"若兰","result":"success","detail":"{\"agent\":\"若兰\",\"count\":2122}","audit_id":"audit_1787197430313_kgcc"}
{"timestamp":"2026-08-20T03:55:19.827Z","action":"memory.get","actor":"若兰","target":"若兰","result":"success","detail":"{\"agent\":\"若兰\",\"count\":2122}","audit_id":"audit_1787198119827_43vi"}
{"timestamp":"2026-08-20T03:55:19.900Z","action":"memory.get","actor":"若兰","target":"若兰","result":"success","detail":"{\"agent\":\"若兰\",\"count\":2122}","audit_id":"audit_1787198119900_iea0"}
{"timestamp":"2026-08-20T03:55:19.956Z","action":"memory.get","actor":"若兰","target":"若兰","result":"success","detail":"{\"agent\":\"若兰\",\"count\":2122}","audit_id":"audit_1787198119956_e8n6"}
{"timestamp":"2026-08-20T03:55:19.995Z","action":"memory.add","actor":"daily-sync","target":"若兰","result":"success","detail":"{\"agent\":\"若兰\",\"type\":\"community\",\"structural_weight\":0.4}","audit_id":"audit_1787198119995_nx1e"}
{"timestamp":"2026-08-20T03:55:20.034Z","action":"memory.get","actor":"若兰","target":"若兰","result":"success","detail":"{\"agent\":\"若兰\",\"count\":2123}","audit_id":"audit_1787198120034_g37t"}
{"timestamp":"2026-08-20T03:55:23.572Z","action":"memory.get","actor":"若兰","target":"若兰","result":"success","detail":"{\"agent\":\"若兰\",\"count\":2123}","audit_id":"audit_1787198123572_xgfw"}
{"timestamp":"2026-08-20T03:55:23.633Z","action":"memory.get","actor":"若兰","target":"若兰","result":"success","detail":"{\"agent\":\"若兰\",\"count\":2123}","audit_id":"audit_1787198123633_n42e"}
{"timestamp":"2026-08-20T03:55:23.676Z","action":"memory.get","actor":"若兰","target":"若兰","result":"success","detail":"{\"agent\":\"若兰\",\"count\":2123}","audit_id":"audit_1787198123676_98th"}
{"timestamp":"2026-08-20T03:55:23.769Z","action":"memory.get","actor":"若兰","target":"若兰","result":"success","detail":"{\"agent\":\"若兰\",\"count\":2123}","audit_id":"audit_1787198123769_71t5"}
{"timestamp":"2026-08-20T03:55:23.816Z","action":"memory.get","actor":"若兰","target":"若兰","result":"success","detail":"{\"agent\":\"若兰\",\"count\":2123}","audit_id":"audit_1787198123816_oces"}
{"timestamp":"2026-08-20T03:55:23.863Z","action":"memory.get","actor":"若兰","target":"若兰","result":"success","detail":"{\"agent\":\"若兰\",\"count\":2123}","audit_id":"audit_1787198123863_95cg"}
{"timestamp":"2026-08-20T03:55:23.908Z","action":"memory.get","actor":"若兰","target":"若兰","result":"success","detail":"{\"agent\":\"若兰\",\"count\":2123}","audit_id":"audit_1787198123908_kvje"}
{"timestamp":"2026-08-20T03:55:23.960Z","action":"memory.get","actor":"若兰","target":"若兰","result":"success","detail":"{\"agent\":\"若兰\",\"count\":2123}","audit_id":"audit_1787198123960_a47t"}
{"timestamp":"2026-08-20T03:55:24.004Z","action":"memory.get","actor":"若兰","target":"若兰","result":"success","detail":"{\"agent\":\"若兰\",\"count\":2123}","audit_id":"audit_1787198124004_jw6n"}
{"timestamp":"2026-08-20T03:55:24.051Z","action":"memory.get","actor":"若兰","target":"若兰","result":"success","detail":"{\"agent\":\"若兰\",\"count\":2123}","audit_id":"audit_1787198124051_6jrb"}
{"timestamp":"2026-08-20T03:55:24.096Z","action":"memory.get","actor":"若兰","target":"若兰","result":"success","detail":"{\"agent\":\"若兰\",\"count\":2123}","audit_id":"audit_1787198124096_pnb9"}
{"timestamp":"2026-08-20T03:55:24.145Z","action":"memory.get","actor":"若兰","target":"若兰","result":"success","detail":"{\"agent\":\"若兰\",\"count\":2123}","audit_id":"audit_1787198124145_e53m"}
{"timestamp":"2026-08-20T03:55:24.201Z","action":"memory.get","actor":"若兰","target":"若兰","result":"success","detail":"{\"agent\":\"若兰\",\"count\":2123}","audit_id":"audit_1787198124201_3iy8"}
{"timestamp":"2026-08-20T03:55:24.241Z","action":"memory.get","actor":"若兰","target":"若兰","result":"success","detail":"{\"agent\":\"若兰\",\"count\":2123}","audit_id":"audit_1787198124241_ynl8"}
{"timestamp":"2026-08-20T03:55:24.281Z","action":"memory.get","actor":"若兰","target":"若兰","result":"success","detail":"{\"agent\":\"若兰\",\"count\":2123}","audit_id":"audit_1787198124281_mkrg"}
{"timestamp":"2026-08-20T03:55:24.349Z","action":"memory.get","actor":"若兰","target":"若兰","result":"success","detail":"{\"agent\":\"若兰\",\"count\":2123}","audit_id":"audit_1787198124349_w1yt"}
{"timestamp":"2026-08-20T03:55:24.408Z","action":"memory.get","actor":"若兰","target":"若兰","result":"success","detail":"{\"agent\":\"若兰\",\"count\":2123}","audit_id":"audit_1787198124408_3nwu"}
{"timestamp":"2026-08-20T03:55:24.505Z","action":"memory.get","actor":"若兰","target":"若兰","result":"success","detail":"{\"agent\":\"若兰\",\"count\":2123}","audit_id":"audit_1787198124505_dz2u"}
{"timestamp":"2026-08-20T03:55:24.547Z","action":"memory.get","actor":"若兰","target":"若兰","result":"success","detail":"{\"agent\":\"若兰\",\"count\":2123}","audit_id":"audit_1787198124547_0kmt"}
{"timestamp":"2026-08-20T03:55:24.587Z","action":"memory.get","actor":"若兰","target":"若兰","result":"success","detail":"{\"agent\":\"若兰\",\"count\":2123}","audit_id":"audit_1787198124587_5krx"}
{"timestamp":"2026-08-20T03:55:24.627Z","action":"memory.get","actor":"若兰","target":"若兰","result":"success","detail":"{\"agent\":\"若兰\",\"count\":2123}","audit_id":"audit_1787198124627_r0f6"}
{"timestamp":"2026-08-20T03:55:24.678Z","action":"memory.get","actor":"若兰","target":"若兰","result":"success","detail":"{\"agent\":\"若兰\",\"count\":2123}","audit_id":"audit_1787198124678_0j33"}
{"timestamp":"2026-08-20T03:55:24.718Z","action":"memory.get","actor":"若兰","target":"若兰","result":"success","detail":"{\"agent\":\"若兰\",\"count\":2123}","audit_id":"audit_1787198124718_9k09"}
{"timestamp":"2026-08-20T03:55:24.768Z","action":"memory.get","actor":"若兰","target":"若兰","result":"success","detail":"{\"agent\":\"若兰\",\"count\":2123}","audit_id":"audit_1787198124768_2cjs"}
{"timestamp":"2026-08-20T03:55:24.810Z","action":"memory.get","actor":"若兰","target":"若兰","result":"success","detail":"{\"agent\":\"若兰\",\"count\":2123}","audit_id":"audit_1787198124810_pd23"}
{"timestamp":"2026-08-20T03:55:24.906Z","action":"memory.get","actor":"若兰","target":"若兰","result":"success","detail":"{\"agent\":\"若兰\",\"count\":2123}","audit_id":"audit_1787198124906_uir9"}
{"timestamp":"2026-08-20T03:55:24.960Z","action":"memory.get","actor":"若兰","target":"若兰","result":"success","detail":"{\"agent\":\"若兰\",\"count\":2123}","audit_id":"audit_1787198124960_af0e"}
{"timestamp":"2026-08-20T03:55:24.986Z","action":"memory.add","actor":"daily-sync","target":"若兰","result":"success","detail":"{\"agent\":\"若兰\",\"type\":\"community\",\"structural_weight\":0.4}","audit_id":"audit_1787198124986_t61t"}
{"timestamp":"2026-08-20T03:55:25.025Z","action":"memory.get","actor":"若兰","target":"若兰","result":"success","detail":"{\"agent\":\"若兰\",\"count\":2124}","audit_id":"audit_1787198125026_3rh5"}
{"timestamp":"2026-08-20T03:55:25.092Z","action":"memory.get","actor":"若兰","target":"若兰","result":"success","detail":"{\"agent\":\"若兰\",\"count\":2124}","audit_id":"audit_1787198125092_sclc"}
{"timestamp":"2026-08-20T03:55:25.136Z","action":"memory.get","actor":"若兰","target":"若兰","result":"success","detail":"{\"agent\":\"若兰\",\"count\":2124}","audit_id":"audit_1787198125136_r050"}
{"timestamp":"2026-08-20T03:55:25.214Z","action":"memory.get","actor":"若兰","target":"若兰","result":"success","detail":"{\"agent\":\"若兰\",\"count\":2124}","audit_id":"audit_1787198125214_d0zq"}
{"timestamp":"2026-08-20T03:55:25.256Z","action":"memory.get","actor":"若兰","target":"若兰","result":"success","detail":"{\"agent\":\"若兰\",\"count\":2124}","audit_id":"audit_1787198125256_lvks"}
{"timestamp":"2026-08-20T03:55:25.558Z","action":"memory.add","actor":"daily-sync","target":"若兰","result":"success","detail":"{\"agent\":\"若兰\",\"type\":\"community\",\"structural_weight\":0.4}","audit_id":"audit_1787198125558_d1q5"}
{"timestamp":"2026-08-20T03:55:25.594Z","action":"memory.get","actor":"若兰","target":"若兰","result":"success","detail":"{\"agent\":\"若兰\",\"count\":2125}","audit_id":"audit_1787198125594_t1ie"}
{"timestamp":"2026-08-20T03:55:25.679Z","action":"memory.get","actor":"若兰","target":"若兰","result":"success","detail":"{\"agent\":\"若兰\",\"count\":2125}","audit_id":"audit_1787198125679_6hni"}
{"timestamp":"2026-08-20T03:55:25.723Z","action":"memory.get","actor":"若兰","target":"若兰","result":"success","detail":"{\"agent\":\"若兰\",\"count\":2125}","audit_id":"audit_1787198125723_4v1y"}
{"timestamp":"2026-08-20T03:55:25.775Z","action":"memory.get","actor":"若兰","target":"若兰","result":"success","detail":"{\"agent\":\"若兰\",\"count\":2125}","audit_id":"audit_1787198125775_v9eq"}
{"timestamp":"2026-08-20T03:55:25.872Z","action":"memory.get","actor":"若兰","target":"若兰","result":"success","detail":"{\"agent\":\"若兰\",\"count\":2125}","audit_id":"audit_1787198125872_5orh"}
{"timestamp":"2026-08-20T03:55:25.916Z","action":"memory.get","actor":"若兰","target":"若兰","result":"success","detail":"{\"agent\":\"若兰\",\"count\":2125}","audit_id":"audit_1787198125916_4skq"}
{"timestamp":"2026-08-20T03:55:25.993Z","action":"memory.get","actor":"若兰","target":"若兰","result":"success","detail":"{\"agent\":\"若兰\",\"count\":2125}","audit_id":"audit_1787198125993_nmgk"}
{"timestamp":"2026-08-20T03:55:26.032Z","action":"memory.get","actor":"若兰","target":"若兰","result":"success","detail":"{\"agent\":\"若兰\",\"count\":2125}","audit_id":"audit_1787198126032_jm8u"}
{"timestamp":"2026-08-20T03:55:26.118Z","action":"memory.get","actor":"若兰","target":"若兰","result":"success","detail":"{\"agent\":\"若兰\",\"count\":2125}","audit_id":"audit_1787198126118_4tsr"}
{"timestamp":"2026-08-20T03:55:26.198Z","action":"memory.get","actor":"若兰","target":"若兰","result":"success","detail":"{\"agent\":\"若兰\",\"count\":2125}","audit_id":"audit_1787198126198_henu"}
{"timestamp":"2026-08-20T03:55:26.226Z","action":"memory.add","actor":"daily-sync","target":"若兰","result":"success","detail":"{\"agent\":\"若兰\",\"type\":\"community\",\"structural_weight\":0.4}","audit_id":"audit_1787198126226_10wh"}
{"timestamp":"2026-08-20T03:55:26.262Z","action":"memory.get","actor":"若兰","target":"若兰","result":"success","detail":"{\"agent\":\"若兰\",\"count\":2126}","audit_id":"audit_1787198126262_qpi2"}
{"timestamp":"2026-08-20T03:55:26.336Z","action":"memory.get","actor":"若兰","target":"若兰","result":"success","detail":"{\"agent\":\"若兰\",\"count\":2126}","audit_id":"audit_1787198126336_avox"}
{"timestamp":"2026-08-20T03:55:26.376Z","action":"memory.get","actor":"若兰","target":"若兰","result":"success","detail":"{\"agent\":\"若兰\",\"count\":2126}","audit_id":"audit_1787198126376_d80d"}
{"timestamp":"2026-08-20T03:55:26.454Z","action":"memory.get","actor":"若兰","target":"若兰","result":"success","detail":"{\"agent\":\"若兰\",\"count\":2126}","audit_id":"audit_1787198126454_c9e2"}
{"timestamp":"2026-08-20T03:55:26.495Z","action":"memory.add","actor":"daily-sync","target":"若兰","result":"success","detail":"{\"agent\":\"若兰\",\"type\":\"community\",\"structural_weight\":0.4}","audit_id":"audit_1787198126495_boht"}
{"timestamp":"2026-08-20T03:55:26.544Z","action":"memory.get","actor":"若兰","target":"若兰","result":"success","detail":"{\"agent\":\"若兰\",\"count\":2127}","audit_id":"audit_1787198126544_4rgc"}
{"timestamp":"2026-08-20T03:55:26.636Z","action":"memory.get","actor":"若兰","target":"若兰","result":"success","detail":"{\"agent\":\"若兰\",\"count\":2127}","audit_id":"audit_1787198126636_fksq"}
{"timestamp":"2026-08-20T03:55:26.956Z","action":"memory.add","actor":"daily-sync","target":"若兰","result":"success","detail":"{\"agent\":\"若兰\",\"type\":\"community\",\"structural_weight\":0.4}","audit_id":"audit_1787198126956_a7av"}
{"timestamp":"2026-08-20T03:55:27.028Z","action":"memory.get","actor":"若兰","target":"若兰","result":"success","detail":"{\"agent\":\"若兰\",\"count\":2128}","audit_id":"audit_1787198127028_0zjk"}
{"timestamp":"2026-08-20T03:55:27.292Z","action":"memory.get","actor":"若兰","target":"若兰","result":"success","detail":"{\"agent\":\"若兰\",\"count\":2128}","audit_id":"audit_1787198127292_0o3u"}
{"timestamp":"2026-08-20T03:55:27.352Z","action":"memory.get","actor":"若兰","target":"若兰","result":"success","detail":"{\"agent\":\"若兰\",\"count\":2128}","audit_id":"audit_1787198127352_ihw9"}
{"timestamp":"2026-08-20T03:55:27.378Z","action":"memory.add","actor":"daily-sync","target":"若兰","result":"success","detail":"{\"agent\":\"若兰\",\"type\":\"community\",\"structural_weight\":0.4}","audit_id":"audit_1787198127378_om5x"}
{"timestamp":"2026-08-20T03:55:27.416Z","action":"memory.get","actor":"若兰","target":"若兰","result":"success","detail":"{\"agent\":\"若兰\",\"count\":2129}","audit_id":"audit_1787198127416_uc30"}
{"timestamp":"2026-08-20T03:55:27.486Z","action":"memory.get","actor":"若兰","target":"若兰","result":"success","detail":"{\"agent\":\"若兰\",\"count\":2129}","audit_id":"audit_1787198127486_22mq"}
{"timestamp":"2026-08-20T03:55:27.524Z","action":"memory.get","actor":"若兰","target":"若兰","result":"success","detail":"{\"agent\":\"若兰\",\"count\":2129}","audit_id":"audit_1787198127524_im6p"}
{"timestamp":"2026-08-20T03:55:27.615Z","action":"memory.get","actor":"若兰","target":"若兰","result":"success","detail":"{\"agent\":\"若兰\",\"count\":2129}","audit_id":"audit_1787198127615_4eig"}
{"timestamp":"2026-08-20T03:55:27.657Z","action":"memory.get","actor":"若兰","target":"若兰","result":"success","detail":"{\"agent\":\"若兰\",\"count\":2129}","audit_id":"audit_1787198127657_ky3v"}
{"timestamp":"2026-08-20T03:55:27.719Z","action":"memory.get","actor":"若兰","target":"若兰","result":"success","detail":"{\"agent\":\"若兰\",\"count\":2129}","audit_id":"audit_1787198127719_tx6w"}
{"timestamp":"2026-08-20T03:55:27.799Z","action":"memory.get","actor":"若兰","target":"若兰","result":"success","detail":"{\"agent\":\"若兰\",\"count\":2129}","audit_id":"audit_1787198127799_rxt4"}
{"timestamp":"2026-08-20T03:55:27.826Z","action":"memory.add","actor":"daily-sync","target":"若兰","result":"success","detail":"{\"agent\":\"若兰\",\"type\":\"community\",\"structural_weight\":0.4}","audit_id":"audit_1787198127826_96gb"}
{"timestamp":"2026-08-20T03:55:27.873Z","action":"memory.get","actor":"若兰","target":"若兰","result":"success","detail":"{\"agent\":\"若兰\",\"count\":2130}","audit_id":"audit_1787198127873_97nh"}
{"timestamp":"2026-08-20T03:55:27.951Z","action":"memory.get","actor":"若兰","target":"若兰","result":"success","detail":"{\"agent\":\"若兰\",\"count\":2130}","audit_id":"audit_1787198127951_rpmy"}
{"timestamp":"2026-08-20T03:55:27.992Z","action":"memory.get","actor":"若兰","target":"若兰","result":"success","detail":"{\"agent\":\"若兰\",\"count\":2130}","audit_id":"audit_1787198127993_tkq3"}
{"timestamp":"2026-08-20T03:55:28.252Z","action":"memory.get","actor":"若兰","target":"若兰","result":"success","detail":"{\"agent\":\"若兰\",\"count\":2130}","audit_id":"audit_1787198128252_jqcr"}
{"timestamp":"2026-08-20T03:55:28.349Z","action":"memory.get","actor":"若兰","target":"若兰","result":"success","detail":"{\"agent\":\"若兰\",\"count\":2130}","audit_id":"audit_1787198128349_l2fa"}
{"timestamp":"2026-08-20T03:55:28.395Z","action":"memory.get","actor":"若兰","target":"若兰","result":"success","detail":"{\"agent\":\"若兰\",\"count\":2130}","audit_id":"audit_1787198128395_ejep"}
{"timestamp":"2026-08-20T03:55:28.431Z","action":"memory.add","actor":"daily-sync","target":"若兰","result":"success","detail":"{\"agent\":\"若兰\",\"type\":\"community\",\"structural_weight\":0.4}","audit_id":"audit_1787198128431_677g"}
{"timestamp":"2026-08-20T03:55:28.465Z","action":"memory.get","actor":"若兰","target":"若兰","result":"success","detail":"{\"agent\":\"若兰\",\"count\":2131}","audit_id":"audit_1787198128465_2khx"}
{"timestamp":"2026-08-20T03:55:28.567Z","action":"memory.get","actor":"若兰","target":"若兰","result":"success","detail":"{\"agent\":\"若兰\",\"count\":2131}","audit_id":"audit_1787198128567_6n1v"}
{"timestamp":"2026-08-20T03:55:33.301Z","action":"memory.get","actor":"若兰","target":"若兰","result":"success","detail":"{\"agent\":\"若兰\",\"count\":2131}","audit_id":"audit_1787198133301_2eu5"}
{"timestamp":"2026-08-20T03:55:33.383Z","action":"memory.get","actor":"若兰","target":"若兰","result":"success","detail":"{\"agent\":\"若兰\",\"count\":2131}","audit_id":"audit_1787198133383_yqay"}
{"timestamp":"2026-08-20T03:55:33.430Z","action":"memory.get","actor":"若兰","target":"若兰","result":"success","detail":"{\"agent\":\"若兰\",\"count\":2131}","audit_id":"audit_1787198133430_5fpi"}
{"timestamp":"2026-08-20T03:55:33.468Z","action":"memory.get","actor":"若兰","target":"若兰","result":"success","detail":"{\"agent\":\"若兰\",\"count\":2131}","audit_id":"audit_1787198133468_uv0f"}
{"timestamp":"2026-08-20T04:04:56.110Z","action":"memory.get","actor":"若兰","target":"若兰","result":"success","detail":"{\"agent\":\"若兰\",\"count\":2131}","audit_id":"audit_1787198696110_domw"}
{"timestamp":"2026-08-20T04:04:56.229Z","action":"memory.get","actor":"若兰","target":"若兰","result":"success","detail":"{\"agent\":\"若兰\",\"count\":2131}","audit_id":"audit_1787198696229_o0nk"}
{"timestamp":"2026-08-20T04:04:59.509Z","action":"memory.get","actor":"若兰","target":"若兰","result":"success","detail":"{\"agent\":\"若兰\",\"count\":2131}","audit_id":"audit_1787198699509_8k3i"}
{"timestamp":"2026-08-20T04:04:59.605Z","action":"memory.get","actor":"若兰","target":"若兰","result":"success","detail":"{\"agent\":\"若兰\",\"count\":2131}","audit_id":"audit_1787198699605_dw77"}
{"timestamp":"2026-08-20T04:05:45.191Z","action":"memory.get","actor":"若兰","target":"若兰","result":"success","detail":"{\"agent\":\"若兰\",\"count\":2131}","audit_id":"audit_1787198745191_50td"}
{"timestamp":"2026-08-20T04:05:45.312Z","action":"memory.get","actor":"若兰","target":"若兰","result":"success","detail":"{\"agent\":\"若兰\",\"count\":2131}","audit_id":"audit_1787198745312_wnmk"}
{"timestamp":"2026-08-20T04:05:49.071Z","action":"memory.get","actor":"若兰","target":"若兰","result":"success","detail":"{\"agent\":\"若兰\",\"count\":2131}","audit_id":"audit_1787198749072_2pl9"}
{"timestamp":"2026-08-20T04:05:49.175Z","action":"memory.get","actor":"若兰","target":"若兰","result":"success","detail":"{\"agent\":\"若兰\",\"count\":2131}","audit_id":"audit_1787198749175_kp0w"}
{"timestamp":"2026-08-20T04:05:56.299Z","action":"memory.get","actor":"若兰","target":"若兰","result":"success","detail":"{\"agent\":\"若兰\",\"count\":2131}","audit_id":"audit_1787198756299_g70z"}
{"timestamp":"2026-08-20T04:05:56.416Z","action":"memory.get","actor":"若兰","target":"若兰","result":"success","detail":"{\"agent\":\"若兰\",\"count\":2131}","audit_id":"audit_1787198756416_fof6"}
{"timestamp":"2026-08-20T04:05:56.470Z","action":"memory.add","actor":"daily-sync","target":"若兰","result":"success","detail":"{\"agent\":\"若兰\",\"type\":\"community\",\"structural_weight\":0.4}","audit_id":"audit_1787198756470_xnti"}
{"timestamp":"2026-08-20T04:05:56.512Z","action":"memory.get","actor":"若兰","target":"若兰","result":"success","detail":"{\"agent\":\"若兰\",\"count\":2132}","audit_id":"audit_1787198756512_0iw0"}
{"timestamp":"2026-08-20T04:06:00.736Z","action":"memory.get","actor":"若兰","target":"若兰","result":"success","detail":"{\"agent\":\"若兰\",\"count\":2132}","audit_id":"audit_1787198760736_t0f0"}
{"timestamp":"2026-08-20T04:06:00.842Z","action":"memory.get","actor":"若兰","target":"若兰","result":"success","detail":"{\"agent\":\"若兰\",\"count\":2132}","audit_id":"audit_1787198760842_mihn"}
{"timestamp":"2026-08-20T04:06:00.884Z","action":"memory.get","actor":"若兰","target":"若兰","result":"success","detail":"{\"agent\":\"若兰\",\"count\":2132}","audit_id":"audit_1787198760884_anhw"}
{"timestamp":"2026-08-20T04:06:00.988Z","action":"memory.get","actor":"若兰","target":"若兰","result":"success","detail":"{\"agent\":\"若兰\",\"count\":2132}","audit_id":"audit_1787198760989_t3gx"}
{"timestamp":"2026-08-20T04:06:01.073Z","action":"memory.get","actor":"若兰","target":"若兰","result":"success","detail":"{\"agent\":\"若兰\",\"count\":2132}","audit_id":"audit_1787198761073_y5d1"}
{"timestamp":"2026-08-20T04:06:01.108Z","action":"memory.get","actor":"若兰","target":"若兰","result":"success","detail":"{\"agent\":\"若兰\",\"count\":2132}","audit_id":"audit_1787198761108_matg"}
